_id,date,dzongkhag,iso_3166,consumption_rural_residents_GWh,consumption_rural_cooperatives_GWh,consumption_rural_microtrades_GWh,consumption_rural_community_lhakhangs_GWh,consumption_highlands_GWh,consumption_urban_residents_GWh,consumption_religious_institutions_GWh,consumption_cottage_small_industries_GWh,consumption_commercial_GWh,consumption_industries_GWh,consumption_agriculture_GWh,consumption_institutions_GWh,consumption_street_lighting_GWh,consumption_power_house_auxiliaries_GWh,consumption_temporary_connections_GWh,consumption_lv_bulk_GWh,consumption_electric_vehicles_GWh,consumption_mv_industries_GWh,consumption_hv_industries_GWh,date_original,year,month
1,2015-01-01,BUMTHANG,BT-33,0.150213,0.0,0.0,0.0,0.0,0.164785,0.0,0.0,0.135545,0.011027,0.000725,0.135924,0.000657,0.0,0.030699,0.335198,0.0,0.0,0.0,1/31/2015,2015,1
20,2015-02-01,BUMTHANG,BT-33,0.180343,0.0,0.0,0.0,0.0,0.145985,0.0,0.0,0.131605,0.011023,0.000767,0.118924,0.001172,0.0,0.015163,0.222288,0.0,0.0,0.0,2/28/2015,2015,2
39,2015-03-01,BUMTHANG,BT-33,0.123408,0.0,0.0,0.0,0.0,0.137337,0.0,0.0,0.105805,0.005537,0.000581,0.132692,0.000523,0.0,0.021488,0.236616,0.0,0.0,0.0,3/31/2015,2015,3
58,2015-04-01,BUMTHANG,BT-33,0.13389,0.0,0.0,0.0,0.0,0.139746,0.0,0.0,0.124827,0.009708,0.000696,0.161768,0.000663,0.0,0.021724,0.288097,0.0,0.0,0.0,4/30/2015,2015,4
77,2015-05-01,BUMTHANG,BT-33,0.132694,0.0,0.0,0.0,0.0,0.14577,0.0,0.0,0.127902,0.010931,0.00076,0.147478,0.000734,0.0,0.02301,0.291709,0.0,0.0,0.0,5/31/2015,2015,5
96,2015-06-01,BUMTHANG,BT-33,0.125203,0.0,0.0,0.0,0.0,0.123725,0.0,0.0,0.104127,0.010307,0.000521,0.117777,0.000597,0.0,0.019391,0.194759,0.0,0.0,0.0,6/30/2015,2015,6
115,2015-07-01,BUMTHANG,BT-33,0.133484,0.0,0.0,0.0,0.0,0.128117,0.0,0.0,0.09014,0.009302,0.000472,0.10667,0.000574,0.0,0.018878,0.153531,0.0,0.0,0.0,7/31/2015,2015,7
134,2015-08-01,BUMTHANG,BT-33,0.131241,0.0,0.0,0.0,0.0,0.13115,0.0,0.0,0.091317,0.009094,0.000414,0.103798,0.000636,0.0,0.018817,0.132357,0.0,0.0,0.0,8/31/2015,2015,8
153,2015-09-01,BUMTHANG,BT-33,0.143142,0.0,0.0,0.0,0.0,0.128476,0.0,0.0,0.090132,0.009197,0.00063,0.106086,0.000636,0.0,0.01726,0.148323,0.0,0.0,0.0,9/30/2015,2015,9
172,2015-10-01,BUMTHANG,BT-33,0.148381,0.0,0.0,0.0,0.0,0.13364,0.0,0.0,0.102923,0.00783,0.000574,0.110676,0.000576,0.0,0.02671,0.188369,0.0,0.0,0.0,10/31/2015,2015,10
191,2015-11-01,BUMTHANG,BT-33,0.147722,0.0,0.0,0.0,0.0,0.156023,0.0,0.0,0.131158,0.009651,0.000704,0.140302,0.00082,0.0,0.028971,0.331164,0.0,0.0,0.0,11/30/2015,2015,11
210,2015-12-01,BUMTHANG,BT-33,0.147811,0.0,0.0,0.0,0.0,0.153478,0.0,0.0,0.143363,0.01046,0.001089,0.157722,0.000763,0.0,0.025607,0.298805,0.0,0.0,0.0,12/31/2015,2015,12
229,2016-01-01,BUMTHANG,BT-33,0.1543,0.0,0.0,0.0,0.0,0.176806,0.0,0.0,0.148772,0.017878,0.000879,0.164643,0.000821,0.0,0.032867,0.285147,0.0,0.0,0.0,1/31/2016,2016,1
248,2016-02-01,BUMTHANG,BT-33,0.14571,0.0,0.0,0.0,0.0,0.140593,0.0,0.0,0.10865,0.009535,0.000926,0.136882,0.000535,0.0,0.02329,0.21777,0.0,0.0,0.0,2/29/2016,2016,2
267,2016-03-01,BUMTHANG,BT-33,0.152904,0.0,0.0,0.0,0.0,0.146737,0.0,0.0,0.137679,0.009649,0.000869,0.152971,0.000444,0.0,0.019892,0.213585,0.0,0.0,0.0,3/31/2016,2016,3
286,2016-04-01,BUMTHANG,BT-33,0.145074,0.0,0.0,0.0,0.0,0.14732,0.0,0.0,0.138632,0.009855,0.000693,0.16877,0.00058,0.0,0.024922,0.334075,0.0,0.0,0.0,4/30/2016,2016,4
305,2016-05-01,BUMTHANG,BT-33,0.136526,0.0,0.0,0.0,0.0,0.139895,0.0,0.0,0.129469,0.009321,0.000721,0.142887,0.000576,0.0,0.033262,0.262981,0.0,0.0,0.0,5/31/2016,2016,5
324,2016-06-01,BUMTHANG,BT-33,0.125346,0.0,0.0,0.0,0.0,0.131051,0.0,0.0,0.107248,0.007442,0.000667,0.129784,0.000502,0.0,0.028508,0.198858,0.0,0.0,0.0,6/30/2016,2016,6
343,2016-07-01,BUMTHANG,BT-33,0.150008,0.0,0.0,0.0,0.0,0.141537,0.0,0.0,0.113012,0.009302,0.000769,0.133975,0.00038,0.0,0.025836,0.158757,0.0,0.0,0.0,7/31/2016,2016,7
362,2016-08-01,BUMTHANG,BT-33,0.141352,0.0,0.0,0.0,0.0,0.124934,0.0,0.0,0.095603,0.010542,0.00065,0.103723,0.000318,0.0,0.034811,0.114206,0.0,0.0,0.0,8/31/2016,2016,8
381,2016-09-01,BUMTHANG,BT-33,0.142533,0.0,0.0,0.0,0.0,0.130006,0.0,0.0,0.108131,0.00751,0.001057,0.112869,0.000302,0.0,0.034954,0.127176,0.0,0.0,0.0,9/30/2016,2016,9
400,2016-10-01,BUMTHANG,BT-33,0.146549,0.0,0.0,0.0,0.0,0.138408,0.0,0.0,0.109395,0.007164,0.000641,0.11741,0.000305,0.0,0.023122,0.183793,0.0,0.0,0.0,10/31/2016,2016,10
419,2016-11-01,BUMTHANG,BT-33,0.151473,0.0,0.0,0.0,0.0,0.14736,0.0,0.0,0.125128,0.009564,0.000828,0.168931,0.000416,0.0,0.031962,0.31331,0.0,0.0,0.0,11/30/2016,2016,11
438,2016-12-01,BUMTHANG,BT-33,0.172624,0.0,0.0,0.0,0.0,0.173739,0.0,0.0,0.172787,0.009701,0.001811,0.174384,0.000414,0.0,0.03269,0.336377,0.0,0.0,0.0,12/31/2016,2016,12
457,2017-01-01,BUMTHANG,BT-33,0.175442,0.000151,0.000199,0.002203,0.0,0.167032,0.078349,0.0,0.138297,0.007748,0.001674,0.111936,0.000534,0.0,0.029567,0.278487,0.0,0.0,0.0,1/31/2017,2017,1
476,2017-02-01,BUMTHANG,BT-33,0.154233,0.000155,0.000399,0.002455,0.0,0.154995,0.06943,0.0,0.123905,0.006578,0.001325,0.103493,0.000413,0.0,0.020498,0.216208,0.0,0.0,0.0,2/28/2017,2017,2
495,2017-03-01,BUMTHANG,BT-33,0.117717,7e-05,0.000136,0.002969,0.0,0.12439,0.048703,0.0,0.107191,0.004089,0.000954,0.088598,0.000881,0.0,0.013153,0.183552,0.0,0.0,0.0,3/31/2017,2017,3
514,2017-04-01,BUMTHANG,BT-33,0.133899,0.00029,0.000325,0.002403,0.0,0.142271,0.059638,0.0,0.104612,0.006039,0.003004,0.116537,0.001435,0.000916,0.020159,0.283124,0.0,0.0,0.0,4/30/2017,2017,4
533,2017-05-01,BUMTHANG,BT-33,0.182034,0.002276,0.00299,0.005605,0.0,0.159495,0.054791,0.0,0.082915,0.00851,0.003072,0.066701,0.003872,0.0014,0.020845,0.305734,0.0,0.0,0.0,5/31/2017,2017,5
552,2017-06-01,BUMTHANG,BT-33,0.174159,0.002037,0.003308,0.009934,0.0,0.161675,0.046046,0.0,0.080259,0.008073,0.003589,0.062859,0.004076,0.00086,0.01976,0.207895,0.0,0.0,0.0,6/30/2017,2017,6
571,2017-07-01,BUMTHANG,BT-33,0.1763,0.002106,0.003563,0.008061,0.0,0.149508,0.044174,0.0,0.070372,0.007666,0.004901,0.053016,0.003344,0.000839,0.020506,0.161141,0.0,0.0,0.0,7/31/2017,2017,7
590,2017-08-01,BUMTHANG,BT-33,0.185813,0.002162,0.003234,0.005166,0.0,0.148292,0.031296,0.0,0.068736,0.007356,0.003725,0.044556,0.003276,0.000764,0.019764,0.115092,0.0,0.0,0.0,8/31/2017,2017,8
609,2017-09-01,BUMTHANG,BT-33,0.184459,0.001956,0.003638,0.008719,0.0,0.150657,0.0352,0.0,0.073033,0.006874,0.002514,0.052375,0.003566,0.001214,0.019787,0.120659,0.0,0.0,0.0,9/30/2017,2017,9
628,2017-10-01,BUMTHANG,BT-33,0.173247,0.002909,0.003341,0.007812,0.0,0.151261,0.035151,0.0,0.067664,0.007728,0.00238,0.053643,0.003982,0.001312,0.01715,0.167471,0.0,0.0,0.0,10/31/2017,2017,10
647,2017-11-01,BUMTHANG,BT-33,0.201374,0.002521,0.003743,0.008156,0.0,0.171126,0.061114,0.0,0.085593,0.008841,0.004366,0.06241,0.003609,0.00139,0.02504,0.344208,0.0,0.0,0.0,11/30/2017,2017,11
666,2017-12-01,BUMTHANG,BT-33,0.200403,0.002258,0.003299,0.009837,0.0,0.178698,0.073427,0.0,0.10169,0.007862,0.004029,0.089858,0.00453,0.001627,0.038536,0.362544,0.0,0.0,0.0,12/31/2017,2017,12
685,2018-01-01,BUMTHANG,BT-33,0.200288,0.002563,0.004004,0.009954,0.0,0.187984,0.066452,0.0,0.106503,0.007231,0.003248,0.074471,0.005754,0.003366,0.03418,0.291987,0.0,0.0,0.0,1/31/2018,2018,1
704,2018-02-01,BUMTHANG,BT-33,0.203242,0.002395,0.003908,0.013432,0.0,0.170211,0.060378,0.0,0.102778,0.006315,0.004144,0.072204,0.003881,0.003355,0.023077,0.270117,0.0,0.0,0.0,2/28/2018,2018,2
723,2018-03-01,BUMTHANG,BT-33,0.200115,0.00178,0.003749,0.012945,0.0,0.163235,0.058127,0.0,0.089599,0.006013,0.002618,0.078783,0.003616,0.002127,0.020288,0.26437,0.0,0.0,0.0,3/31/2018,2018,3
742,2018-04-01,BUMTHANG,BT-33,0.189224,0.0028,0.003178,0.00867,0.0,0.170295,0.08345,0.0,0.10734,0.006301,0.002487,0.099856,0.003739,0.001572,0.031477,0.323444,0.0,0.0,0.0,4/30/2018,2018,4
761,2018-05-01,BUMTHANG,BT-33,0.201669,0.002385,0.003663,0.007852,0.0,0.172106,0.069179,0.0,0.093242,0.00668,0.002833,0.081354,0.005542,0.001872,0.036506,0.334912,0.0,0.0,0.0,5/31/2018,2018,5
780,2018-06-01,BUMTHANG,BT-33,0.183199,0.002311,0.00333,0.00767,0.0,0.170296,0.051384,0.0,0.078392,0.007941,0.003022,0.069739,0.003482,0.002378,0.030458,0.254281,0.0,0.0,0.0,6/30/2018,2018,6
799,2018-07-01,BUMTHANG,BT-33,0.179762,0.002342,0.003234,0.006655,0.0,0.141834,0.031839,0.0,0.082173,0.007544,0.002797,0.053882,0.00308,0.002289,0.020657,0.142181,0.0,0.0,0.0,7/31/2018,2018,7
818,2018-08-01,BUMTHANG,BT-33,0.191084,0.002794,0.003558,0.007039,0.0,0.153304,0.034842,0.0,0.076936,0.007287,0.003327,0.049188,0.003868,0.002146,0.025668,0.163735,0.0,0.0,0.0,8/31/2018,2018,8
837,2018-09-01,BUMTHANG,BT-33,0.190021,0.003013,0.003349,0.006106,0.0,0.147628,0.036267,0.0,0.074276,0.006103,0.002784,0.061077,0.003257,0.001879,0.021982,0.159633,0.0,0.0,0.0,9/30/2018,2018,9
856,2018-10-01,BUMTHANG,BT-33,0.198749,0.002788,0.003773,0.006908,0.0,0.157473,0.040474,0.0,0.08888,0.010515,0.002254,0.061949,0.003954,0.001772,0.026372,0.211466,0.0,0.0,0.0,10/31/2018,2018,10
875,2018-11-01,BUMTHANG,BT-33,0.219585,0.003181,0.004229,0.007481,0.0,0.192805,0.07173,0.0,0.101968,0.006484,0.003146,0.095866,0.005258,0.002497,0.035381,0.397859,0.0,0.0,0.0,11/30/2018,2018,11
894,2018-12-01,BUMTHANG,BT-33,0.227854,0.002642,0.003081,0.009108,0.0,0.187472,0.078739,0.0,0.110805,0.006491,0.00407,0.10136,0.004457,0.002509,0.037371,0.416333,0.0,0.0,0.0,12/31/2018,2018,12
913,2019-01-01,BUMTHANG,BT-33,0.239381,0.001778,0.004275,0.013725,0.0,0.197112,0.090892,0.0,0.117042,0.006098,0.004342,0.074079,0.005063,0.002787,0.039515,0.35969,0.0,0.0,0.0,1/31/2019,2019,1
932,2019-02-01,BUMTHANG,BT-33,0.222942,0.002301,0.003925,0.012845,0.0,0.186738,0.074107,0.0,0.115179,0.005616,0.004869,0.07389,0.004753,0.00276,0.030354,0.265613,0.0,0.0,0.0,2/28/2019,2019,2
951,2019-03-01,BUMTHANG,BT-33,0.194445,0.001158,0.003651,0.011667,0.0,0.188301,0.065998,0.0,0.082749,0.004019,0.003245,0.074116,0.003572,0.002009,0.020728,0.259928,0.0,0.0,0.0,3/31/2019,2019,3
970,2019-04-01,BUMTHANG,BT-33,0.203258,0.001689,0.004008,0.008945,0.0,0.17501,0.085626,0.0,0.104694,0.005847,0.003508,0.090321,0.004396,0.002248,0.028217,0.368684,0.0,0.0,0.0,4/30/2019,2019,4
989,2019-05-01,BUMTHANG,BT-33,0.216638,0.00188,0.00398,0.007701,0.0,0.175658,0.064111,0.0,0.090791,0.006465,0.004673,0.077002,0.004964,0.001656,0.037903,0.346497,0.0,0.0,0.0,5/31/2019,2019,5
1008,2019-06-01,BUMTHANG,BT-33,0.202483,0.001453,0.004138,0.007756,0.0,0.164547,0.039042,0.0,0.088001,0.005624,0.002981,0.097514,0.005017,0.002158,0.035612,0.238716,0.0,0.0,0.0,6/30/2019,2019,6
1027,2019-07-01,BUMTHANG,BT-33,0.191868,0.001826,0.003431,0.007879,0.0,0.146208,0.031669,0.0,0.071655,0.005785,0.008073,0.091442,0.004154,0.00195,0.025932,0.153596,0.0,0.0,0.0,7/31/2019,2019,7
1046,2019-08-01,BUMTHANG,BT-33,0.212558,0.002593,0.003431,0.007051,0.0,0.162175,0.034126,0.0,0.082556,0.00596,0.00359,0.104311,0.004495,0.001841,0.028609,0.140386,0.0,0.0,0.0,8/31/2019,2019,8
1065,2019-09-01,BUMTHANG,BT-33,0.213485,0.002315,0.004019,0.008442,0.0,0.153402,0.034825,0.0,0.074572,0.006095,0.003291,0.091231,0.00427,0.002103,0.024585,0.141848,0.0,0.0,0.0,9/30/2019,2019,9
1084,2019-10-01,BUMTHANG,BT-33,0.210004,0.001948,0.003297,0.007251,0.0,0.155889,0.035097,0.0,0.081784,0.006059,0.002478,0.100798,0.003476,0.001682,0.026171,0.188418,0.0,0.0,0.0,10/31/2019,2019,10
1103,2019-11-01,BUMTHANG,BT-33,0.236955,0.002649,0.003893,0.009467,0.0,0.186206,0.052693,0.0,0.112941,0.007579,0.006949,0.126918,0.00539,0.001743,0.034143,0.328588,0.0,0.0,0.0,11/30/2019,2019,11
1122,2019-12-01,BUMTHANG,BT-33,0.224941,0.001709,0.003731,0.010099,0.0,0.188397,0.066191,0.047255,0.075609,0.003151,0.003648,0.122061,0.005485,0.001969,0.02114,0.359391,0.0,0.0,0.0,12/31/2019,2019,12
1141,2020-01-01,BUMTHANG,BT-33,0.248028,0.001339,0.004947,0.014007,0.0,0.221022,0.085973,0.077715,0.069488,0.002723,0.006511,0.141775,0.006043,0.002141,0.029544,0.386155,0.0,0.0,0.0,1/31/2020,2020,1
1160,2020-02-01,BUMTHANG,BT-33,0.235933,0.001392,0.003584,0.01221,0.0,0.208415,0.074461,0.062291,0.065193,0.003572,0.00528,0.129103,0.003689,0.001684,0.025303,0.309266,0.0,0.0,0.0,2/29/2020,2020,2
1179,2020-03-01,BUMTHANG,BT-33,0.244625,0.001569,0.003441,0.012557,0.0,0.202559,0.064287,0.062938,0.061205,0.002057,0.004532,0.13806,0.003577,0.001846,0.019658,0.338739,0.0,0.0,0.0,3/31/2020,2020,3
1198,2020-04-01,BUMTHANG,BT-33,0.244635,0.001554,0.004201,0.009337,0.0,0.202512,0.077161,0.062074,0.057255,0.002387,0.003414,0.121024,0.003188,0.002133,0.020166,0.209439,0.0,0.0,0.0,4/30/2020,2020,4
1217,2020-05-01,BUMTHANG,BT-33,0.251296,0.001508,0.005115,0.010631,0.0,0.203403,0.083342,0.044503,0.052124,0.002281,0.00318,0.120773,0.003341,0.001642,0.022679,0.138598,0.0,0.0,0.0,5/31/2020,2020,5
1236,2020-06-01,BUMTHANG,BT-33,0.243002,0.001565,0.004182,0.011465,0.0,0.194295,0.064458,0.041631,0.041798,0.002524,0.006435,0.109346,0.002469,0.001729,0.021296,0.12652,0.0,0.0,0.0,6/30/2020,2020,6
1255,2020-07-01,BUMTHANG,BT-33,0.24238542,0.00162,0.003715,0.007718,0.0,0.174386,0.041584,0.03994,0.038651,0.002657,0.004285,0.096041,0.00329,0.001318,0.01405,0.104575,0.0,0.0,0.0,7/31/2020,2020,7
1274,2020-08-01,BUMTHANG,BT-33,0.23877315,0.001492,0.00434269,0.00990367,0.0,0.1708048,0.03899133,0.04328345,0.04154593,0.002193,0.003319,0.10030282,0.0031091,0.001105,0.02088974,0.10872508,0.0,0.0,0.0,8/31/2020,2020,8
1293,2020-09-01,BUMTHANG,BT-33,0.24897974,0.00157732,0.00412525,0.00980391,0.0,0.18637753,0.04883536,0.04207063,0.04151615,0.00248477,0.00473052,0.10204854,0.00298816,0.00139904,0.02143759,0.10235666,0.0,0.0,0.0,9/30/2020,2020,9
1312,2020-10-01,BUMTHANG,BT-33,0.2622895,0.00112968,0.00276956,0.00770442,0.0,0.18000864,0.03099031,0.03023008,0.03539092,0.00089523,0.00293948,0.09746964,0.00361474,0.00220296,0.01403291,0.08564126,0.0,0.0,0.0,10/31/2020,2020,10
1331,2020-11-01,BUMTHANG,BT-33,0.243672,0.001393,0.0031,0.008396,0.0,0.187568,0.06051,0.048625,0.044527,0.001683,0.00362,0.124909,0.003269,0.001844,0.018902,0.134247,0.0,0.0,0.0,11/30/2020,2020,11
1350,2020-12-01,BUMTHANG,BT-33,0.262502,0.001463,0.003582,0.012764,0.0,0.223089,0.092733,0.070212,0.058383,0.002353,0.003961,0.152873,0.004574,0.002148,0.029318,0.198002,0.0,0.0,0.0,12/31/2020,2020,12
1369,2021-01-01,BUMTHANG,BT-33,0.29878,0.001558,0.004142,0.014369,0.0,0.248129,0.117994,0.059193,0.049671,0.001888,0.007393,0.152094,0.003699,0.002173,0.037953,0.18053896,0.0,0.0,0.0,1/31/2021,2021,1
1388,2021-02-01,BUMTHANG,BT-33,0.282688,0.001419,0.003244,0.021795,0.0,0.257813,0.111649,0.079016,0.056902,0.00322,0.004148,0.171357,0.003378,0.002431,0.035744,0.24939704,0.0,0.0,0.0,2/28/2021,2021,2
1407,2021-03-01,BUMTHANG,BT-33,0.248246,0.00159,0.003052,0.018324,0.0,0.202542,0.086002,0.062628,0.055536,0.001986,0.003324,0.155046,0.002955,0.001784,0.02749,0.177639,0.0,0.0,0.0,3/31/2021,2021,3
1426,2021-04-01,BUMTHANG,BT-33,0.27006,0.001293,0.003116,0.011217,0.0,0.216293,0.091732,0.059136,0.056597,0.003296,0.002912,0.145341,0.002688,0.001851,0.027601,0.180025,0.0,0.0,0.0,4/30/2021,2021,4
1445,2021-05-01,BUMTHANG,BT-33,0.253535,0.001006,0.002872,0.01094,0.0,0.21835,0.073635,0.066358,0.057484,0.002794,0.004717,0.163208,0.002576,0.00173,0.027762,0.182679,0.0,0.0,0.0,5/31/2021,2021,5
1464,2021-06-01,BUMTHANG,BT-33,0.238876,0.00111,0.00281,0.009413,0.0,0.192886,0.054754,0.048829,0.052503,0.002494,0.003255,0.12065,0.003094,0.001382,0.018711,0.13905,0.0,0.0,0.0,6/30/2021,2021,6
1483,2021-07-01,BUMTHANG,BT-33,0.184307,0.001394,0.003292,0.009313,0.0,0.252751,0.041572,0.047943,0.047716,0.002345,0.0099,0.135737,0.00288,0.001364,0.017107,0.129931,0.0,0.0,0.0,7/31/2021,2021,7
1502,2021-08-01,BUMTHANG,BT-33,0.24389,0.001517,0.003353,0.009303,0.0,0.173858,0.038688,0.044295,0.048135,0.003132,0.004919,0.11318,0.002728,0.001406,0.019923,0.108628,0.0,0.0,0.0,8/31/2021,2021,8
1521,2021-09-01,BUMTHANG,BT-33,0.245027,0.001676,0.003341,0.009465,0.0,0.173957,0.040286,0.042308,0.046417,0.001781,0.003717,0.104631,0.003029,0.001283,0.023096,0.105444,0.0,0.0,0.0,9/30/2021,2021,9
1540,2021-10-01,BUMTHANG,BT-33,0.2465,0.001581,0.003246,0.010277,0.0,0.187633,0.037581,0.049709,0.049671,0.001776,0.003783,0.108747,0.002997,0.001408,0.024591,0.122463,0.0,0.0,0.0,10/31/2021,2021,10
1559,2021-11-01,BUMTHANG,BT-33,0.292749,0.001758,0.004315,0.013886,0.0,0.222596,0.062586,0.05805,0.056513,0.002226,0.010148,0.140644,0.003288,0.001455,0.033348,0.174422,0.0,0.0,0.0,11/30/2021,2021,11
1578,2021-12-01,BUMTHANG,BT-33,0.283628,0.001501,0.004068,0.018025,0.0,0.233144,0.091791,0.068678,0.062169,0.002966,0.006393,0.152916,0.003109,0.001752,0.029408,0.205883,0.0,0.0,0.0,12/31/2021,2021,12
1597,2022-01-01,BUMTHANG,BT-33,0.329142,0.001638,0.004431,0.025965,0.0,0.283704,0.108819,0.086617,0.071961,0.002006,0.00696,0.153496,0.004663,0.001831,0.038525,0.212792,0.0,0.0,0.0,1/31/2022,2022,1
1615,2022-02-01,BUMTHANG,BT-33,0.337365,0.002119,0.003469,0.022642,0.0,0.263181,0.103323,0.067344,0.06544555,0.002598,0.00511,0.16305875,0.003581,0.001731,0.034072,0.209172,0.0,0.0,0.0,2/28/2022,2022,2
1633,2022-03-01,BUMTHANG,BT-33,0.27793,0.002313,0.003617,0.019765,0.0,0.236387,0.085482,0.058368,0.06199736,0.001721,0.006353,0.13180625,0.006356,0.001927,0.02346,0.16382,0.0,0.0,0.0,3/31/2022,2022,3
1651,2022-04-01,BUMTHANG,BT-33,0.285577,0.001566,0.003841,0.01761,0.0,0.224636,0.061965,0.050285,0.05185709,0.002645,0.007555,0.140339,0.009546,0.001855,0.023248,0.142403,0.0,0.0,0.0,4/30/2022,2022,4
1669,2022-05-01,BUMTHANG,BT-33,0.284881,0.001499,0.004057,0.012954,0.0,0.218808,0.058205,0.056764,0.05648165,0.002494,0.005533,0.12711309,0.0106,0.00123,0.023989,0.155846,0.0,0.0,0.0,5/31/2022,2022,5
1687,2022-06-01,BUMTHANG,BT-33,0.2684,0.001746,0.003593,0.011523,0.0,0.21177187,0.048859,0.051679,0.05216435,0.002277,0.008274,0.12724391,0.007078,0.00138,0.023882,0.144964,0.0,0.0,0.0,6/30/2022,2022,6
1705,2022-07-01,BUMTHANG,BT-33,0.26152591,0.00175,0.004075,0.012599,0.0,0.19373513,0.045753,0.046562,0.049976,0.002286,0.003758,0.111653,0.00888,0.001793,0.021061,0.129394,0.0,0.0,0.0,7/31/2022,2022,7
1723,2022-08-01,BUMTHANG,BT-33,0.27236009,0.00167,0.003496,0.011033,0.0,0.19305264,0.040832,0.048863,0.053688,0.001527,0.005021,0.11941692,0.006717,0.001655,0.0252,0.11971,0.0,0.0,0.0,8/31/2022,2022,8
1741,2022-09-01,BUMTHANG,BT-33,0.316232,0.001704,0.003916,0.014393,0.0,0.20518236,0.051717,0.050464,0.056885,0.001845,0.005385,0.12680008,0.011297,0.002613,0.024862,0.14998,0.0,0.0,0.0,9/30/2022,2022,9
1759,2022-10-01,BUMTHANG,BT-33,0.279728,0.00173,0.003015,0.010147,0.0,0.208137,0.045362,0.050713,0.053875,0.001498,0.002515,0.122349,0.007462,0.001578,0.023297,0.163851,0.0,0.0,0.0,10/31/2022,2022,10
1777,2022-11-01,BUMTHANG,BT-33,0.3228806,0.001956,0.003418,0.0157,0.0,0.22712775,0.06648,0.067719,0.066479,0.001717,0.001293,0.144017,0.013773,0.002848,0.039003,0.311586,0.0,0.0,0.0,11/30/2022,2022,11
1795,2022-12-01,BUMTHANG,BT-33,0.31753777,0.002273,0.003659,0.021227,0.0,0.27918023,0.078626,0.07775,0.07373541,0.001961,0.001249,0.17548487,0.010435,0.002062,0.055087,0.339776,0.0,0.0,0.0,12/31/2022,2022,12
1813,2023-01-01,BUMTHANG,BT-33,0.3459405,0.001701,0.003297,0.024421,0.0,0.29067698,0.110664,0.077277,0.0795505,0.002484,0.001219,0.18906293,0.012501,0.001916,0.063945,0.333167,0.0,0.0,0.0,1/31/2023,2023,1
1831,2023-02-01,BUMTHANG,BT-33,0.32534396,0.001765,0.00385,0.02195,0.0,0.25184404,0.07955,0.062333,0.07427928,0.002409,0.000744,0.16511238,0.010029,0.0017,0.022653,0.249343,0.0,0.0,0.0,2/28/2023,2023,2
1849,2023-03-01,BUMTHANG,BT-33,0.30829744,0.000964,0.00333,0.019307,0.0,0.232703,0.075719,0.06363,0.07099349,0.001679,0.000847,0.16067082,0.008131,0.001417,0.027452,0.230649,0.0,0.0,0.0,3/31/2023,2023,3
1867,2023-04-01,BUMTHANG,BT-33,0.32606938,0.001455,0.003779,0.015597,0.0,0.260249,0.089422,0.075478,0.07558075,0.001531,0.001057,0.187727,0.010679,0.001566,0.036807,0.3607,0.0,0.0,0.0,4/30/2023,2023,4
1885,2023-05-01,BUMTHANG,BT-33,0.3247622,0.001613,0.003609,0.014881,0.0,0.226913,0.086343,0.061166,0.06878257,0.001339,0.000813,0.170631,0.008782,0.001001,0.04597,0.343257,0.0009,0.0,0.0,5/31/2023,2023,5
1903,2023-06-01,BUMTHANG,BT-33,0.28955563,0.001909,0.00311,0.013462,0.0,0.244841,0.062128,0.06309,0.063275,0.001744,0.005773,0.157546,0.009318,0.001281,0.042834,0.295683,0.00102,0.0,0.0,6/30/2023,2023,6
1921,2023-07-01,BUMTHANG,BT-33,0.28740405,0.001604,0.003738,0.014078,0.0,0.196003,0.055984,0.048297,0.058847,0.002023,0.00304,0.120198,0.007622,0.001196,0.042256,0.179865,0.0015,0.0,0.0,7/31/2023,2023,7
1939,2023-08-01,BUMTHANG,BT-33,0.30474947,0.001597,0.003584,0.012367,0.0,0.197236,0.048848,0.047971,0.055593,0.001693,0.003007,0.116227,0.009361,0.001564,0.040181,0.130096,0.00162,0.0,0.0,8/31/2023,2023,8
1957,2023-09-01,BUMTHANG,BT-33,0.285474,0.001855,0.003544,0.00905,0.0,0.198684,0.048569,0.046077,0.055309,0.001568,0.001405,0.118377,0.008208,0.001606,0.028248,0.158497,0.00138,0.0,0.0,9/30/2023,2023,9
1975,2023-10-01,BUMTHANG,BT-33,0.288049,0.001849,0.003273,0.012326,0.0,0.209977,0.051754,0.051688,0.059094,0.001444,0.001569,0.126568,0.008371,0.001637,0.033203,0.207569,0.0012,0.0,0.0,10/31/2023,2023,10
1993,2023-11-01,BUMTHANG,BT-33,0.32925529,0.002196,0.003553,0.020178,0.0,0.260042,0.073811,0.079737,0.067832,0.001491,0.001123,0.172886,0.009195,0.001593,0.04235,0.357755,0.00144,0.0,0.0,11/30/2023,2023,11
2011,2023-12-01,BUMTHANG,BT-33,0.33561888,0.001606,0.003783,0.020766,0.0,0.261915,0.088374,0.059866,0.069493,0.001281,0.001329,0.196372,0.008848,0.002544,0.046688,0.366084,0.001938,0.0,0.0,12/31/2023,2023,12
2029,2024-01-01,BUMTHANG,BT-33,0.35881652,0.002223,0.004041,0.017573,0.0,0.270304,0.124598,0.069056,0.07992787,0.001844,0.001299,0.197381,0.011578,0.001765,0.046969,0.292009,0.000605,0.0,0.0,1/31/2024,2024,1
2047,2024-02-01,BUMTHANG,BT-33,0.36001083,0.002222,0.003454,0.02199,0.0,0.271551,0.112788,0.06695,0.07854565,0.001203,0.00113,0.186819,0.010572,0.002049,0.034023,0.275203,0.001582,0.0,0.0,2/29/2024,2024,2
2065,2024-03-01,BUMTHANG,BT-33,0.32400748,0.001515,0.003363,0.022933,0.0,0.256974,0.104848,0.064954,0.06985248,0.001628,0.001022,0.192804,0.006048,0.002545,0.030172,0.325778,0.000503,0.0,0.0,3/31/2024,2024,3
2083,2024-04-01,BUMTHANG,BT-33,0.304473,0.002143,0.003613,0.01423,0.0,0.26890156,0.092191,0.076688,0.07511,0.001777,0.004147,0.190821,0.009668,0.001148,0.037497,0.383651,0.000863,0.0,0.0,4/30/2024,2024,4
2101,2024-05-01,BUMTHANG,BT-33,0.304473,0.002143,0.003613,0.01423,0.0,0.26890156,0.092191,0.076688,0.07511,0.001777,0.004147,0.190821,0.009668,0.001148,0.037497,0.383651,0.000863,0.0,0.0,5/31/2024,2024,5
2119,2024-06-01,BUMTHANG,BT-33,0.3093,0.001772,0.003038,0.015344,0.0,0.237123,0.065527,0.057697,0.063422,0.00139,0.008399,0.139963,0.008109,0.001306,0.029069,0.277518,0.000562,0.0,0.0,6/30/2024,2024,6
2137,2024-07-01,BUMTHANG,BT-33,0.29346202,0.001983,0.003465,0.010052,0.0,0.204087,0.048617,0.046062,0.055407,0.001152,0.004246,0.130279,0.008955,0.001148,0.025497,0.172451,0.000366,0.0,0.0,7/31/2024,2024,7
2155,2024-08-01,BUMTHANG,BT-33,0.30210598,0.001637,0.003247,0.01135,0.0,0.211417,0.047628,0.048292,0.061171,0.001361,0.006825,0.130887,0.009961,0.00126,0.030157,0.143582,0.000451,0.0,0.0,8/31/2024,2024,8
2173,2024-09-01,BUMTHANG,BT-33,0.30215,0.001567,0.003543,0.010633,0.0,0.20626778,0.050841,0.046633,0.060343,0.002106,0.003288,0.140755,0.007763,0.001274,0.031301,0.177331,0.00042,0.0,0.0,9/30/2024,2024,9
2191,2024-10-01,BUMTHANG,BT-33,0.292577,0.001843,0.002705,0.010067,0.0,0.21893024,0.055355,0.032551,0.046734,0.001954,0.002584,0.148149,0.00859,0.001518,0.026705,0.196196,0.00042,0.0,0.0,10/31/2024,2024,10
2209,2024-11-01,BUMTHANG,BT-33,0.354314,0.00179,0.003929,0.01584,0.0,0.29623898,0.077574,0.060664,0.065237,0.002641,0.001404,0.192901,0.00947,0.003389,0.037955,0.416271,0.00066,0.0,0.0,11/30/2024,2024,11
2227,2024-12-01,BUMTHANG,BT-33,0.361784,0.002432,0.004153,0.024322,0.0,0.324423,0.092953,0.060812,0.065677,0.00309,0.001371,0.205819,0.011016,0.00235,0.041623,0.373857,0.00036,0.0,0.0,12/31/2024,2024,12
2245,2025-01-01,BUMTHANG,BT-33,0.365214,0.002068,0.002584,0.022692,0.0,0.356169,0.127348,0.056712,0.076439,0.003789,0.001154,0.202087,0.00914,0.00242,0.033825,0.376485,0.00066,0.0,0.0,1/31/2025,2025,1
2264,2025-02-01,BUMTHANG,BT-33,0.36096,0.001669,0.002924,0.021428,0.0,0.306635,0.090198,0.037109,0.077496,0.004072,0.000715,0.177797,0.01066,0.002932,0.027296,0.235295,0.00084,0.0,0.0,2/28/2025,2025,2
2283,2025-03-01,BUMTHANG,BT-33,0.351996,0.00195,0.002714,0.017836,0.0,0.336775,0.098952,0.042171,0.070889,0.002423,0.001661,0.190744,0.008832,0.002171,0.028506,0.314772,0.00114,0.0,0.0,3/31/2025,2025,3
2302,2025-04-01,BUMTHANG,BT-33,0.350771,0.003319,0.002803,0.017394,,0.313765,0.085959,0.056782,0.075688,0.002264,0.002547,0.187068,0.008958,0.002397,0.035639,0.43751,0.00096,0.0,0.0,4/30/2025,2025,4
2321,2025-05-01,BUMTHANG,BT-33,0.342145,0.002434,0.003437,0.014424,,0.315392,0.083445,0.053791,0.070047,0.001978,0.001422,0.188552,0.009464,0.001885,0.040061,0.398175,0.00096,0.0,0.0,5/31/2025,2025,5
2340,2025-06-01,BUMTHANG,BT-33,0.312324,0.002067,0.003015,0.011678,,0.269726,0.075802,0.040475,0.067733,0.002103,0.006549,0.151248,0.007387,0.001918,0.036529,0.28173,0.00108,0.0,0.0,6/1/2025,2025,6
2359,2025-07-01,BUMTHANG,BT-33,0.301684,0.001761,0.002867,0.011364,,0.240929,0.06015,0.028532,0.065851,0.002267,0.003713,0.148595,0.008198,0.001745,0.031946,0.180807,0.0015,0.0,0.0,7/1/2025,2025,7
2378,2025-08-01,BUMTHANG,BT-33,0.323489,0.002365,0.003334,0.011478,,0.235295,0.055028,0.027413,0.066801,0.001691,0.004032,0.135239,0.00742,0.000937,0.039092,0.150358,0.00144,0.0,,8/1/2025,2025,8
2397,2025-09-01,BUMTHANG,BT-33,0.323739,0.001833,0.002952,0.010786,,0.242341,0.068088,0.028215,0.070465,0.00178,0.001413,0.151459,0.008046,0.001158,0.042728,0.1867,0.00138,0.0,0.0,9/1/2025,2025,9
2416,2025-10-01,BUMTHANG,BT-33,0.345232,0.002431,0.003728,0.011898,,0.267375,0.051413,0.034458,0.067471,0.001848,0.002468,0.160402,0.010457,0.002196,0.036659,0.27687,0.00192,0.0,0.0,10/1/2025,2025,10
2435,2025-11-01,BUMTHANG,BT-33,0.399225,0.002488,0.003965,0.018735,,0.324258,0.067725,0.054304,0.076413,0.002375,0.001806,0.170771,0.008531,0.003904,0.033422,0.438178,0.0015,0.0,0.0,11/1/2025,2025,11
2454,2025-12-01,BUMTHANG,BT-33,0.387126,0.001726,0.00241,0.024831,,0.356383,0.098334,0.067493,0.080942,0.002881,0.001444,0.225481,0.012188,0.005596,0.03,0.52627,0.00204,0.0,,12/1/2025,2025,12
2,2015-01-01,CHUKHA,BT-12,0.433964,0.0,0.0,0.0,0.0,1.319552,0.0,0.0,0.390073,0.363049,0.001349,0.867578,0.071951,0.007724,0.104532,0.340018,0.0,3.561765,114.682066,1/31/2015,2015,1
21,2015-02-01,CHUKHA,BT-12,0.433411,0.0,0.0,0.0,0.0,1.20869105,0.0,0.0,0.43962079,0.30252882,0.001394,0.80161995,0.061831,0.007492,0.09561,0.311748,0.0,3.652263,84.062485,2/28/2015,2015,2
40,2015-03-01,CHUKHA,BT-12,0.479025,0.0,0.0,0.0,0.0,1.092186,0.0,0.0,0.358854,0.324979,0.001596,0.831868,0.055425,0.006932,0.081891,0.369813,0.0,4.571316,96.14715,3/31/2015,2015,3
59,2015-04-01,CHUKHA,BT-12,0.403124,0.0,0.0,0.0,0.0,1.222455,0.0,0.0,0.462967,0.348308,0.001223,0.996454,0.059882,0.005911,0.092105,0.377435,0.0,4.321918,96.90126,4/30/2015,2015,4
78,2015-05-01,CHUKHA,BT-12,0.395809,0.0,0.0,0.0,0.0,1.198863,0.0,0.0,0.445863,0.36347,0.000783,0.949436,0.051037,0.008015,0.097666,0.355538,0.0,3.487216,111.449941,5/31/2015,2015,5
97,2015-06-01,CHUKHA,BT-12,0.440719,0.0,0.0,0.0,0.0,1.307673,0.0,0.0,0.517209,0.344439,0.00086,0.96735,0.049949,0.004027,0.093598,0.290362,0.0,2.646283,111.489943,6/30/2015,2015,6
116,2015-07-01,CHUKHA,BT-12,0.384422,0.0,0.0,0.0,0.0,1.366779,0.0,0.0,0.50681,0.366242,0.000576,0.998598,0.044846,0.004447,0.106574,0.293831,0.0,2.668176,110.767328,7/31/2015,2015,7
135,2015-08-01,CHUKHA,BT-12,0.458444,0.0,0.0,0.0,0.0,1.40492,0.0,0.0,0.503282,0.314389,0.001071,0.981794,0.046983,0.003709,0.106006,0.302214,0.0,2.79957,104.261256,8/31/2015,2015,8
154,2015-09-01,CHUKHA,BT-12,0.415486,0.0,0.0,0.0,0.0,1.352421,0.0,0.0,0.480825,0.309884,0.000682,1.052785,0.049162,0.003617,0.138278,0.317681,0.0,2.65002,100.569335,9/30/2015,2015,9
173,2015-10-01,CHUKHA,BT-12,0.478085,0.0,0.0,0.0,0.0,1.408086,0.0,0.0,0.509874,0.258257,0.000693,0.975487,0.046934,0.004967,0.124924,0.26317,0.0,3.170051,108.10795,10/31/2015,2015,10
192,2015-11-01,CHUKHA,BT-12,0.497666,0.0,0.0,0.0,0.0,1.268195,0.0,0.0,0.468909,0.285064,0.000842,1.04549,0.064933,0.00562,0.10663,0.288092,0.0,2.912597,102.069375,11/30/2015,2015,11
211,2015-12-01,CHUKHA,BT-12,0.472931,0.0,0.0,0.0,0.0,1.198689,0.0,0.0,0.439681,0.359755,0.0023,0.910195,0.055999,0.005316,0.105629,0.393626,0.0,3.072267,107.609465,12/31/2015,2015,12
230,2016-01-01,CHUKHA,BT-12,0.495664,0.0,0.0,0.0,0.0,1.335668,0.0,0.0,0.452972,0.36659,0.002942,0.898352,0.069408,0.008485,0.112339,0.385344,0.0,3.026053,95.442032,1/31/2016,2016,1
249,2016-02-01,CHUKHA,BT-12,0.55718872,0.0,0.0,0.0,0.0,1.32739949,0.0,0.0,0.46026621,0.34944565,0.002056,0.91314228,0.067333,0.007246,0.11797516,0.358455,0.0,2.693036,96.317945,2/29/2016,2016,2
268,2016-03-01,CHUKHA,BT-12,0.467409,0.0,0.0,0.0,0.0,1.120021,0.0,0.0,0.385904,0.272073,0.002043,0.867082,0.055033,0.005917,0.090563,0.373831,0.0,2.71215,93.637692,3/31/2016,2016,3
287,2016-04-01,CHUKHA,BT-12,0.484947,0.0,0.0,0.0,0.0,1.326927,0.0,0.0,0.517566,0.363811,0.002253,1.100316,0.061036,0.006037,0.118635,0.434459,0.0,2.571214,87.922379,4/30/2016,2016,4
306,2016-05-01,CHUKHA,BT-12,0.414805,0.0,0.0,0.0,0.0,1.258912,0.0,0.0,0.480691,0.37306,0.001764,0.998822,0.051467,0.00529,0.111625,0.366343,0.0,3.803922,97.364454,5/31/2016,2016,5
325,2016-06-01,CHUKHA,BT-12,0.438437,0.0,0.0,0.0,0.0,1.366093,0.0,0.0,0.575157,0.392609,0.002066,0.999206,0.051655,0.004912,0.119274,0.30945,0.0,4.173037,93.730525,6/30/2016,2016,6
344,2016-07-01,CHUKHA,BT-12,0.460955,0.0,0.0,0.0,0.0,1.419421,0.0,0.0,0.5482,0.420463,0.002084,1.03837,0.045537,0.004072,0.123571,0.30569,0.0,4.096086,95.134205,7/31/2016,2016,7
363,2016-08-01,CHUKHA,BT-12,0.455762,0.0,0.0,0.0,0.0,1.533203,0.0,0.0,0.532572,0.384097,0.002727,0.956669,0.060627,0.003841,0.101875,0.273164,0.0,4.374682,103.54289,8/31/2016,2016,8
382,2016-09-01,CHUKHA,BT-12,0.494928,0.0,0.0,0.0,0.0,1.614593,0.0,0.0,0.562409,0.29067,0.002178,1.125421,0.066626,0.004304,0.122756,0.307921,0.0,4.048411,100.74481,9/30/2016,2016,9
401,2016-10-01,CHUKHA,BT-12,0.465139,0.0,0.0,0.0,0.0,1.534587,0.0,0.0,0.580694,0.32707,0.002349,1.07736,0.068686,0.00474,0.124038,0.303202,0.0,3.844174,104.01256,10/31/2016,2016,10
420,2016-11-01,CHUKHA,BT-12,0.471425,0.0,0.0,0.0,0.0,1.477821,0.0,0.0,0.748953,0.255039,0.002768,0.984793,0.074352,0.004289,0.120873,0.36048,0.0,3.855652,85.86732,11/30/2016,2016,11
439,2016-12-01,CHUKHA,BT-12,0.558558,0.0,0.0,0.0,0.0,1.379011,0.0,0.0,0.455092,0.405872,0.003337,0.955567,0.081795,0.005674,0.120182,0.347863,0.0,3.970015,86.25787,12/31/2016,2016,12
458,2017-01-01,CHUKHA,BT-12,0.575257,0.000167,0.0,0.003442,0.0,1.589566,0.028773,0.0,0.595887,0.317266,0.00383,0.990501,0.089736,0.007298,0.171633,0.402223,0.0,3.704602,97.4613,1/31/2017,2017,1
477,2017-02-01,CHUKHA,BT-12,0.512291,0.000302,0.00434,0.003247,0.0,1.48216,0.030877,0.0,0.543195,0.33934,0.003572,0.812966,0.07731,0.006657,0.197778,0.330321,0.0,4.147521,86.5421,2/28/2017,2017,2
496,2017-03-01,CHUKHA,BT-12,0.496786,9e-06,0.004469,0.003633,0.0,1.446633,0.018031,0.0,0.462392,0.362363,0.003298,0.76553,0.069041,0.006864,0.176962,0.372872,0.0,4.616947,109.115,3/31/2017,2017,3
515,2017-04-01,CHUKHA,BT-12,0.488907,0.00018,0.00505,0.004577,0.0,1.427024,0.02706,0.0,0.666351,0.42635,0.002693,0.922442,0.074502,0.006727,0.189527,0.429535,0.0,4.17018354,103.714,4/30/2017,2017,4
534,2017-05-01,CHUKHA,BT-12,0.468467,0.000555,0.004981,0.008308,0.0,1.332111,0.020453,0.0,0.738674,0.383106,0.002938,0.897697,0.061329,0.006032,0.147347,0.367629,0.0,4.45678023,114.94,5/31/2017,2017,5
553,2017-06-01,CHUKHA,BT-12,0.480716,0.000164,0.005481,0.007228,0.0,1.339041,0.019416,0.0,0.901188,0.43846,0.002742,0.947941,0.061984,0.004002,0.179309,0.353583,0.0,3.37083395,111.451,6/30/2017,2017,6
572,2017-07-01,CHUKHA,BT-12,0.49012,0.000107,0.005373,0.006306,0.0,1.496621,0.014884,0.0,0.830439,0.414971,0.002106,0.8341,0.064,0.003974,0.190346,0.357908,0.0,2.81216931,112.492,7/31/2017,2017,7
591,2017-08-01,CHUKHA,BT-12,0.521594,0.001343,0.004968,0.00694,0.0,1.407398,0.013988,0.0,0.887513,0.354012,0.001918,0.706834,0.056062,0.004027,0.15543,0.380774,0.0,4.10321697,113.039,8/31/2017,2017,8
610,2017-09-01,CHUKHA,BT-12,0.494852,0.001555,0.004966,0.005856,0.0,1.463716,0.011818,0.0,0.861614,0.39282,0.001397,0.678932,0.063569,0.003859,0.17323,0.383002,0.0,2.8667053,105.362902,9/30/2017,2017,9
629,2017-10-01,CHUKHA,BT-12,0.524331,0.001303,0.005605,0.005923,0.0,1.391733,0.01411,0.0,0.904414,0.341369,0.003074,0.74285,0.064123,0.004207,0.170829,0.420684,0.0,4.55480625,120.24846,10/31/2017,2017,10
648,2017-11-01,CHUKHA,BT-12,0.549677,0.001165,0.005594,0.006333,0.0,1.43102,0.018825,0.0,0.845018,0.356592,0.002384,0.709519,0.075726,0.004843,0.184175,0.416377,0.0,4.00601331,113.204986,11/30/2017,2017,11
667,2017-12-01,CHUKHA,BT-12,0.525263,0.001832,0.004479,0.006719,0.0,1.394007,0.029438,0.0,0.724443,0.379766,0.002127,0.61782,0.077708,0.005632,0.21605,0.42163,0.0,3.27428565,116.506282,12/31/2017,2017,12
686,2018-01-01,CHUKHA,BT-12,0.559469,0.001236,0.005667,0.007121,0.0,1.455345,0.030565,0.0,0.729835,0.402809,0.002658,0.624759,0.077165,0.005253,0.218071,0.38925,0.0,3.9199563,116.04548,1/31/2018,2018,1
705,2018-02-01,CHUKHA,BT-12,0.590133,0.002947,0.005648,0.006196,0.0,1.45265,0.028153,0.0,0.690854,0.373185,0.004064,0.595739,0.076894,0.006121,0.202425,0.423291,0.0,3.87447661,107.000713,2/28/2018,2018,2
724,2018-03-01,CHUKHA,BT-12,0.521609,0.002259,0.005423,0.00813,0.0,1.378531,0.025393,0.0,0.625787,0.398424,0.002713,0.576949,0.067026,0.005223,0.192378,0.403441,0.0,4.37715799,120.764698,3/31/2018,2018,3
743,2018-04-01,CHUKHA,BT-12,0.508608,0.001876,0.005002,0.008188,0.0,1.459292,0.028367,0.0,0.778876,0.436813,0.004363,0.706207,0.067173,0.006128,0.232613,0.461388,0.0,3.31493499,117.196105,4/30/2018,2018,4
762,2018-05-01,CHUKHA,BT-12,0.517561,0.00127,0.004987,0.007027,0.0,1.352473,0.024512,0.0,0.879536,0.435293,0.003953,0.656832,0.064555,0.004198,0.205735,0.439375,0.0,3.156451,118.332078,5/31/2018,2018,5
781,2018-06-01,CHUKHA,BT-12,0.493099,0.001492,0.004133,0.007154,0.0,1.416298,0.022202,0.0,0.914797,0.360184,0.00263,0.724216,0.057873,0.004307,0.187573,0.45633,0.0,3.99552996,114.287317,6/30/2018,2018,6
800,2018-07-01,CHUKHA,BT-12,0.527502,0.001548,0.004694,0.005809,0.0,1.380759,0.017002,0.0,0.930918,0.431859,0.002576,0.761497,0.054593,0.003054,0.195413,0.347684,0.0,4.55602398,112.753204,7/31/2018,2018,7
819,2018-08-01,CHUKHA,BT-12,0.55163,0.002393,0.005383,0.005652,0.0,1.433174,0.014476,0.0,1.035656,0.457556,0.004504,0.760452,0.055368,0.002746,0.204447,0.374378,0.0,4.646247,120.049477,8/31/2018,2018,8
838,2018-09-01,CHUKHA,BT-12,0.587103,0.001635,0.005709,0.005796,0.0,1.396745,0.014317,0.0,1.042804,0.406672,0.005208,0.798076,0.068019,0.002719,0.184661,0.469299,0.0,4.354778,109.804008,9/30/2018,2018,9
857,2018-10-01,CHUKHA,BT-12,0.528979,0.001504,0.005368,0.005933,0.0,1.341151,0.018158,0.0,0.910145,0.367144,0.003323,0.768633,0.068281,0.003589,0.177994,0.395282,0.0,4.551873,118.757433,10/31/2018,2018,10
876,2018-11-01,CHUKHA,BT-12,0.589179,0.001989,0.005699,0.006833,0.0,1.33767,0.026653,0.0,0.870418,0.387699,0.005642,0.715014,0.080841,0.004399,0.200206,0.417493,0.0,4.066891,116.729645,11/30/2018,2018,11
895,2018-12-01,CHUKHA,BT-12,0.583479,0.001921,0.006777,0.007703,0.0,1.353481,0.031944,0.0,0.750383,0.337707,0.004702,0.666844,0.076337,0.004966,0.201541,0.438701,0.0,4.70961,123.692359,12/31/2018,2018,12
914,2019-01-01,CHUKHA,BT-12,0.591222,0.001897,0.006643,0.009076,0.0,1.357502,0.037404,0.0,0.75599819,0.369983,0.004303,0.68151832,0.083051035,0.00559,0.229417,0.468861,0.0,4.342918,106.530329,1/31/2019,2019,1
933,2019-02-01,CHUKHA,BT-12,0.647543,0.001954,0.007097,0.008476,0.0,1.36729,0.032391,0.0,0.773756916,0.4077,0.003729,0.702766187,0.090384809,0.005922,0.216739686,0.453277,0.0,4.571055,88.313341,2/28/2019,2019,2
952,2019-03-01,CHUKHA,BT-12,0.552658,0.001532,0.006713,0.008645,0.0,1.290398,0.030695,0.0,0.642914395,0.351721,0.001668,0.61428871,0.076404332,0.005358,0.188140677,0.443542,0.0,4.69228,108.766143,3/31/2019,2019,3
971,2019-04-01,CHUKHA,BT-12,0.567536,0.001488,0.005943,0.00736,0.0,1.426785,0.033964,0.0,0.802997634,0.38128,0.002844,0.794114114,0.083374555,0.007903,0.200908364,0.510653,0.0,5.002011,112.728758,4/30/2019,2019,4
990,2019-05-01,CHUKHA,BT-12,0.562611,0.002516,0.005145,0.007015,0.0,1.351409,0.028351,0.0,1.027689709,0.514422,0.003778,0.821744933,0.074763757,0.006748,0.217209038,0.476328,0.0,4.736366,120.741298,5/31/2019,2019,5
1009,2019-06-01,CHUKHA,BT-12,0.542292,0.001534,0.005882,0.006503,0.0,1.324302,0.019797,0.0,0.992001988,0.473951,0.002192,0.848280095,0.079165,0.006991,0.227570363,0.47539,0.0,3.853525,111.698164,6/30/2019,2019,6
1028,2019-07-01,CHUKHA,BT-12,0.558426,0.0012,0.004319,0.005961,0.0,1.392505,0.016869,0.0,1.086687337,0.494082,0.002334,0.823153805,0.072337,0.005897,0.220015025,0.377993,0.0,4.832892,110.009192,7/31/2019,2019,7
1047,2019-08-01,CHUKHA,BT-12,0.568852,0.001454,0.005268,0.005696,0.0,1.395985,0.014848,0.0,1.007129774,0.500951,0.00282,0.893953725,0.071254,0.008438,0.225222353,0.43089,0.0,4.604982,110.124782,8/31/2019,2019,8
1066,2019-09-01,CHUKHA,BT-12,0.611373,0.000942,0.006056,0.006075,0.0,1.507436,0.016347,0.0,1.054110449,0.459411,0.002866,0.961737422,0.083087,0.008005,0.240938376,0.454501,0.0,4.468651,109.627739,9/30/2019,2019,9
1085,2019-10-01,CHUKHA,BT-12,0.606943,0.001332,0.005867,0.006786,0.0,1.37333,0.015315,0.0,1.065884462,0.410869,0.0045,0.91386321,0.083266,0.008949,0.217272698,0.461917,0.0,4.824559,106.600627,10/31/2019,2019,10
1104,2019-11-01,CHUKHA,BT-12,0.713154,0.001819,0.006605,0.006934,0.0,1.367412,0.02776,0.0,0.908298432,0.328724,0.003462,0.808661696,0.091667,0.007277,0.229853359,0.448171,0.0,5.643641,109.776624,11/30/2019,2019,11
1123,2019-12-01,CHUKHA,BT-12,0.593849,0.00177,0.006157,0.007376,0.0,1.331919,0.026708,0.0,0.807568897,0.39889,0.004294,0.737800759,0.094227,0.008885,0.228830714,0.523351,0.0,3.177327,109.5844,12/31/2019,2019,12
1142,2020-01-01,CHUKHA,BT-12,0.648073,0.003015,0.009124,0.010451,0.0,1.363327,0.04082,0.009369,0.745857057,0.388954,0.003701,0.709524806,0.095305,0.010815,0.227584692,0.479081,0.0,3.533035,95.4775,1/31/2020,2020,1
1161,2020-02-01,CHUKHA,BT-12,0.662169,0.002309,0.009715,0.009641,0.0,1.461416,0.029654,0.020799,0.789097774,0.345156,0.001533,0.743539108,0.102198,0.009329,0.235882409,0.523402,0.0,3.575325,96.8834,2/29/2020,2020,2
1180,2020-03-01,CHUKHA,BT-12,0.616152,0.001901,0.007071,0.0086,0.0,1.422931,0.029178,0.024849,0.702672753,0.378316,0.00293,0.717466604,0.103445,0.007692,0.213567378,0.512077,0.0,3.832774,105.4911,3/31/2020,2020,3
1199,2020-04-01,CHUKHA,BT-12,0.622997,0.001966,0.00689,0.012482,0.0,1.469787,0.031557,0.024558,0.699924753,0.386355,0.002934,0.782091724,0.096796,0.00755,0.204807352,0.526104,0.0,1.972709,94.0167,4/30/2020,2020,4
1218,2020-05-01,CHUKHA,BT-12,0.601477,0.00156,0.005919,0.007641,0.0,1.282498,0.026521,0.021815,0.609242702,0.28265,0.001257,0.859806914,0.090557,0.007247,0.211733344,0.399245,0.0,2.828825,97.5167,5/31/2020,2020,5
1237,2020-06-01,CHUKHA,BT-12,0.617384,0.002526,0.006091,0.008686,0.0,1.370127,0.019081,0.022174,0.640842576,0.332466,0.000677,0.83761373,0.082558,0.007141,0.183337007,0.376268,0.0,2.993196,89.3328,6/30/2020,2020,6
1256,2020-07-01,CHUKHA,BT-12,0.64102608,0.0034,0.008328,0.007299,0.0,1.42231637,0.015529,0.023066,0.747161795,0.364466,0.002607,0.99966607,0.081552,0.005654,0.20652134,0.40007,0.0,2.6776,89.2809,7/31/2020,2020,7
1275,2020-08-01,CHUKHA,BT-12,0.6159107,0.00510932,0.00792509,0.00580302,0.0,1.39727368,0.01333885,0.02172949,0.715763705,0.38779339,0.00155981,0.842022865,0.07730499,0.007671,0.1884359,0.3853651,0.0,1.82038339,87.1701,8/31/2020,2020,8
1294,2020-09-01,CHUKHA,BT-12,0.63900549,0.00406644,0.00763564,0.0074459,0.0,1.47634084,0.01610402,0.02259011,0.707493814,0.2933943,0.00173523,0.851260772,0.08717122,0.00825653,0.1878239,0.39432631,0.0,2.01469661,74.4401,9/30/2020,2020,9
1313,2020-10-01,CHUKHA,BT-12,0.69424729,0.00349924,0.00861367,0.00510408,0.0,1.84099489,0.01141613,0.0139184,0.654740503,0.12264764,0.00972396,0.85836884,0.09093556,0.00971747,0.173128136,0.4526525,0.0,2.658007,76.5343,10/31/2020,2020,10
1332,2020-11-01,CHUKHA,BT-12,0.64390568,0.004077,0.010687,0.007477,0.0,1.36634696,0.015536,0.023015,0.6860076,0.34862494,0.001013,0.821757,0.100569,0.007941,0.193839029,0.42399941,0.0,2.54033,67.3599,11/30/2020,2020,11
1351,2020-12-01,CHUKHA,BT-12,0.61976071,0.003968,0.010199,0.008177,0.0,1.23830833,0.023727,0.025682,0.57343412,0.281161,0.000864,0.807258,0.11547,0.010087,0.173797709,0.47372968,0.0,2.31018,85.753,12/31/2020,2020,12
1370,2021-01-01,CHUKHA,BT-12,0.72647885,0.00601582,0.01079787,0.009868,0.0,1.79891504,0.037706,0.0274074,0.58955179,0.22300545,0.00570184,1.02824944,0.11920996,0.01282634,0.21221191,0.69414438,0.0,2.263736,93.1647,1/31/2021,2021,1
1389,2021-02-01,CHUKHA,BT-12,0.60701756,0.00553418,0.00741213,0.007293,0.0,1.40120663,0.026442,0.0218556,0.46026814,0.34068155,0.00442316,0.68485256,0.09518604,0.00886966,0.16613086,0.60210262,0.0,2.174101,72.8146,2/28/2021,2021,2
1408,2021-03-01,CHUKHA,BT-12,0.62059314,0.00469,0.008869,0.008822,0.0,1.332003,0.028814,0.024166,0.473741,0.33386,0.002267,0.80802,0.094906,0.009306,0.19639834,0.425483,0.0,2.831145,95.5647,3/31/2021,2021,3
1427,2021-04-01,CHUKHA,BT-12,0.6399786,0.007623,0.009424,0.008485,0.0,1.4356212,0.031183,0.02624,0.72780104,0.324488,0.003729,0.91198634,0.099842,0.008529,0.30111297,0.444216,0.0,2.454918,96.7068,4/30/2021,2021,4
1446,2021-05-01,CHUKHA,BT-12,0.6034067,0.0042585,0.007424,0.007476,0.0,1.52081164,0.020286,0.02238875,0.66135694,0.32956425,0.002808,0.91088327,0.0847375,0.008883,0.26017123,0.426552,0.0,2.517425,89.1487,5/31/2021,2021,5
1465,2021-06-01,CHUKHA,BT-12,0.62202882,0.0068765,0.008282,0.007502,0.0,1.48440412,0.016141,0.02223475,0.65052239,0.34028332,0.002944,0.88702608,0.08754933,0.00761,0.24515599,0.422575,0.0,1.937571,98.2433,6/30/2021,2021,6
1484,2021-07-01,CHUKHA,BT-12,0.68394872,0.0077345,0.008494,0.005897,0.0,1.49447002,0.013916,0.02345375,0.66003223,0.28675191,0.0043155,0.92203454,0.08907084,0.014744,0.24186776,0.38333476,0.0,1.966079,96.424,7/31/2021,2021,7
1503,2021-08-01,CHUKHA,BT-12,0.63048396,0.0079395,0.009019,0.005943,0.0,1.40181858,0.011755,0.01926575,0.65711905,0.28721852,0.0041475,0.90062774,0.08568083,0.006591,0.26632375,0.3395355,0.0,2.454481,102.3066,8/31/2021,2021,8
1522,2021-09-01,CHUKHA,BT-12,0.6566999,0.009483,0.008465,0.00611,0.0,1.26382989,0.00975,0.023137,0.70253538,0.421486,0.002571,0.79011414,0.0887425,0.007928,0.24678615,0.353635,0.0,2.541404,93.3917,9/30/2021,2021,9
1541,2021-10-01,CHUKHA,BT-12,0.663296,0.01071,0.009138,0.005526,0.0,1.32834426,0.013567,0.022273,0.76274207,0.283454,0.003975,0.90686915,0.098296,0.008179,0.17762567,0.405042,0.0,2.434747,97.0342,10/31/2021,2021,10
1560,2021-11-01,CHUKHA,BT-12,0.650207,0.008184,0.007812,0.006902,0.0,1.33492529,0.016779,0.024237,0.66189529,0.326119,0.003711,0.87639914,0.102309,0.008176,0.23918902,0.381149,0.0,2.207678,101.049,11/30/2021,2021,11
1579,2021-12-01,CHUKHA,BT-12,0.682737,0.009732,0.007712,0.006953,0.0,1.403626,0.029531,0.026982,0.63493129,0.270528,0.004088,0.887935,0.113332,0.009765,0.24205767,0.451365,0.0,2.441906,104.0238,12/31/2021,2021,12
1598,2022-01-01,CHUKHA,BT-12,0.80862193,0.012088,0.011566,0.01054,0.0,1.50881755,0.037761,0.033306,0.65718414,0.297072,0.003824,0.905135,0.12848753,0.009185,0.264872184,0.429808,0.0,2.453684,103.625212,1/31/2022,2022,1
1616,2022-02-01,CHUKHA,BT-12,0.74865126,0.006305,0.008574,0.00805,0.0,1.47458312,0.035608,0.024218,0.55548546,0.20372445,0.005039,0.86321233,0.10530425,0.010585,0.269576624,0.41957,0.0,2.031036,93.924,2/28/2022,2022,2
1634,2022-03-01,CHUKHA,BT-12,0.5946202,0.00288,0.007614,0.008315,0.0,1.25052268,0.020429,0.017867,0.44992315,0.20355729,0.002819,0.68019889,0.08585064,0.008589,0.205146207,0.3970498,0.0,2.359859,105.501988,3/31/2022,2022,3
1652,2022-04-01,CHUKHA,BT-12,0.73488489,0.004625,0.009029,0.006841,0.0,1.40837739,0.022252,0.023143,0.846107323,0.30577626,0.003582,0.99367436,0.11028758,0.008313,0.337120003,0.4260352,0.0,2.714981,98.072,4/30/2022,2022,4
1670,2022-05-01,CHUKHA,BT-12,0.67485983,0.005274,0.009577,0.008782,0.0,1.42825229,0.019976,0.026077,0.75687296,0.37941,0.00206,0.91191841,0.097806,0.007915,0.243449646,0.398344,0.0,2.471579,94.3466,5/31/2022,2022,5
1688,2022-06-01,CHUKHA,BT-12,0.66628175,0.00615,0.00842,0.006605,0.0,1.52603506,0.016635,0.025484,0.91612264,0.400342,0.004328,0.99351269,0.093665,0.008023,0.304569714,0.400565,0.0,2.441638,91.9767,6/30/2022,2022,6
1706,2022-07-01,CHUKHA,BT-12,0.71604723,0.008425,0.00994,0.006586,0.0,1.41024826,0.018337,0.024776,0.78421251,0.415772,0.006085,0.95493084,0.0884685,0.008102,0.294451684,0.350731,0.0,2.924181,92.9614,7/31/2022,2022,7
1724,2022-08-01,CHUKHA,BT-12,0.72102607,0.008852,0.009358,0.00697,0.0,1.52633861,0.013642,0.026697,0.92115674,0.453645,0.004839,1.04031909,0.0900465,0.007668,0.295528477,0.3436,0.0,2.796456,96.5309,8/31/2022,2022,8
1742,2022-09-01,CHUKHA,BT-12,0.73455449,0.01262,0.009456,0.00686,0.0,1.62600847,0.015499,0.029095,1.00820999,0.4806,0.004948,1.07700839,0.100694,0.007063,0.301862557,0.438231,0.0,2.855358,97.1657,9/30/2022,2022,9
1760,2022-10-01,CHUKHA,BT-12,0.641386,0.007098,0.007933,0.006222,0.0,1.46262026,0.014609,0.023728,0.86481897,0.392688,0.003808,0.991093,0.091973,0.006474,0.251362358,0.349582,0.0,5.353208,105.523,10/31/2022,2022,10
1778,2022-11-01,CHUKHA,BT-12,0.67137351,0.009613,0.008128,0.005701,0.0,1.41062103,0.022799,0.025841,0.83258542,0.239799,0.0039,0.95569049,0.115965,0.007811,0.265952017,0.400909,0.0,7.855939,105.5326,11/30/2022,2022,11
1796,2022-12-01,CHUKHA,BT-12,0.65135002,0.008183,0.007746,0.006774,0.0,1.40591758,0.022446,0.027523,0.77112293,0.277298,0.003185,0.92223951,0.121004,0.010561,0.231061716,0.409521,0.0,12.577362,99.19,12/31/2022,2022,12
1814,2023-01-01,CHUKHA,BT-12,0.84879699,0.007475,0.008295,0.0091,0.0,1.51582014,0.032795,0.03384,0.7458703,0.301421,0.002521,0.95311452,0.114725,0.0109,0.28911801,0.379743,0.019649,13.140952,103.4766,1/31/2023,2023,1
1832,2023-02-01,CHUKHA,BT-12,0.68810233,0.005546,0.007732,0.009472,0.0,1.43158651,0.033333,0.029348,0.7352738,0.306969,0.003628,0.88733848,0.11273,0.010049,0.278836697,0.364627,0.019121,12.051116,98.72268,2/28/2023,2023,2
1850,2023-03-01,CHUKHA,BT-12,0.68122977,0.006801,0.009371,0.009371,0.0,1.43662589,0.024199,0.032096,0.71470531,0.309867,0.002532,0.89217368,0.099799,0.007851,0.24505601,0.415351,0.021889,13.411554,99.64229,3/31/2023,2023,3
1868,2023-04-01,CHUKHA,BT-12,0.69940165,0.007972,0.008427,0.010261,0.0,1.54294022,0.028152,0.031997,0.82453341,0.387362,0.004161,1.02688232,0.111441,0.008105,0.27557769,0.454933,0.028,12.726741,89.02543,4/30/2023,2023,4
1886,2023-05-01,CHUKHA,BT-12,0.66549238,0.007361,0.007359,0.008384,0.0,1.48520579,0.020744,0.028057,1.00919632,0.354031,0.004818,1.081987,0.094672,0.010673,0.35138502,0.428745,0.029518,13.46732125,113.4217,5/31/2023,2023,5
1904,2023-06-01,CHUKHA,BT-12,0.66116159,0.011724,0.007233,0.009548,0.0,1.55572096,0.017956,0.027494,1.09625532,0.356736,0.002995,1.13962296,0.090437,0.009934,0.297937347,0.431473,0.03027,12.5225605,92.6032,6/30/2023,2023,6
1922,2023-07-01,CHUKHA,BT-12,0.68734736,0.015217,0.007455,0.007303,0.0,1.48372704,0.0186,0.03037,1.03855469,0.383322,0.007169,1.07541104,0.083916,0.008139,0.30714602,0.369289,0.031847,13.354329,109.5183,7/31/2023,2023,7
1940,2023-08-01,CHUKHA,BT-12,0.81089373,0.009502,0.007947,0.007089,0.0,1.64810577,0.016589,0.02622,1.109727,0.293181,0.006925,1.143842,0.091382,0.008224,0.31237402,0.403035,0.029754,4.2821085,163.751862,8/31/2023,2023,8
1958,2023-09-01,CHUKHA,BT-12,0.744705,0.009201,0.008523,0.00676,0.0,1.69788258,0.012218,0.028683,1.159163,0.338429,0.00472,1.262119,0.093849,0.009185,0.340372,0.450712,0.025141,3.8851075,189.221246,9/30/2023,2023,9
1976,2023-10-01,CHUKHA,BT-12,0.757436,0.011459,0.007612,0.006783,0.0,1.62688112,0.01776,0.027747,1.1815295,0.2928785,0.005093,1.20903,0.106666,0.008423,0.336336,0.42488,0.027827,4.41756995,205.234561,10/31/2023,2023,10
1994,2023-11-01,CHUKHA,BT-12,0.700743,0.012278,0.008472,0.0074,0.0,1.48162547,0.026364,0.027774,0.989326,0.3139545,0.002849,1.105777,0.113004,0.008133,0.295001,0.426393,0.029783,2.78912775,199.439982,11/30/2023,2023,11
2012,2023-12-01,CHUKHA,BT-12,0.715328,0.013306,0.009974,0.007915,0.0,1.51055694,0.028851,0.02934,0.890477,0.3020935,0.007166,1.055411,0.1116,0.007836,0.291602,0.415939,0.023557,2.9370083,207.3019017,12/31/2023,2023,12
2030,2024-01-01,CHUKHA,BT-12,0.787244,0.013346,0.008302,0.008859,0.0,1.5317519,0.040574,0.033098,0.827344,0.316326,0.009093,0.990959,0.117316,0.008604,0.28911,0.509601,0.031714,3.0153275,197.3574494,1/31/2024,2024,1
2048,2024-02-01,CHUKHA,BT-12,0.796425,0.009981,0.008567,0.010088,0.0,1.66652549,0.038271,0.037549,0.85171149,0.31802883,0.012788,1.064281,0.11925,0.010603,0.30831861,0.524356,0.02616,3.34976075,189.2513059,2/29/2024,2024,2
2066,2024-03-01,CHUKHA,BT-12,0.767588,0.015271,0.008944,0.010492,0.0,1.63964244,0.038119,0.033554,0.82828038,0.28418467,0.013587,1.01244,0.106208,0.008834,0.28592139,0.576603,0.022,3.37757675,192.2291015,3/31/2024,2024,3
2084,2024-04-01,CHUKHA,BT-12,0.73599,0.013817,0.009591,0.010891,0.0,1.57019222,0.040042,0.027854,0.94330023,0.35048438,0.012453,1.1315926,0.106498,0.007802,0.311904,0.587413,0.036526,3.299432,223.30688,4/30/2024,2024,4
2102,2024-05-01,CHUKHA,BT-12,0.71504941,0.01594,0.007402,0.007592,0.0,1.55461804,0.021661,0.026235,1.12324356,0.31198962,0.009512,1.17146498,0.101998,0.007369,0.3114855,0.535241,0.023672,3.6559685,229.9381623,5/31/2024,2024,5
2120,2024-06-01,CHUKHA,BT-12,0.72767187,0.010073,0.019534,0.007931,0.0,1.6760459,0.02219,0.026213,1.28463707,0.362965,0.007376,1.23485452,0.09159,0.006848,0.32465,0.484906,0.0244,3.701449,221.6451364,6/30/2024,2024,6
2138,2024-07-01,CHUKHA,BT-12,0.76236172,0.013788,0.007602,0.007332,0.0,1.6720671,0.021618,0.025384,1.18651626,0.335028,0.003712,1.155371,0.087793,0.007334,0.313893,0.461074,0.027353,3.5466223,233.0374894,7/31/2024,2024,7
2156,2024-08-01,CHUKHA,BT-12,0.775604,0.016885,0.008233,0.008149,0.0,1.76832421,0.016624,0.024884,1.1465452,0.347978,0.005915,1.225561,0.086217,0.006397,0.291071,0.560325,0.024203,3.70132165,232.342018,8/31/2024,2024,8
2174,2024-09-01,CHUKHA,BT-12,0.77088525,0.015486,0.008057,0.008177,0.0,1.73166727,0.017965,0.02532,1.20850057,0.293154,0.007756,1.286074,0.09265,0.00668,0.3553662,0.584006,0.026446,3.57607504,220.4962441,9/30/2024,2024,9
2192,2024-10-01,CHUKHA,BT-12,0.76769671,0.014112,0.00878,0.008394,0.0,1.72379861,0.021908,0.026956,1.17522457,0.33161,0.008386,1.22627668,0.094707,0.006922,0.313567,0.531312,0.023813,3.87482776,232.5193817,10/31/2024,2024,10
2210,2024-11-01,CHUKHA,BT-12,0.80465204,0.02002,0.0077,0.009048,0.0,1.59195203,0.032956,0.028059,1.08944349,0.335512,0.007171,1.137543,0.108647,0.007329,0.323276,0.542211,0.027503,4.8355975,223.8776608,11/30/2024,2024,11
2228,2024-12-01,CHUKHA,BT-12,0.78197472,0.021096,0.007061,0.013594,0.0,1.55894148,0.042006,0.028075,0.88468223,0.331504,0.008326,1.08700132,0.110514,0.007071,0.286643,0.547738,0.024093,4.66268025,236.9841878,12/31/2024,2024,12
2246,2025-01-01,CHUKHA,BT-12,0.83781909,0.025157,0.008913,0.012856,0.0,1.57421964,0.043959,0.029514,0.87334495,0.284753,0.012833,1.018961,0.10849,0.008103,0.284727,0.485148,0.031509,4.35278791,209.8736873,1/31/2025,2025,1
2265,2025-02-01,CHUKHA,BT-12,0.82104098,0.020322,0.007552,0.010145,0.0,1.75415006,0.039404,0.029457,0.94726781,0.339001,0.013801,1.091415,0.122959,0.007815,0.303372,0.499723,0.031578,3.767653758,181.2109657,2/28/2025,2025,2
2284,2025-03-01,CHUKHA,BT-12,0.80551443,0.026625,0.007377,0.011327,0.0,1.47053892,0.032848,0.029629,0.79110604,0.2798,0.010454,1.010012,0.099925,0.006991,0.285542,0.497043,0.02655,4.74874508,169.0583381,3/31/2025,2025,3
2303,2025-04-01,CHUKHA,BT-12,0.78529345,0.020838,0.007274,0.01271,,1.71597422,0.043544,0.029765,1.08831886,0.345971,0.013879,1.189197,0.107955,0.008192,0.305844,0.546056,0.029968,4.70730375,206.0217861,4/30/2025,2025,4
2322,2025-05-01,CHUKHA,BT-12,0.77401732,0.018532,0.008567,0.01097,,1.61825318,0.035489,0.025642,1.22872603,0.380731,0.008978,1.192728,0.096464,0.00752,0.29566,0.559135,0.03035,4.64430085,214.9162672,5/31/2025,2025,5
2341,2025-06-01,CHUKHA,BT-12,0.76422901,0.016117,0.007677,0.010391,,1.61603234,0.029316,0.026312,1.28579382,0.369162,0.004325,1.161674,0.087942,0.006935,0.294987,0.541232,0.027434,4.05246419,213.758808,6/1/2025,2025,6
2360,2025-07-01,CHUKHA,BT-12,0.845632,0.016995,0.01188,0.008569,,1.82407126,0.023829,0.024451,1.41633916,0.386104,0.002636,1.291894,0.090991,0.00672,0.300023,0.415664,0.028709,4.326679,230.3584899,7/1/2025,2025,7
2379,2025-08-01,CHUKHA,BT-12,0.834911,0.020315,0.008335,0.008198,,1.90265288,0.021221,0.025716,1.49575175,0.368828,0.006882,1.34253,0.089337,0.006739,0.367508,0.519181,0.030082,4.35769927,237.05051,8/1/2025,2025,8
2398,2025-09-01,CHUKHA,BT-12,0.818488,0.023913,0.009011,0.009716,,1.70676084,0.02243,0.025204,1.38768613,0.402075,0.01034,1.2816424,0.090996,0.007639,0.305216,0.483126,0.032215,4.24990648,219.1189158,9/1/2025,2025,9
2417,2025-10-01,CHUKHA,BT-12,0.839534,0.025028,0.009078,0.009036,,1.96883496,0.026062,0.025528,1.38052027,0.255039,0.008897,1.2934634,0.106554,0.007089,0.338919,0.525469,0.035972,4.51056587,233.4464853,10/1/2025,2025,10
2436,2025-11-01,CHUKHA,BT-12,0.811849,0.01905,0.00833,0.011366,,1.66045596,0.032311,0.022797,1.33555092,0.270485,0.007834,1.1880866,0.114274,0.006371,0.283783,0.520954,0.039782,4.52136637,228.5302897,11/1/2025,2025,11
2455,2025-12-01,CHUKHA,BT-12,0.778996,0.023729,0.008752,0.014577,,1.42897099,0.030942,0.026587,1.02859635,0.286499,0.00982,0.9539166,0.109654,0.007021,0.26746,0.485379,0.034142,4.84750608,241.0596258,12/1/2025,2025,12
3,2015-01-01,DAGANA,BT-22,0.318591,0.0,0.0,0.0,0.0,0.040333,0.0,0.0,0.031294,0.0,0.000883,0.051027,0.000245,0.004836,0.016548,0.015801,0.0,0.08389991,0.0,1/31/2015,2015,1
22,2015-02-01,DAGANA,BT-22,0.324037,0.0,0.0,0.0,0.0,0.037701,0.0,0.0,0.029785,0.0,0.001386,0.121006,0.000137,0.00529,0.022709,0.021299,0.0,0.103302,0.0,2/28/2015,2015,2
41,2015-03-01,DAGANA,BT-22,0.282163,0.0,0.0,0.0,0.0,0.031506,0.0,0.0,0.025387,0.0,0.000859,0.0421,0.000168,0.004733,0.018002,0.026961,0.0,0.051063,0.0,3/31/2015,2015,3
60,2015-04-01,DAGANA,BT-22,0.239754,0.0,0.0,0.0,0.0,0.027613,0.0,0.0,0.023165,0.0,0.000571,0.038804,0.000123,0.003447,0.009472,0.022781,0.0,0.032955,0.0,4/30/2015,2015,4
79,2015-05-01,DAGANA,BT-22,0.234181,0.0,0.0,0.0,0.0,0.024662,0.0,0.0,0.021193,0.0,0.00059,0.034419,0.001043,0.00311,0.01195,0.023388,0.0,0.092752,0.0,5/31/2015,2015,5
98,2015-06-01,DAGANA,BT-22,0.263878,0.0,0.0,0.0,0.0,0.027515,0.0,0.0,0.025685,0.03871,0.000918,0.0,0.000664,0.003503,0.010441,0.029184,0.0,0.133526,0.0,6/30/2015,2015,6
117,2015-07-01,DAGANA,BT-22,0.251611,0.0,0.0,0.0,0.0,0.026917,0.0,0.0,0.023512,0.041454,0.000806,0.0,0.000633,0.005107,0.009113,0.013784,0.0,0.038104,0.0,7/31/2015,2015,7
136,2015-08-01,DAGANA,BT-22,0.26415,0.0,0.0,0.0,0.0,0.02783,0.0,0.0,0.025689,0.0,0.001229,0.04456,0.000577,0.004929,0.011141,0.022783,0.0,0.033658,0.0,8/31/2015,2015,8
155,2015-09-01,DAGANA,BT-22,0.286701,0.0,0.0,0.0,0.0,0.029966,0.0,0.0,0.027291,0.0,0.001211,0.043192,0.000702,0.005167,0.009824,0.024517,0.0,0.03186,0.00688247,9/30/2015,2015,9
174,2015-10-01,DAGANA,BT-22,0.288637,0.0,0.0,0.0,0.0,0.027793,0.0,0.0,0.025368,0.0,0.000828,0.044879,0.000798,0.005617,0.009522,0.02321,0.0,0.032656,0.00146828,10/31/2015,2015,10
193,2015-11-01,DAGANA,BT-22,0.292604,0.0,0.0,0.0,0.0,0.034849,0.0,0.0,0.025639,0.0,0.000813,0.047247,0.001394,0.006763,0.011274,0.034211,0.0,0.035387,5.54e-05,11/30/2015,2015,11
212,2015-12-01,DAGANA,BT-22,0.336932,0.0,0.0,0.0,0.0,0.040116,0.0,0.0,0.028705,0.0,0.001312,0.056324,0.001401,0.006085,0.014544,0.026934,0.0,0.06938,0.00445057,12/31/2015,2015,12
231,2016-01-01,DAGANA,BT-22,0.346449,0.0,0.0,0.0,0.0,0.043975,0.0,0.0,0.03362,0.0,0.001877,0.065419,0.001023,0.008279,0.01538,0.011119,0.0,0.14142,0.0,1/31/2016,2016,1
250,2016-02-01,DAGANA,BT-22,0.338294,0.0,0.0,0.0,0.0,0.04361,0.0,0.0,0.033112,0.0,0.000919,0.063328,0.00137,0.009134,0.012924,0.024761,0.0,0.13806,0.0,2/29/2016,2016,2
269,2016-03-01,DAGANA,BT-22,0.310947,0.0,0.0,0.0,0.0,0.034857,0.0,0.0,0.028203,0.0,0.001082,0.061507,0.001151,0.004902,0.012511,0.036941,0.0,0.10497,0.000138,3/31/2016,2016,3
288,2016-04-01,DAGANA,BT-22,0.287195,0.0,0.0,0.0,0.0,0.031281,0.0,0.0,0.024107,0.0,0.000713,0.045418,0.000864,0.004803,0.01086,0.03256,0.0,0.022424,0.000236,4/30/2016,2016,4
307,2016-05-01,DAGANA,BT-22,0.267236,0.0,0.0,0.0,0.0,0.029757,0.0,0.0,0.02349,0.0,0.000962,0.042101,0.000921,0.004076,0.011679,0.029742,0.0,0.022046,9.9e-05,5/31/2016,2016,5
326,2016-06-01,DAGANA,BT-22,0.290218,0.0,0.0,0.0,0.0,0.032649,0.0,0.0,0.025744,0.0,0.000921,0.047989,0.001118,0.005892,0.012538,0.036626,0.0,0.018695,9.4e-05,6/30/2016,2016,6
345,2016-07-01,DAGANA,BT-22,0.294241,0.0,0.0,0.0,0.0,0.030895,0.0,0.0,0.023539,0.0,0.000673,0.052418,0.000977,0.006021,0.013102,0.016777,0.0,0.018242,0.000103,7/31/2016,2016,7
364,2016-08-01,DAGANA,BT-22,0.282995,0.0,0.0,0.0,0.0,0.032174,0.0,0.0,0.026183,0.0,0.001299,0.051557,0.000757,0.004846,0.018332,0.02867,0.0,0.018395,0.0,8/31/2016,2016,8
383,2016-09-01,DAGANA,BT-22,0.284503,0.0,0.0,0.0,0.0,0.030381,0.0,0.0,0.025317,0.0,0.00117,0.05564,0.00071,0.006242,0.011104,0.02996,0.0,0.01642,0.000538,9/30/2016,2016,9
402,2016-10-01,DAGANA,BT-22,0.287618,0.0,0.0,0.0,0.0,0.030572,0.0,0.0,0.025543,0.0,0.000989,0.052016,0.001081,0.000269,0.010691,0.023697,0.0,0.020536,0.000368,10/31/2016,2016,10
421,2016-11-01,DAGANA,BT-22,0.332336,0.0,0.0,0.0,0.0,0.036109,0.0,0.0,0.029455,0.0,0.000939,0.073861,0.000936,0.009723,0.018591,0.039503,0.0,0.020942,0.0,11/30/2016,2016,11
440,2016-12-01,DAGANA,BT-22,0.336898,0.0,0.0,0.0,0.0,0.041505,0.0,0.0,0.032279,0.0,0.001355,0.062736,0.00081,0.000325,0.013869,0.0322,0.0,0.015912,0.000478,12/31/2016,2016,12
459,2017-01-01,DAGANA,BT-22,0.340499,0.0,2e-06,0.0,0.0,0.046414,0.00136,0.0,0.03084,0.0,0.001278,0.072496,0.000862,0.000356,0.014333,0.023033,0.0,0.018461,0.0,1/31/2017,2017,1
478,2017-02-01,DAGANA,BT-22,0.358127,0.0,0.0,0.0,0.0,0.047381,0.00115,0.0,0.030567,0.0,0.000718,0.06782,0.000917,0.000355,0.015153,0.026625,0.0,0.016807,0.000547,2/28/2017,2017,2
497,2017-03-01,DAGANA,BT-22,0.341627,0.0,0.000543,4.7e-05,0.0,0.037686,0.001105,0.0,0.030635,0.0,0.000662,0.075092,0.000848,0.000374,0.007118,0.036162,0.0,0.0,1.4e-05,3/31/2017,2017,3
516,2017-04-01,DAGANA,BT-22,0.270782,0.0,0.000185,1.8e-05,0.0,0.0366,0.001117,0.0,0.026082,0.0,0.000743,0.072527,0.000834,0.000331,0.006914,0.029839,0.0,0.0,0.000139,4/30/2017,2017,4
535,2017-05-01,DAGANA,BT-22,0.266737,1e-05,0.000167,0.000115,0.0,0.020909,0.00093,0.0,0.022828,0.0,0.00043,0.06461,0.000422,0.000128,0.004472,0.021702,0.0,0.0,0.000133,5/31/2017,2017,5
554,2017-06-01,DAGANA,BT-22,0.279703,4e-05,0.011471,0.004019,0.0,0.022424,0.000787,0.0,0.017959,0.0,0.000747,0.058819,0.000699,0.000334,0.004842,0.026937,0.0,0.0,0.001091,6/30/2017,2017,6
573,2017-07-01,DAGANA,BT-22,0.297095,5.6e-05,0.012366,0.003885,0.0,0.020604,0.001006,0.0,0.017621,0.0,0.000812,0.066979,0.000532,0.000313,0.004019,0.025619,0.0,0.0,5.1e-05,7/31/2017,2017,7
592,2017-08-01,DAGANA,BT-22,0.3151,6.1e-05,0.010002,0.003604,0.0,0.020469,0.001456,0.0,0.020816,0.0,0.000921,0.060255,0.000897,0.000371,0.007352,0.021851,0.0,0.0,0.000367,8/31/2017,2017,8
611,2017-09-01,DAGANA,BT-22,0.320308,3.7e-05,0.010243,0.003872,0.0,0.021836,0.001973,0.0,0.022462,0.0,0.000722,0.067487,0.001164,0.000366,0.006628,0.032111,0.0,0.0,0.000635,9/30/2017,2017,9
630,2017-10-01,DAGANA,BT-22,0.303738,0.000217,0.009325,0.004269,0.0,0.021336,0.002027,0.0,0.019716,0.0,0.000877,0.065744,0.000528,0.000307,0.005486,0.031703,0.0,0.0,0.0,10/31/2017,2017,10
649,2017-11-01,DAGANA,BT-22,0.336818,0.00029,0.009844,0.003836,0.0,0.023644,0.002228,0.0,0.01916,0.0,0.000801,0.069361,0.000751,0.000365,0.010208,0.034451,0.0,0.0,0.000219,11/30/2017,2017,11
668,2017-12-01,DAGANA,BT-22,0.358958,0.00022,0.010573,0.005369,0.0,0.027081,0.002703,0.0,0.021866,0.0,0.001399,0.07489,0.00099,0.000279,0.010401,0.033901,0.0,0.0,0.0,12/31/2017,2017,12
687,2018-01-01,DAGANA,BT-22,0.401344,0.000357,0.012693,0.005711,0.0,0.03006,0.002103,0.0,0.027308,0.0,0.000982,0.069565,0.000986,0.000343,0.014087,0.028518,0.0,0.0,0.000939,1/31/2018,2018,1
706,2018-02-01,DAGANA,BT-22,0.387314,0.000368,0.012242,0.005125,0.0,0.032942,0.00121,0.0,0.03085,0.0,0.0019,0.078095,0.001604,0.000243,0.020905,0.028307,0.0,0.0,0.0,2/28/2018,2018,2
725,2018-03-01,DAGANA,BT-22,0.361995,0.000364,0.011898,0.005226,0.0,0.036593,0.001217,0.0,0.025253,0.0,0.000914,0.077445,0.001297,0.000295,0.013967,0.036451,0.0,0.0,0.000472,3/31/2018,2018,3
744,2018-04-01,DAGANA,BT-22,0.32648,0.000786,0.010248,0.004885,0.0,0.026672,0.001787,0.0,0.021887,0.0,0.000538,0.069702,0.002928,0.000252,0.011968,0.034058,0.0,0.0,0.007193,4/30/2018,2018,4
763,2018-05-01,DAGANA,BT-22,0.3196,0.000352,0.009699,0.003639,0.0,0.020983,0.002033,0.0,0.019366,0.0,0.000694,0.064559,0.002412,0.000284,0.00956,0.033087,0.0,0.0,0.0,5/31/2018,2018,5
782,2018-06-01,DAGANA,BT-22,0.333685,0.000413,0.009374,0.005488,0.0,0.020754,0.001893,0.0,0.019721,0.0,0.000773,0.063604,0.002045,0.000231,0.007247,0.031235,0.0,0.0,3.4e-05,6/30/2018,2018,6
801,2018-07-01,DAGANA,BT-22,0.324435,0.000341,0.010497,0.003888,0.0,0.019579,0.001607,0.0,0.018236,0.0,0.000581,0.061585,0.002319,0.000132,0.010613,0.027554,0.0,0.0,0.000148,7/31/2018,2018,7
820,2018-08-01,DAGANA,BT-22,0.308663,0.000225,0.009174,0.003148,0.0,0.018518,0.002164,0.0,0.018985,0.0,0.000458,0.055831,0.001816,0.000233,0.012901,0.024556,0.0,0.0,0.000151,8/31/2018,2018,8
839,2018-09-01,DAGANA,BT-22,0.327439,0.00022,0.01002,0.003448,0.0,0.019766,0.001879,0.0,0.020951,0.0,0.000447,0.064137,0.002275,0.000129,0.008109,0.034285,0.0,0.0,0.0,9/30/2018,2018,9
858,2018-10-01,DAGANA,BT-22,0.320622,0.000509,0.008971,0.002931,0.0,0.01945,0.001669,0.0,0.020627,0.0,0.000581,0.064215,0.002427,0.000231,0.003945,0.035665,0.0,0.0,0.000158,10/31/2018,2018,10
877,2018-11-01,DAGANA,BT-22,0.35917,0.000316,0.010208,0.003751,0.0,0.022127,0.002538,0.0,0.022491,0.0,0.003779,0.066165,0.002815,0.000132,0.004182,0.039749,0.0,0.0,0.000189,11/30/2018,2018,11
896,2018-12-01,DAGANA,BT-22,0.37697,0.000407,0.010119,0.005096,0.0,0.026827,0.002895,0.0,0.021816,0.0,0.004374,0.067997,0.002566,0.000178,0.003087,0.049326,0.0,0.0,0.000411,12/31/2018,2018,12
915,2019-01-01,DAGANA,BT-22,0.434616,0.00045,0.012126,0.00553,0.0,0.031679,0.00266,0.0,0.027249,0.0,0.001399,0.072923,0.002266,0.000206,0.008933,0.04616909,0.0,0.0,0.000224,1/31/2019,2019,1
934,2019-02-01,DAGANA,BT-22,0.416844,0.000601,0.010588,0.004695,0.0,0.025774,0.001826,0.0,0.024892,0.0,0.000835,0.066075,0.002805,0.000203,0.004022,0.045650032,0.0,0.0,0.000196,2/28/2019,2019,2
953,2019-03-01,DAGANA,BT-22,0.377303,0.000374,0.009498,0.005903,0.0,0.026308,0.002277,0.0,0.02237,0.0,0.001336,0.065684,0.00202,0.000302,0.003973,0.044047154,0.0,0.0,0.0,3/31/2019,2019,3
972,2019-04-01,DAGANA,BT-22,0.370338,0.00045,0.010196,0.005713,0.0,0.023322,0.002128,0.0,0.023143,0.0,0.002393,0.069685,0.001962,0.000622,0.003458,0.041741603,0.0,0.0,0.0,4/30/2019,2019,4
991,2019-05-01,DAGANA,BT-22,0.350262,0.00047,0.00886,0.004907,0.0,0.019698,0.001922,0.0,0.021413,0.0,0.001337,0.068173,0.001999,0.000752,0.003652,0.041026058,0.0,0.0,0.0,5/31/2019,2019,5
1010,2019-06-01,DAGANA,BT-22,0.329945,0.000437,0.00912,0.003852,0.0,0.019068,0.002401,0.0,0.02043,0.0,0.002748,0.062953,0.002248,0.0005,0.007275,0.034646924,0.0,0.0,5.4e-05,6/30/2019,2019,6
1029,2019-07-01,DAGANA,BT-22,0.326381,0.000396,0.008609,0.00383,0.0,0.018151,0.002263,0.0,0.021302,0.0,0.002047,0.058365,0.002326,0.000552,0.005667,0.034410544,0.0,0.0,8e-05,7/31/2019,2019,7
1048,2019-08-01,DAGANA,BT-22,0.33834,0.000549,0.009221,0.004142,0.0,0.017949,0.002629,0.0,0.021252,0.0,0.001924,0.056652,0.002322,0.00044,0.004567,0.027862527,0.0,0.0,0.0,8/31/2019,2019,8
1067,2019-09-01,DAGANA,BT-22,0.337398,0.000743,0.009515,0.003699,0.0,0.018455,0.002573,0.0,0.021282,0.0,0.001759,0.069925,0.002102,0.000544,0.005587,0.047715861,0.0,0.0,0.000211,9/30/2019,2019,9
1086,2019-10-01,DAGANA,BT-22,0.347103,0.000553,0.010396,0.003613,0.0,0.017572,0.002356,0.0,0.020841,0.0,0.001546,0.065605,0.001909,0.000687,0.006156,0.033356459,0.0,0.0,1.5e-05,10/31/2019,2019,10
1105,2019-11-01,DAGANA,BT-22,0.354534,0.000382,0.009954,0.003217,0.0,0.019044,0.003052,0.0,0.019041,0.0,0.000849,0.063812,0.002053,0.000451,0.003134,0.042324217,0.0,0.0,5e-05,11/30/2019,2019,11
1124,2019-12-01,DAGANA,BT-22,0.366965,0.00037,0.00944,0.00463,0.0,0.021148,0.004636,0.011038,0.010515,0.0,0.001754,0.062939,0.002486,0.000441,0.003133,0.039499814,0.0,0.0,0.0,12/31/2019,2019,12
1143,2020-01-01,DAGANA,BT-22,0.452397,0.000563,0.012916,0.007008,0.0,0.027581,0.004818,0.01583,0.014819,0.0,0.000582,0.071336,0.00245,0.000571,0.003461,0.048058088,0.0,0.0,3.8e-05,1/31/2020,2020,1
1162,2020-02-01,DAGANA,BT-22,0.456821,0.000548,0.013354,0.005546,0.0,0.029346,0.003871,0.015676,0.013782,0.0,0.000695,0.074662,0.002387,0.000388,0.004954,0.040392909,0.0,0.0,0.0,2/29/2020,2020,2
1181,2020-03-01,DAGANA,BT-22,0.435618,0.000835,0.012829,0.006178,0.0,0.031956,0.004497,0.014377,0.012729,0.0,0.000417,0.076322,0.002384,0.000561,0.004184,0.042562279,0.0,0.0,0.0,3/31/2020,2020,3
1200,2020-04-01,DAGANA,BT-22,0.390588,0.000501,0.009968,0.005381,0.0,0.026368,0.004357,0.011768,0.009639,0.0,0.000583,0.061795,0.002265,0.000424,0.005301,0.032012728,0.0,0.0,0.0,4/30/2020,2020,4
1219,2020-05-01,DAGANA,BT-22,0.389959,0.000479,0.010319,0.003651,0.0,0.021335,0.003453,0.011975,0.010129,0.000667,0.0,0.052097,0.002093,0.000519,0.005174,0.027272322,0.0,0.0,0.0,5/31/2020,2020,5
1238,2020-06-01,DAGANA,BT-22,0.387185,0.000661,0.009483,0.003644,0.0,0.01862,0.002434,0.011336,0.008357,0.0,0.000602,0.048262,0.00252,0.000678,0.005913,0.025693187,0.0,0.0,0.0,6/30/2020,2020,6
1257,2020-07-01,DAGANA,BT-22,0.404378,0.000421,0.011057,0.003659,0.0,0.019122,0.002098,0.012006,0.009025,0.0,0.00147,0.059925,0.002291,0.001576,0.006111,0.029451569,0.0,0.0,0.0,7/31/2020,2020,7
1276,2020-08-01,DAGANA,BT-22,0.39801554,0.00051772,0.01083881,0.0033464,0.0,0.018835,0.00290878,0.01031184,0.00870271,0.0,0.00166474,0.05683037,0.00258486,0.000408,0.00474633,0.034607725,0.0,0.0,0.0,8/31/2020,2020,8
1295,2020-09-01,DAGANA,BT-22,0.40382551,0.00053903,0.01051216,0.00359342,0.0,0.0191814,0.00250721,0.01140056,0.00907097,0.0,0.00107659,0.05160819,0.00244952,0.00083688,0.00433483,0.030651527,0.0,0.0,0.0,9/30/2020,2020,9
1314,2020-10-01,DAGANA,BT-22,0.40543996,0.00090225,0.01005804,0.00239918,0.0,0.02008265,0.00373201,0.0085396,0.00889532,0.0,0.00173367,0.06084469,0.00311662,0.00172712,0.00295184,0.035407216,0.0,0.0,0.0,10/31/2020,2020,10
1333,2020-11-01,DAGANA,BT-22,0.41057389,0.000648,0.01095799,0.003144,0.0,0.017755,0.002701,0.009642,0.008603,0.0,0.00181,0.068083,0.003005,0.000502,0.003342,0.032059099,0.0,0.0,0.0,11/30/2020,2020,11
1352,2020-12-01,DAGANA,BT-22,0.448434,0.00079,0.010591,0.004202,0.0,0.025001,0.004143,0.013281,0.010847,0.0,0.008281,0.072667,0.003017,0.000658,0.004675,0.04056036,0.0,0.0,0.0,12/31/2020,2020,12
1371,2021-01-01,DAGANA,BT-22,0.558686,0.000908,0.011103,0.006303,0.0,0.03678995,0.005953,0.015618,0.012553,0.0,0.010975,0.08786899,0.003758,0.000591,0.007916,0.05222459,0.0,0.0,0.0,1/31/2021,2021,1
1390,2021-02-01,DAGANA,BT-22,0.487215,0.000723,0.010257,0.005306,0.0,0.031071,0.003285,0.014373,0.010824,0.0,0.008876,0.091968,0.003784,0.000553,0.010177,0.04758344,0.0,0.0,0.0,2/28/2021,2021,2
1409,2021-03-01,DAGANA,BT-22,0.444829,0.001001,0.010532,0.00513,0.0,0.027427,0.004268,0.015342,0.010676,0.0,0.006905,0.081478,0.003584,0.000791,0.007496,0.04263199,0.0,0.0,0.0,3/31/2021,2021,3
1428,2021-04-01,DAGANA,BT-22,0.426305,0.00074,0.010712,0.004189,0.0,0.024355,0.002777,0.012905,0.010863,0.0,0.007987,0.073706,0.003177,0.000745,0.026716,0.03289032,0.0,0.0,0.0,4/30/2021,2021,4
1447,2021-05-01,DAGANA,BT-22,0.39452,0.000557,0.010417,0.003391,0.0,0.021268,0.002235,0.011855,0.009842,0.0,0.005737,0.067785,0.002723,0.000662,0.01103,0.0316905,0.0,0.0,0.0,5/31/2021,2021,5
1466,2021-06-01,DAGANA,BT-22,0.377271,0.000643,0.00986,0.003491,0.0,0.01826,0.003061,0.009949,0.008272,0.0,0.004357,0.062047,0.002767,0.000624,0.007021,0.03331434,0.0,0.0,0.0,6/30/2021,2021,6
1485,2021-07-01,DAGANA,BT-22,0.38983,0.000563,0.010724,0.002848,0.0,0.021198,0.003047,0.012571,0.009246,0.0,0.004713,0.069978,0.002427,0.000924,0.003001,0.03284945,0.0,0.0,0.0,7/31/2021,2021,7
1504,2021-08-01,DAGANA,BT-22,0.371398,0.000857,0.009826,0.002907,0.0,0.018651,0.002558,0.013045,0.007521,0.0,0.00431,0.061146,0.002143,0.000875,0.002723,0.03094192,0.0,0.0,0.0,8/31/2021,2021,8
1523,2021-09-01,DAGANA,BT-22,0.401211,0.001154,0.010774,0.00313,0.0,0.021292,0.003623,0.015372,0.009064,0.0,0.00574,0.070612,0.002347,0.000744,0.007223,0.0333025,0.0,0.2038401,0.0,9/30/2021,2021,9
1542,2021-10-01,DAGANA,BT-22,0.393497,0.001088,0.01185,0.003045,0.0,0.021243,0.002862,0.017272,0.009284,0.0,0.005339,0.069272,0.002816,0.001103,0.007923,0.03630365,0.0,8.1145449,0.0,10/31/2021,2021,10
1561,2021-11-01,DAGANA,BT-22,0.425797,0.000872,0.011067,0.003334,0.0,0.020737,0.003412,0.018647,0.009193,0.0,0.004121,0.07154,0.003031,0.000579,0.011257,0.03782185,0.0,0.0,0.0,11/30/2021,2021,11
1580,2021-12-01,DAGANA,BT-22,0.515542,0.001194,0.012659,0.005303,0.0,0.033056,0.004189,0.015212,0.010817,0.0,0.004723,0.078467,0.002916,0.000752,0.021112,0.05293591,0.0,9.95834925,0.0,12/31/2021,2021,12
1599,2022-01-01,DAGANA,BT-22,0.550313,0.001033,0.014228,0.006257,0.0,0.034207,0.003671,0.015173,0.013337,0.0,0.011925,0.075444,0.002929,0.000608,0.023002,0.042941131,0.0,10.11382335,0.0,1/31/2022,2022,1
1617,2022-02-01,DAGANA,BT-22,0.621606,0.001238,0.017033,0.006357,0.0,0.042689,0.00481,0.016845,0.014403,0.0,0.008279,0.089322,0.003076,0.000749,0.02917,0.053311778,0.0,7.01320455,0.0,2/28/2022,2022,2
1635,2022-03-01,DAGANA,BT-22,0.507425,0.00082,0.014598,0.004583,0.0,0.037866,0.00423,0.013321,0.010403,0.0,0.007255,0.08295834,0.002839,0.00047,0.01971,0.053350287,0.0,5.0923854,0.0,3/31/2022,2022,3
1653,2022-04-01,DAGANA,BT-22,0.455428,0.000874,0.01099425,0.004337,0.0,0.025555,0.002737,0.01122,0.008144,0.0,0.002336,0.06978188,0.003236,0.000775,0.018015,0.028790792,0.0,6.4451763,0.0,4/30/2022,2022,4
1671,2022-05-01,DAGANA,BT-22,0.435627,0.000984,0.01252033,0.00301,0.0,0.020357,0.002732,0.01098,0.008085,0.0,0.002211,0.07954364,0.002635,0.003648,0.009063,0.033985342,0.0,10.2619188,3.7986,5/31/2022,2022,5
1689,2022-06-01,DAGANA,BT-22,0.419985,0.000818,0.01241242,0.003507,0.0,0.020415,0.002763,0.01097,0.008636,0.0,0.001863,0.08106515,0.002946,0.000693,0.006783,0.037515819,0.0,0.0,20.7790372,6/30/2022,2022,6
1707,2022-07-01,DAGANA,BT-22,0.437212,0.001307,0.014286,0.003152,0.0,0.021299,0.003633,0.011886,0.00971,0.0,0.001581,0.0862107,0.002914,0.000542,0.00452,0.036583627,0.0,0.0,28.9041032,7/31/2022,2022,7
1725,2022-08-01,DAGANA,BT-22,0.412511,0.001281,0.012194,0.002966,0.0,0.019866,0.003694,0.009927,0.008689,0.0,0.001375,0.07962583,0.002552,0.000881,0.003238,0.039072371,0.0,0.0,37.7895202,8/31/2022,2022,8
1743,2022-09-01,DAGANA,BT-22,0.442788,0.001536,0.014024,0.003354,0.0,0.02071,0.003093,0.012927,0.009771,0.0,0.00317,0.07892,0.003257,0.000628,0.004112,0.033330286,0.0,0.0,38.5083689,9/30/2022,2022,9
1761,2022-10-01,DAGANA,BT-22,0.417445,0.00112,0.012357,0.002448,0.0,0.018542,0.002576,0.010956,0.008726,0.0,0.002274,0.081291,0.003762,0.00109,0.002995,0.034338555,0.0,0.0,29.5607097,10/31/2022,2022,10
1779,2022-11-01,DAGANA,BT-22,0.431652,0.001125,0.011163,0.002901,0.0,0.023298,0.002654,0.012979,0.01315,0.0,0.002511,0.09041215,0.004045,0.00102,0.003722,0.038640935,0.0,0.0,42.691395,11/30/2022,2022,11
1797,2022-12-01,DAGANA,BT-22,0.451933,0.000683,0.011434,0.003497,0.0,0.028698,0.002556,0.013857,0.013722,0.0,0.004398,0.09303385,0.003478,0.001179,0.00761,0.038972019,0.0,0.0,44.0951,12/31/2022,2022,12
1815,2023-01-01,DAGANA,BT-22,0.55249,0.000946,0.014494,0.004449,0.0,0.041245,0.002704,0.018027,0.017039,0.0,0.004189,0.10207844,0.003808,0.001206,0.011615,0.052465929,0.0,0.0,45.0335998,1/31/2023,2023,1
1833,2023-02-01,DAGANA,BT-22,0.512453,0.000988,0.012486,0.004095,0.0,0.027211,0.004046,0.016028,0.016473,0.0,0.002561,0.08605756,0.003603,0.000914,0.012624,0.025645996,0.0,0.0,42.19599,2/28/2023,2023,2
1851,2023-03-01,DAGANA,BT-22,0.470811,0.001002,0.012076,0.004456,0.0,0.03173,0.005046,0.013846,0.01591,0.0,0.003917,0.0895187,0.003047,0.000958,0.00731,0.029480926,0.0,0.0,38.65251,3/31/2023,2023,3
1869,2023-04-01,DAGANA,BT-22,0.461375,0.001078,0.011801,0.005757,0.0,0.031876,0.003094,0.013,0.015471,0.0,0.004979,0.09448928,0.003533,0.001118,0.006684,0.032533633,0.0,0.0,41.04212,4/30/2023,2023,4
1887,2023-05-01,DAGANA,BT-22,0.432224,0.001146,0.010644,0.004096,0.0,0.024246,0.002526,0.011634,0.014366,0.0,0.003006,0.08137502,0.003549,0.001271,0.006402,0.029291386,0.0,0.0,45.9645,5/31/2023,2023,5
1905,2023-06-01,DAGANA,BT-22,0.408533,0.001621,0.009663,0.003967,0.0,0.021991,0.002947,0.011464,0.01237,0.0,0.002549,0.08395,0.003305,0.001218,0.005097,0.02657135,0.0,0.0,41.4265,6/30/2023,2023,6
1923,2023-07-01,DAGANA,BT-22,0.420167,0.002135,0.00993,0.003568,0.0,0.020737,0.002875,0.010405,0.014493,0.0,0.002114,0.075467,0.003062,0.000952,0.004517,0.027374383,0.0,0.0,41.5065,7/31/2023,2023,7
1941,2023-08-01,DAGANA,BT-22,0.428058,0.001256,0.010606,0.004023,0.0,0.020564,0.003488,0.010998,0.015865,0.0,0.001301,0.077256,0.003263,0.00083,0.003316,0.02829735,0.0,0.0,38.9175,8/31/2023,2023,8
1959,2023-09-01,DAGANA,BT-22,0.447085,0.00167,0.012032,0.003376,0.0,0.022216,0.003142,0.012811,0.017588,0.0,0.002071,0.082737,0.003442,0.001242,0.004453,0.03798916,0.00018,0.0,39.3606,9/30/2023,2023,9
1977,2023-10-01,DAGANA,BT-22,0.408363,0.00146,0.009858,0.003223,0.0,0.021783,0.002439,0.01095,0.016208,0.0,0.001812,0.082316,0.003589,0.001566,0.00367,0.03471416,0.00018,0.0,39.4685,10/31/2023,2023,10
1995,2023-11-01,DAGANA,BT-22,0.423262,0.001686,0.010012,0.003424,0.0,0.024801,0.002173,0.012325,0.02163,0.0,0.003338,0.085967,0.004221,0.001191,0.004297,0.03497213,0.00018,0.0,37.888,11/30/2023,2023,11
2013,2023-12-01,DAGANA,BT-22,0.469344,0.001927,0.010242,0.004261,0.0,0.028699,0.002513,0.013696,0.023577,0.0,0.004905,0.09061,0.003526,0.000926,0.004637,0.033959723,0.00036,0.0,39.19882,12/31/2023,2023,12
2031,2024-01-01,DAGANA,BT-22,0.55013,0.001266,0.011592,0.006161,0.0,0.039707,0.003734,0.01674,0.028636,0.0,0.005524,0.093883,0.003802,0.000954,0.012502,0.03614726,0.00024,0.0,39.23304,1/31/2024,2024,1
2049,2024-02-01,DAGANA,BT-22,0.550532,0.002075,0.011619,0.005813,0.0,0.035834,0.004241,0.017699,0.029491,0.0,0.004711,0.089392,0.003773,0.001255,0.008146,0.03095671,0.00102,0.0,40.02011,2/29/2024,2024,2
2067,2024-03-01,DAGANA,BT-22,0.520538,0.001624,0.010344,0.006147,0.0,0.039322,0.004108,0.016037,0.027254,0.0,0.00512,0.094102,0.003646,0.000947,0.006788,0.03951623,0.00012,0.0,41.9815,3/31/2024,2024,3
2085,2024-04-01,DAGANA,BT-22,0.459085,0.001229,0.009259,0.005588,0.0,0.031681,0.002915,0.013303,0.024039,0.0,0.003567,0.095534,0.003726,0.001168,0.005653,0.0414794,0.0,0.0,39.11286,4/30/2024,2024,4
2103,2024-05-01,DAGANA,BT-22,0.400369,0.001606,0.009288,0.003967,0.0,0.026181,0.00228,0.012933,0.022077,0.0,0.00274,0.08980792,0.003956,0.001257,0.006456,0.03086683,0.0,0.0,38.61951,5/31/2024,2024,5
2121,2024-06-01,DAGANA,BT-22,0.407058,0.001651,0.009696,0.004386,0.0,0.01963,0.002884,0.011806,0.02168,0.0,0.002495,0.08947164,0.003382,0.00096,0.00834,0.03150147,0.00138,0.0,37.44171,6/30/2024,2024,6
2139,2024-07-01,DAGANA,BT-22,0.407012,0.001792,0.00692,0.004037,0.0,0.01768,0.002684,0.009058,0.036749,0.0,0.003287,0.07700644,0.003486,0.001281,0.005539,0.02744444,0.00192,0.0,38.46329,7/31/2024,2024,7
2157,2024-08-01,DAGANA,BT-22,0.419079,0.002174,0.006499,0.004198,0.0,0.018247,0.002614,0.009527,0.038851,0.0,0.00268,0.082585,0.003219,0.000945,0.006325,0.02974857,0.00114,0.0,38.09365,8/31/2024,2024,8
2175,2024-09-01,DAGANA,BT-22,0.40299,0.002286,0.005927,0.003946,0.0,0.020329,0.002608,0.00961,0.038211,0.0,0.003692,0.089041,0.003384,0.001767,0.007195,0.03524109,0.0,0.0,36.48656,9/30/2024,2024,9
2193,2024-10-01,DAGANA,BT-22,0.403855,0.001645,0.006239,0.003786,0.0,0.01893,0.00209,0.009239,0.03629,0.0,0.004525,0.0852909,0.003356,0.001281,0.007498,0.03445617,0.0,0.0,37.44029,10/31/2024,2024,10
2211,2024-11-01,DAGANA,BT-22,0.429013,0.001691,0.006501,0.004956,0.0,0.022962,0.003461,0.009167,0.03846,0.0,0.006523,0.09494187,0.003821,0.001204,0.006754,0.03567308,0.0,0.0,35.60309,11/30/2024,2024,11
2229,2024-12-01,DAGANA,BT-22,0.486917,0.001965,0.006266,0.005601,0.0,0.028939,0.003019,0.010225,0.040659,0.0,0.004884,0.09431287,0.002951,0.001239,0.008496,0.03900537,0.0,0.0,37.55327,12/31/2024,2024,12
2247,2025-01-01,DAGANA,BT-22,0.54681,0.002384,0.006868,0.007569,0.0,0.038022,0.003626,0.012587,0.049582,0.0,0.004544,0.09608036,0.00376,0.00136,0.01247,0.04512437,0.0,0.0,37.87271,1/31/2025,2025,1
2266,2025-02-01,DAGANA,BT-22,0.555942,0.001938,0.007121,0.00741,0.0,0.036211,0.004346,0.012349,0.049165,0.0,0.00768,0.085803,0.004033,0.001079,0.018474,0.03638707,0.0,0.0,34.01581,2/28/2025,2025,2
2285,2025-03-01,DAGANA,BT-22,0.545995,0.0017,0.007649,0.006231,0.0,0.039074,0.003905,0.010905,0.051573,0.0,0.009195,0.087987,0.003368,0.000602,0.012892,0.03240382,6e-05,0.0,36.87119,3/31/2025,2025,3
2304,2025-04-01,DAGANA,BT-22,0.442731,0.002121,0.006211,0.007142,,0.038532,0.003921,0.010366,0.04279,,0.006955,0.103438,0.003642,0.001535,0.010493,0.04467576,0.00126,0.0,34.03172,4/30/2025,2025,4
2323,2025-05-01,DAGANA,BT-22,0.400984,0.00199,0.006127,0.005599,,0.024341,0.003534,0.009931,0.038051,,0.005391,0.091539,0.00329,0.000982,0.008294,0.03406546,0.00102,0.0,34.416,5/31/2025,2025,5
2342,2025-06-01,DAGANA,BT-22,0.400196,0.00145,0.006524,0.005438,,0.02047,0.002898,0.009371,0.039639,,0.007477,0.090158,0.003597,0.001125,0.011374,0.03381915,0.00114,0.0,32.31191,6/1/2025,2025,6
2361,2025-07-01,DAGANA,BT-22,0.404294,0.001473,0.006277,0.00555,,0.019666,0.00303,0.009595,0.03905,,0.005361,0.087607,0.003222,0.001149,0.010103,0.03130852,0.0009,0.0,33.65325,7/1/2025,2025,7
2380,2025-08-01,DAGANA,BT-22,0.428185,0.001196,0.007039,0.005114,,0.019927,0.003186,0.01019,0.040174,,0.00433,0.091225,0.003088,0.000961,0.009983,0.02972246,0.00012,0.0,33.42901,8/1/2025,2025,8
2399,2025-09-01,DAGANA,BT-22,0.420402,0.001136,0.007337,0.004914,,0.021805,0.003823,0.010691,0.040076,,0.00659,0.097434,0.003155,0.001118,0.01056,0.03515832,0.00018,0.0,36.0472,9/1/2025,2025,9
2418,2025-10-01,DAGANA,BT-22,0.413981,0.000374,0.005732,0.005795,,0.021036,0.003435,0.006947,0.051656,0.00045,0.009267,0.093543,0.00298,0.009277,0.00747,0.02476364,0.00036,0.0,37.83709,10/1/2025,2025,10
2437,2025-11-01,DAGANA,BT-22,0.405985,0.000546,0.005436,0.005228,,0.021846,0.003307,0.005839,0.050139,0.00048,0.009338,0.102221,0.003528,0.009409,0.006636,0.02611321,0.00012,0.0,34.90825,11/1/2025,2025,11
2456,2025-12-01,DAGANA,BT-22,0.445174,0.000368,0.005,0.006047,,0.02892,0.004394,0.005357,0.060852,0.00062,0.011309,0.095717,0.003444,0.008823,0.022433,0.0304339,0.00024,0.0,16.13653,12/1/2025,2025,12
5,2015-01-01,HAA,BT-13,0.210508,0.0,0.0,0.0,0.0,0.045142,0.0,0.0,0.061255,0.0,0.003391,0.187823,0.004154,0.004168,0.008026,0.465786,0.0,0.0,0.0,1/31/2015,2015,1
24,2015-02-01,HAA,BT-13,0.214736,0.0,0.0,0.0,0.0,0.049228,0.0,0.0,0.059458,0.0,0.00218,0.194121,0.00381,0.003435,0.008317,0.448798,0.0,0.0,0.0,2/28/2015,2015,2
43,2015-03-01,HAA,BT-13,0.194913,0.0,0.0,0.0,0.0,0.04987,0.0,0.0,0.055927,0.0,0.00196,0.206386,0.003492,0.003236,0.007127,0.428823,0.0,0.0,0.0,3/31/2015,2015,3
62,2015-04-01,HAA,BT-13,0.235983,0.0,0.0,0.0,0.0,0.056619,0.0,0.0,0.075501,0.0,0.002721,0.220432,0.005839,0.003584,0.010624,0.414148,0.0,0.0,0.0,4/30/2015,2015,4
81,2015-05-01,HAA,BT-13,0.220256,0.0,0.0,0.0,0.0,0.050962,0.0,0.0,0.068488,0.0,0.003016,0.172899,0.005747,0.002706,0.012544,0.387357,0.0,0.0,0.0,5/31/2015,2015,5
100,2015-06-01,HAA,BT-13,0.234397,0.0,0.0,0.0,0.0,0.049411,0.0,0.0,0.065436,0.0,0.002501,0.133803,0.006371,0.002647,0.013091,0.333641,0.0,0.0,0.0,6/30/2015,2015,6
119,2015-07-01,HAA,BT-13,0.24018,0.0,0.0,0.0,0.0,0.052664,0.0,0.0,0.065848,0.0,0.002092,0.096106,0.005344,0.002008,0.011742,0.252873,0.0,0.0,0.0,7/31/2015,2015,7
138,2015-08-01,HAA,BT-13,0.245921,0.0,0.0,0.0,0.0,0.045326,0.0,0.0,0.06006,0.0,0.002995,0.105975,0.005268,0.002846,0.010931,0.241499,0.0,0.0,0.0,8/31/2015,2015,8
157,2015-09-01,HAA,BT-13,0.292301,0.0,0.0,0.0,0.0,0.051246,0.0,0.0,0.066334,0.0,0.009785,0.114998,0.004904,0.003681,0.011805,0.289169,0.0,0.0,0.0,9/30/2015,2015,9
176,2015-10-01,HAA,BT-13,0.266082,0.0,0.0,0.0,0.0,0.056576,0.0,0.0,0.068955,0.0,0.011519,0.148214,0.00496,0.002838,0.015543,0.34178,0.0,0.0,0.0,10/31/2015,2015,10
195,2015-11-01,HAA,BT-13,0.271958,0.0,0.0,0.0,0.0,0.060022,0.0,0.0,0.07609,0.0,0.01588,0.193651,0.00658,0.003944,0.019497,0.396513,0.0,0.0,0.0,11/30/2015,2015,11
214,2015-12-01,HAA,BT-13,0.263396,0.0,0.0,0.0,0.0,0.063865,0.0,0.0,0.073614,0.0,0.015736,0.201937,0.007286,0.005041,0.013267,0.439551,0.0,0.0,0.0,12/31/2015,2015,12
233,2016-01-01,HAA,BT-13,0.245943,0.0,0.0,0.0,0.0,0.053233,0.0,0.0,0.071701,0.0,0.020511,0.172723,0.005254,0.004756,0.009643,0.413842,0.0,0.0,0.0,1/31/2016,2016,1
252,2016-02-01,HAA,BT-13,0.226626,0.0,0.0,0.0,0.0,0.056402,0.0,0.0,0.069385,0.0,0.013791,0.172861,0.006884,0.0041,0.005889,0.359786,0.0,0.0,0.0,2/29/2016,2016,2
271,2016-03-01,HAA,BT-13,0.233862,0.0,0.0,0.0,0.0,0.055417,0.0,0.0,0.074033,0.0,0.019901,0.193844,0.006478,0.00382,0.006667,0.357934,0.0,0.0,0.0,3/31/2016,2016,3
290,2016-04-01,HAA,BT-13,0.260617,0.0,0.0,0.0,0.0,0.051584,0.0,0.0,0.072739,0.0,0.006512,0.161498,0.004463,0.003537,0.015074,0.361393,0.0,0.0,0.0,4/30/2016,2016,4
309,2016-05-01,HAA,BT-13,0.236949,0.0,0.0,0.0,0.0,0.053227,0.0,0.0,0.066748,0.0,0.007683,0.146347,0.003511,0.002797,0.020771,0.370915,0.0,0.0,0.0,5/31/2016,2016,5
328,2016-06-01,HAA,BT-13,0.266745,0.0,0.0,0.0,0.0,0.057642,0.0,0.0,0.071998,0.0,0.008192,0.121711,0.005489,0.003159,0.023715,0.341298,0.0,0.0,0.0,6/30/2016,2016,6
347,2016-07-01,HAA,BT-13,0.268808,0.0,0.0,0.0,0.0,0.047556,0.0,0.0,0.067214,0.0,0.009758,0.089467,0.004225,0.002666,0.01765,0.268023,0.0,0.0,0.0,7/31/2016,2016,7
366,2016-08-01,HAA,BT-13,0.277905,0.0,0.0,0.0,0.0,0.050127,0.0,0.0,0.068309,0.0,0.005409,0.105284,0.003751,0.002693,0.019616,0.271705,0.0,0.0,0.0,8/31/2016,2016,8
385,2016-09-01,HAA,BT-13,0.168057,0.0,0.0,0.0,0.0,0.017478,0.0,0.0,0.032345,0.0,0.003052,0.050744,0.000708,0.001317,0.011128,0.106567,0.0,0.0,0.0,9/30/2016,2016,9
404,2016-10-01,HAA,BT-13,0.26564,0.0,0.0,0.0,0.0,0.049154,0.0,0.0,0.062235,0.0,0.006325,0.112945,0.003683,0.002882,0.029147,0.301641,0.0,0.0,0.0,10/31/2016,2016,10
423,2016-11-01,HAA,BT-13,0.293794,0.0,0.0,0.0,0.0,0.067579,0.0,0.0,0.077972,0.0,0.005631,0.167125,0.004235,0.004231,0.032549,0.408786,0.0,0.0,0.0,11/30/2016,2016,11
442,2016-12-01,HAA,BT-13,0.288217,0.0,0.0,0.0,0.0,0.060603,0.0,0.0,0.082085,0.0,0.005267,0.197104,0.002682,0.003961,0.03734,0.433694,0.0,0.0,0.0,12/31/2016,2016,12
461,2017-01-01,HAA,BT-13,0.273652,0.001815,0.004589,0.00225,0.0,0.068408,0.023126,0.0,0.09041,0.0,0.008622,0.170024,0.008407,0.005336,0.038349,0.444512,0.0,0.0,0.0,1/31/2017,2017,1
480,2017-02-01,HAA,BT-13,0.238337,0.001683,0.00414,0.001806,0.0,0.058897,0.021949,0.0,0.071554,0.0,0.011944,0.155801,0.004682,0.004792,0.024019,0.450693,0.0,0.0,0.0,2/28/2017,2017,2
499,2017-03-01,HAA,BT-13,0.232504,0.001392,0.003279,0.001844,0.0,0.057766,0.016067,0.0,0.070092,0.0,0.01185,0.170326,0.008499,0.003941,0.022005,0.384069,0.0,0.0,0.0,3/31/2017,2017,3
518,2017-04-01,HAA,BT-13,0.256582,0.001633,0.004537,0.002061,0.0,0.0614,0.019217,0.0,0.078492,0.0,0.013603,0.170524,0.006831,0.003653,0.025075,0.422968,0.0,0.0,0.0,4/30/2017,2017,4
537,2017-05-01,HAA,BT-13,0.258,0.001282,0.004288,0.00209,0.0,0.054905,0.015047,0.0,0.080207,0.0,0.005472,0.153534,0.006615,0.004087,0.040059,0.306909,0.0,0.0,0.0,5/31/2017,2017,5
556,2017-06-01,HAA,BT-13,0.268425,0.001803,0.004807,0.001992,0.0,0.058821,0.015868,0.0,0.083145,0.0,0.003946,0.126516,0.006824,0.003086,0.040898,0.285155,0.0,0.0,0.0,6/30/2017,2017,6
575,2017-07-01,HAA,BT-13,0.259649,0.001713,0.004518,0.002274,0.0,0.052982,0.011795,0.0,0.072104,0.0,0.003774,0.090917,0.007754,0.002848,0.039636,0.215643,0.0,0.0,0.0,7/31/2017,2017,7
594,2017-08-01,HAA,BT-13,0.284145,0.002512,0.004366,0.003054,0.0,0.048774,0.010434,0.0,0.072289,0.0,0.003747,0.075087,0.005916,0.002966,0.04293,0.215116,0.0,0.0,0.0,8/31/2017,2017,8
613,2017-09-01,HAA,BT-13,0.275075,0.002274,0.004846,0.002767,0.0,0.050004,0.010317,0.0,0.068995,0.0,0.003179,0.098538,0.005738,0.003056,0.043017,0.225413,0.0,0.0,0.0,9/30/2017,2017,9
632,2017-10-01,HAA,BT-13,0.278026,0.00152,0.004742,0.002562,0.0,0.05518,0.017668,0.0,0.069354,0.0,0.003988,0.105516,0.005632,0.003205,0.046512,0.243872,0.0,0.0,0.0,10/31/2017,2017,10
651,2017-11-01,HAA,BT-13,0.302297,0.0026,0.004214,0.002224,0.0,0.05901,0.01369,0.0,0.089878,0.0,0.003586,0.150375,0.005987,0.003933,0.052505,0.346509,0.0,0.0,0.0,11/30/2017,2017,11
670,2017-12-01,HAA,BT-13,0.304197,0.002095,0.006274,0.002738,0.0,0.06697,0.022263,0.0,0.097964,0.0,0.008247,0.217996,0.007541,0.004328,0.070525,0.392504,0.0,0.0,0.0,12/31/2017,2017,12
689,2018-01-01,HAA,BT-13,0.306018,0.002285,0.004934,0.002306,0.0,0.073011,0.020613,0.0,0.094083,0.0,0.00606,0.188295,0.009072,0.005541,0.070672,0.409973,0.0,0.0,0.0,1/31/2018,2018,1
708,2018-02-01,HAA,BT-13,0.262241,0.002483,0.004422,0.002359,0.0,0.064855,0.017635,0.0,0.07345,0.0,0.010705,0.166901,0.00798,0.004749,0.058797,0.387644,0.0,0.0,0.0,2/28/2018,2018,2
727,2018-03-01,HAA,BT-13,0.247638,0.002492,0.004542,0.00276,0.0,0.062261,0.031706,0.0,0.078088,0.0,0.012802,0.217542,0.007195,0.003676,0.055629,0.347025,0.0,0.0,0.0,3/31/2018,2018,3
746,2018-04-01,HAA,BT-13,0.27735,0.002042,0.005158,0.002002,0.0,0.062078,0.021618,0.0,0.08129,0.0,0.006005,0.226128,0.007695,0.004535,0.06374,0.40161,0.0,0.0,0.0,4/30/2018,2018,4
765,2018-05-01,HAA,BT-13,0.281152,0.00142,0.005169,0.002559,0.0,0.063465,0.018951,0.0,0.093459,0.0,0.007655,0.190451,0.00916,0.003643,0.077523,0.352316,0.0,0.0,0.0,5/31/2018,2018,5
784,2018-06-01,HAA,BT-13,0.281995,0.003788,0.005199,0.002712,0.0,0.058825,0.015687,0.0,0.083527,0.0,0.008114,0.166893,0.005299,0.00331,0.068642,0.299397,0.0,0.0,0.0,6/30/2018,2018,6
803,2018-07-01,HAA,BT-13,0.272541,0.004027,0.004914,0.002728,0.0,0.050629,0.009121,0.0,0.075675,0.0,0.006614,0.091332,0.006197,0.002773,0.053046,0.223357,0.0,0.0,0.0,7/31/2018,2018,7
822,2018-08-01,HAA,BT-13,0.281659,0.003376,0.004988,0.00222,0.0,0.050445,0.009821,0.0,0.070415,0.0,0.005037,0.076867,0.006374,0.002314,0.042036,0.215693,0.0,0.0,0.0,8/31/2018,2018,8
841,2018-09-01,HAA,BT-13,0.282254,0.004016,0.004962,0.002611,0.0,0.053872,0.009276,0.0,0.073287,0.0,0.004471,0.097351,0.005269,0.002527,0.047483,0.225581,0.0,0.0,0.0,9/30/2018,2018,9
860,2018-10-01,HAA,BT-13,0.268777,0.003563,0.005559,0.002377,0.0,0.053533,0.009647,0.0,0.072663,0.0,0.004016,0.106031,0.0068,0.002736,0.029407,0.261839,0.0,0.0,0.0,10/31/2018,2018,10
879,2018-11-01,HAA,BT-13,0.351645,0.004045,0.006119,0.002084,0.0,0.080687,0.017537,0.0,0.114966,0.0,0.005497,0.201832,0.00615,0.0052,0.116126,0.418748,0.0,0.0,0.0,11/30/2018,2018,11
898,2018-12-01,HAA,BT-13,0.271129,0.002865,0.006445,0.001667,0.0,0.058561,0.019137,0.0,0.070998,0.0,0.014362,0.211983,0.006134,0.00424,0.079474,0.435212,0.0,0.0,0.0,12/31/2018,2018,12
917,2019-01-01,HAA,BT-13,0.283332,0.002292,0.004445,0.00168,0.0,0.069463,0.017491,0.0,0.092237,0.0,0.014024,0.175116,0.006717,0.006182,0.065653,0.469707,0.0,0.0,0.0,1/31/2019,2019,1
936,2019-02-01,HAA,BT-13,0.260141,0.003207,0.016431,0.002613,0.0,0.066724,0.01912,0.0,0.067037,0.0,0.002532,0.169617,0.007149,0.006076,0.049737,0.452806,0.0,0.0,0.0,2/28/2019,2019,2
955,2019-03-01,HAA,BT-13,0.2705,0.003697,0.012121,0.002532,0.0,0.058058,0.020865,0.0,0.072057,0.0,0.002883,0.217867,0.005233,0.00477,0.059044,0.443778,0.0,0.0,0.0,3/31/2019,2019,3
974,2019-04-01,HAA,BT-13,0.281968,0.001967,0.011478,0.002545,0.0,0.06493,0.017996,0.0,0.101916,0.0,0.00233,0.245013,0.00712,0.00536,0.066718,0.457412,0.0,0.0,0.0,4/30/2019,2019,4
993,2019-05-01,HAA,BT-13,0.266373,0.001957,0.007885,0.002216,0.0,0.059456,0.016653,0.0,0.087852,0.0,0.002382,0.198714,0.005729,0.00308,0.062755,0.389622,0.0,0.0,0.0,5/31/2019,2019,5
1012,2019-06-01,HAA,BT-13,0.280045,0.001229,0.007282,0.002076,0.0,0.056319,0.012077,0.0,0.09477,0.0,0.002267,0.166353,0.00355,0.00432,0.070611,0.335612,0.0,0.0,0.0,6/30/2019,2019,6
1031,2019-07-01,HAA,BT-13,0.265422,0.001529,0.006078,0.002023,0.0,0.051881,0.009365,0.0,0.074217,0.0,0.002204,0.115353,0.004692,0.002973,0.049675,0.255236,0.0,0.0,0.0,7/31/2019,2019,7
1050,2019-08-01,HAA,BT-13,0.28548,0.0034,0.006012,0.00194,0.0,0.054324,0.008798,0.0,0.079151,0.0,0.001962,0.087213,0.003902,0.002393,0.051218,0.251338,0.0,0.0,0.0,8/31/2019,2019,8
1069,2019-09-01,HAA,BT-13,0.282318,0.002596,0.006336,0.002509,0.0,0.05343,0.009173,0.0,0.071247,0.0,0.002524,0.117992,0.004033,0.002521,0.054375,0.228833,0.0,0.0,0.0,9/30/2019,2019,9
1088,2019-10-01,HAA,BT-13,0.290205,0.003119,0.008494,0.002084,0.0,0.073266,0.010136,0.0,0.093943,0.0,0.00245,0.167658,0.004606,0.00382,0.065717,0.29608,0.0,0.0,0.0,10/31/2019,2019,10
1107,2019-11-01,HAA,BT-13,0.318891,0.004247,0.009605,0.002672,0.0,0.051261,0.017987,0.0,0.089944,0.0,0.002808,0.192315,0.002018,0.002458,0.074192,0.409682,0.0,0.0,0.0,11/30/2019,2019,11
1126,2019-12-01,HAA,BT-13,0.301604,0.004512,0.008866,0.002242,0.0,0.070748,0.019751,0.0,0.106005,0.0,0.003839,0.214776,0.00308,0.00422,0.09943,0.43899,0.0,0.0,0.0,12/31/2019,2019,12
1145,2020-01-01,HAA,BT-13,0.308036,0.003828,0.007892,0.00259,0.0,0.07172,0.01609,0.0,0.092563,0.0,0.003875,0.208838,0.003222,0.005324,0.075734,0.520428,0.0,0.0,0.0,1/31/2020,2020,1
1164,2020-02-01,HAA,BT-13,0.291667,0.004476,0.007618,0.002031,0.0,0.069704,0.01385,0.0,0.078742,0.0,0.00274,0.204666,0.003551,0.00511,0.055713,0.521121,0.0,0.0,0.0,2/29/2020,2020,2
1183,2020-03-01,HAA,BT-13,0.294759,0.005178,0.006782,0.003841,0.0,0.069817,0.014424,0.0,0.074782,0.0,0.002143,0.249609,0.003588,0.004921,0.051769,0.471909,0.0,0.0,0.0,3/31/2020,2020,3
1202,2020-04-01,HAA,BT-13,0.341729,0.004942,0.0089,0.002997,0.0,0.071253,0.018952,0.0,0.076345,0.0,0.002202,0.240009,0.004111,0.003948,0.071748,0.51158,0.0,0.0,0.0,4/30/2020,2020,4
1221,2020-05-01,HAA,BT-13,0.327201,0.004309,0.008074,0.002866,0.0,0.071316,0.015629,1.8e-05,0.070686,0.0,0.002245,0.174649,0.003675,0.004692,0.062804,0.473008,0.0,0.0,0.0,5/31/2020,2020,5
1240,2020-06-01,HAA,BT-13,0.308196,0.004004,0.008227,0.002479,0.0,0.067912,0.012039,7.6e-05,0.067178,0.0,0.002144,0.158884,0.006768,0.004412,0.059689,0.437463,0.0,0.0,0.0,6/30/2020,2020,6
1259,2020-07-01,HAA,BT-13,0.318499,0.004694,0.007487,0.002571,0.0,0.057739,0.010446,6.9e-05,0.061897,0.0,0.00245,0.103564,0.002344,0.003156,0.05186,0.310502,0.0,0.0,0.0,7/31/2020,2020,7
1278,2020-08-01,HAA,BT-13,0.30965949,0.004571,0.00857535,0.00237784,0.0,0.052908,0.01349049,5e-05,0.05917357,0.0,0.002183,0.12727678,0.004269,0.002638,0.04809407,0.282264,0.0,0.0,0.0,8/31/2020,2020,8
1297,2020-09-01,HAA,BT-13,0.31728386,0.00447107,0.00818647,0.00250588,0.0,0.06005054,0.0120568,6.57e-05,0.06363515,0.0,0.00257324,0.1321494,0.00450881,0.00343896,0.0536742,0.33376092,0.0,0.0,0.0,9/30/2020,2020,9
1316,2020-10-01,HAA,BT-13,0.34507352,0.00297293,0.01096318,0.00206028,0.0,0.05051056,0.00632085,2.9e-07,0.04046728,0.0,0.00310676,0.13595882,0.00237719,0.00211804,0.03461928,0.21736908,0.0,0.0,0.0,10/31/2020,2020,10
1335,2020-11-01,HAA,BT-13,0.342954,0.004833,0.011062,0.002233,0.0,0.065414,0.008148,0.0,0.059632,0.0,0.0023,0.180535,0.004619,0.00268,0.057089,0.402528,0.0,0.0,0.0,11/30/2020,2020,11
1354,2020-12-01,HAA,BT-13,0.339162,0.004209,0.010137,0.003759,0.0,0.078627,0.010003,1e-05,0.07291,0.0,0.003127,0.26169,0.009041,0.006704,0.058684,0.533882,0.0,0.0,0.0,12/31/2020,2020,12
1372,2021-01-01,HAA,BT-13,0.375129,0.0027,0.012428,0.00402,0.0,0.087276,0.019141,0.0,0.064581,0.0,0.002643,0.280221,0.003779,0.004571,0.059799,0.621774,0.0,0.0,0.0,1/31/2021,2021,1
1391,2021-02-01,HAA,BT-13,0.322115,0.004703,0.009365,0.002601,0.0,0.077663,0.011612,2.6e-05,0.097812,0.0,0.00335,0.28882,0.002806,0.004698,0.045408,0.594677,0.0,0.0,0.0,2/28/2021,2021,2
1410,2021-03-01,HAA,BT-13,0.307944,0.004249,0.010836,0.003734,0.0,0.077876,0.013788,4.4e-05,0.062311,0.0,0.003362,0.273227,0.003755,0.006527,0.046679,0.494267,0.0,0.0,0.0,3/31/2021,2021,3
1429,2021-04-01,HAA,BT-13,0.340322,0.004985,0.010059,0.003631,0.0,0.082625,0.011466,5.4e-05,0.07542,0.0,0.003973,0.274809,0.003761,0.009131,0.049823,0.484471,0.0,0.0,0.0,4/30/2021,2021,4
1448,2021-05-01,HAA,BT-13,0.342701,0.004158,0.009994,0.003571,0.0,0.083005,0.011046,5.8e-05,0.089891,0.0,0.003359,0.275162,0.003396,0.006617,0.053612,0.456807,0.0,0.0,0.0,5/31/2021,2021,5
1467,2021-06-01,HAA,BT-13,0.322257,0.004653,0.0126,0.003165,0.0,0.065625,0.008671,0.000239,0.067731,0.0,0.005446,0.211178,0.003291,0.00428,0.036057,0.33754,0.0,0.0,0.0,6/30/2021,2021,6
1486,2021-07-01,HAA,BT-13,0.327278,0.004975,0.010433,0.003013,0.0,0.063391,0.007855,0.000169,0.074561,0.0,0.006596,0.161825,0.002974,0.002916,0.032214,0.22104,0.0,0.0,0.0,7/31/2021,2021,7
1505,2021-08-01,HAA,BT-13,0.322677,0.004617,0.009088,0.002709,0.0,0.061459,0.008228,0.000116,0.074524,0.0,0.005107,0.132225,0.003337,0.003022,0.029045,0.20758,0.0,0.0,0.0,8/31/2021,2021,8
1524,2021-09-01,HAA,BT-13,0.338017,0.005232,0.009534,0.002547,0.0,0.062488,0.009518,0.000559,0.084641,0.0,0.006377,0.142802,0.003173,0.003157,0.028947,0.218692,0.0,0.0,0.0,9/30/2021,2021,9
1543,2021-10-01,HAA,BT-13,0.345098,0.004673,0.009516,0.002787,0.0,0.065588,0.009013,0.00038,0.078556,0.0,0.00563,0.150583,0.003476,0.002818,0.027567,0.241179,0.0,0.0,0.0,10/31/2021,2021,10
1562,2021-11-01,HAA,BT-13,0.373498,0.004623,0.010156,0.003128,0.0,0.084435,0.010829,0.000281,0.078303,0.0,0.005783,0.209353,0.003592,0.002806,0.030083,0.429211,0.0,0.0,0.0,11/30/2021,2021,11
1581,2021-12-01,HAA,BT-13,0.402917,0.005264,0.011924,0.003296,0.0,0.097423,0.015005,0.000238,0.096956,0.0,0.007397,0.313442,0.001857,0.006547,0.039265,0.458685,0.0,0.0,0.0,12/31/2021,2021,12
1600,2022-01-01,HAA,BT-13,0.428155,0.005061,0.008302,0.002647,0.0,0.10677,0.015934,0.000504,0.084172,0.0,0.006872,0.276304,0.003523,0.002478,0.037698,0.567116,0.0,0.0,0.0,1/31/2022,2022,1
1618,2022-02-01,HAA,BT-13,0.400778,0.005279,0.009622,0.003082,0.0,0.107103,0.019424,0.000553,0.08324418,0.0,0.006527,0.30315327,0.003484,0.003949,0.046457,0.611599,0.0,0.0,0.0,2/28/2022,2022,2
1636,2022-03-01,HAA,BT-13,0.338262,0.004086,0.008356,0.002577,0.0,0.093609,0.016288,0.00038,0.09470382,0.0,0.005286,0.30128273,0.003782,0.003698,0.039129,0.565358,0.0,0.0,0.0,3/31/2022,2022,3
1654,2022-04-01,HAA,BT-13,0.389104,0.005939,0.008891,0.003405,0.0,0.080768,0.017832,0.000746,0.099227,0.0,0.006365,0.22196,0.003048,0.003667,0.046081,0.497436,0.0,0.0,0.0,4/30/2022,2022,4
1672,2022-05-01,HAA,BT-13,0.368117,0.004704,0.011107,0.002461,0.0,0.085437,0.013023,0.000975,0.099236,0.0,0.006412,0.209433,0.003757,0.004643,0.045959,0.435649,0.0,0.0,0.0,5/31/2022,2022,5
1690,2022-06-01,HAA,BT-13,0.364181,0.00465,0.01183,0.002406,0.0,0.078928,0.009677,0.001204,0.094934,0.0,0.005862,0.190433,0.003486,0.002868,0.053967,0.345167,0.0,0.0,0.0,6/30/2022,2022,6
1708,2022-07-01,HAA,BT-13,0.352274,0.004826,0.011759,0.002712,0.0,0.073162,0.00999,0.00102,0.083136,0.0,0.006726,0.154892,0.003528,0.002639,0.049302,0.292354,0.0,0.0,0.0,7/31/2022,2022,7
1726,2022-08-01,HAA,BT-13,0.347961,0.003331,0.010511,0.003158,0.0,0.0677148,0.008753,0.001006,0.085525,0.0,0.005842,0.143383,0.004303,0.001537,0.049571,0.239207,0.0,0.0,0.0,8/31/2022,2022,8
1744,2022-09-01,HAA,BT-13,0.368847,0.004898,0.011441,0.003079,0.0,0.0714992,0.009866,0.001012,0.092077,0.0,0.005746,0.142343,0.003378,0.003192,0.053362,0.240222,0.0,0.0,0.0,9/30/2022,2022,9
1762,2022-10-01,HAA,BT-13,0.355087,0.003284,0.009738,0.003078,0.0,0.068677,0.01002,0.000991,0.084488,0.0,0.007454,0.170162,0.003395,0.003452,0.052593,0.315664,0.0,0.0,0.0,10/31/2022,2022,10
1780,2022-11-01,HAA,BT-13,0.39884,0.00404,0.015879,0.003193,0.0,0.087395,0.014688,0.001048,0.099044,0.0,0.006275,0.230772,0.003708,0.003283,0.081344,0.415138,0.0,0.0,0.0,11/30/2022,2022,11
1798,2022-12-01,HAA,BT-13,0.410265,0.004868,0.014216,0.004308,0.0,0.096996,0.018805,0.000973,0.103031,0.0,0.008234,0.316091,0.003714,0.003722,0.086886,0.5117,0.0,0.0,0.0,12/31/2022,2022,12
1816,2023-01-01,HAA,BT-13,0.406362,0.004466,0.010383,0.002686,0.0,0.095958,0.020441,0.00101,0.1009,0.0,0.007312,0.317838,0.004514,0.004368,0.068449,0.551874,0.00024,0.0,0.0,1/31/2023,2023,1
1834,2023-02-01,HAA,BT-13,0.375017,0.004234,0.007484,0.003167,0.0,0.087229,0.018144,0.001084,0.086522,0.0,0.007458,0.2296,0.004945,0.003541,0.051454,0.562675,0.00066,0.0,0.0,2/28/2023,2023,2
1852,2023-03-01,HAA,BT-13,0.341027,0.003566,0.00934,0.0034,0.0,0.093683,0.018167,0.000786,0.08349543,0.0,0.006567,0.22343791,0.002848,0.00267,0.0557628,0.00076,0.00076,0.0,0.0,3/31/2023,2023,3
1870,2023-04-01,HAA,BT-13,0.383866,0.004652,0.011814,0.003249,0.0,0.09877,0.022687,0.000876,0.10549557,0.0,0.006201,0.26620826,0.003841,0.001648,0.0846618,0.5102,0.00058,0.0,0.0,4/30/2023,2023,4
1888,2023-05-01,HAA,BT-13,0.353175,0.002935,0.009799,0.0031,0.0,0.088167,0.017244,0.00073,0.105986,0.0,0.005959,0.21115583,0.003636,0.003796,0.076148,0.429663,0.0005,0.0,0.0,5/31/2023,2023,5
1906,2023-06-01,HAA,BT-13,0.370466,0.003597,0.010019,0.003273,0.0,0.083937,0.01472,0.000986,0.103134,0.0,0.006725,0.193291,0.003417,0.002233,0.096207,0.369092,0.0005,0.0,0.0,6/30/2023,2023,6
1924,2023-07-01,HAA,BT-13,0.351366,0.003168,0.008113,0.002875,0.0,0.069605,0.008932,0.000847,0.091424,0.0,0.006567,0.147496,0.003477,0.002058,0.088239,0.271813,0.0005,0.0,0.0,7/31/2023,2023,7
1942,2023-08-01,HAA,BT-13,0.362509,0.00325,0.007565,0.002525,0.0,0.064117,0.008355,0.00074,0.084806,0.0,0.005818,0.113975,0.004429,0.002056,0.070021,0.241689,0.00032,0.0,0.0,8/31/2023,2023,8
1960,2023-09-01,HAA,BT-13,0.365293,0.002805,0.008661,0.002636,0.0,0.073996,0.009503,0.000788,0.095101,0.0,0.005912,0.143895,0.004181,0.002166,0.06099,0.242069,0.0002,0.0,0.0,9/30/2023,2023,9
1978,2023-10-01,HAA,BT-13,0.370422,0.003147,0.008752,0.002767,0.0,0.07502,0.009298,0.000675,0.095732,0.0,0.005933,0.152725,0.004281,0.002338,0.094678,0.27412,0.00014,0.0,0.0,10/31/2023,2023,10
1996,2023-11-01,HAA,BT-13,0.415871,0.003229,0.010079,0.003289,0.0,0.10061,0.013319,0.000687,0.109098,0.0,0.00617,0.227594,0.003748,0.00265,0.09197,0.4533,0.00052,0.0,0.0,11/30/2023,2023,11
2014,2023-12-01,HAA,BT-13,0.432869,0.004175,0.011373,0.003014,0.0,0.102638,0.018669,0.000645,0.101211,0.0,0.006153,0.268476,0.004253,0.002806,0.147065,0.470542,0.00026,0.0,0.0,12/31/2023,2023,12
2032,2024-01-01,HAA,BT-13,0.425857,0.00423,0.009316,0.003549,0.0,0.103385,0.0188,0.000732,0.103193,0.0,0.005328,0.253601,0.004707,0.004842,0.124572,0.502597,0.0002,0.0,0.0,1/31/2024,2024,1
2050,2024-02-01,HAA,BT-13,0.409903,0.004286,0.010218,0.002536,0.0,0.097877,0.019114,0.000491,0.085443,0.0,0.005556,0.218295,0.004225,0.004599,0.1203,0.528519,0.00032,0.0,0.0,2/29/2024,2024,2
2068,2024-03-01,HAA,BT-13,0.413633,0.004332,0.01085,0.004758,0.0,0.107699,0.027376,0.000534,0.085582,0.0,0.005174,0.26670349,0.003973,0.004448,0.108759,0.474331,0.00018,0.0,0.0,3/31/2024,2024,3
2086,2024-04-01,HAA,BT-13,0.402269,0.003191,0.011515,0.003389,0.0,0.104019,0.017173,0.001173,0.104684,0.0,0.005193,0.25872151,0.003888,0.003153,0.089076,0.47296,0.00022,0.0,0.0,4/30/2024,2024,4
2104,2024-05-01,HAA,BT-13,0.393395,0.003174,0.010246,0.003488,0.0,0.097365,0.016174,0.00082,0.110349,0.0,0.004606,0.236033,0.004097,0.003825,0.088993,0.425183,0.0002,0.0,0.0,5/31/2024,2024,5
2122,2024-06-01,HAA,BT-13,0.383367,0.002791,0.008536,0.003519,0.0,0.082305,0.014949,0.00084,0.098075,0.0,0.004983,0.202799,0.003674,0.003052,0.087431,0.362095,0.00038,0.0,0.0,6/30/2024,2024,6
2140,2024-07-01,HAA,BT-13,0.361434,0.002377,0.008244,0.003117,0.0,0.06866,0.01017,0.000792,0.08558,0.0,0.006473,0.160471,0.00308,0.002559,0.073477,0.246478,0.00028,0.0,0.0,7/31/2024,2024,7
2158,2024-08-01,HAA,BT-13,0.377372,0.001884,0.009716,0.002925,0.0,0.068178,0.011096,0.000803,0.08508,0.0,0.007636,0.143023,0.003752,0.002846,0.064298,0.217508,0.0002,0.0,0.0,8/31/2024,2024,8
2176,2024-09-01,HAA,BT-13,0.377528,0.00216,0.008564,0.003295,0.0,0.077842,0.011973,0.000839,0.093507,0.0,0.008363,0.162969,0.004521,0.003247,0.066323,0.233894,0.0002,0.0,0.0,9/30/2024,2024,9
2194,2024-10-01,HAA,BT-13,0.357827,0.002049,0.008357,0.003004,0.0,0.071096,0.009656,0.000657,0.085542,0.0,0.006899,0.16302,0.003568,0.002415,0.079201,0.249085,0.00032,0.0,0.0,10/31/2024,2024,10
2212,2024-11-01,HAA,BT-13,0.425416,0.002808,0.009843,0.003487,0.0,0.10273,0.014966,0.000806,0.109307,0.0,0.005975,0.211646,0.004264,0.00382,0.09829,0.396569,0.0005,0.0,0.0,11/30/2024,2024,11
2230,2024-12-01,HAA,BT-13,0.452812,0.003458,0.012008,0.00375,0.0,0.111074,0.017638,0.000637,0.106783,0.0,0.006314,0.279333,0.003346,0.003362,0.118264,0.444034,0.0004,0.0,0.0,12/31/2024,2024,12
2249,2025-01-01,HAA,BT-13,0.452485,0.003464,0.009638,0.003909,0.0,0.126394,0.020181,0.000764,0.107966,0.0,0.006372,0.262232,0.004496,0.004144,0.125272,0.487732,0.00062,0.0,0.0,1/31/2025,2025,1
2268,2025-02-01,HAA,BT-13,0.397167,0.00308,0.010039,0.002981,0.0,0.093525,0.01584,0.000239,0.086551,0.0,0.007244,0.232353,0.003556,0.004052,0.115577,0.486587,0.00028,0.0,0.0,2/28/2025,2025,2
2287,2025-03-01,HAA,BT-13,0.412192,0.003021,0.007972,0.003153,0.0,0.106452,0.017186,0.000299,0.086341,0.0,0.006478,0.264843,0.003592,0.004356,0.082993,0.488134,0.00046,0.0,0.0,3/31/2025,2025,3
2306,2025-04-01,HAA,BT-13,0.442202,0.004484,0.008335,0.003354,,0.11433,0.020006,0.000377,0.102204,,0.006633,0.309047,0.00376,0.0037,0.106069,0.454536,0.00018,0.0,0.0,4/30/2025,2025,4
2325,2025-05-01,HAA,BT-13,0.419048,0.0026,0.008131,0.003341,,0.105378,0.016066,0.000338,0.12037,,0.007875,0.258948,0.003754,0.003382,0.063304,0.423193,0.00042,0.0,0.0,5/31/2025,2025,5
2344,2025-06-01,HAA,BT-13,0.400675,0.003808,0.007102,0.003016,,0.091004,0.013192,0.000376,0.108121,,0.005982,0.231554,0.003651,0.002921,0.060834,0.374904,0.00056,0.0,0.0,6/1/2025,2025,6
2363,2025-07-01,HAA,BT-13,0.380045,0.004355,0.006743,0.003553,,0.077037,0.010658,0.000305,0.089759,,0.006904,0.168566,0.004033,0.002309,0.039106,0.232076,0.00082,0.0,0.0,7/1/2025,2025,7
2382,2025-08-01,HAA,BT-13,0.372752,0.003775,0.00681,0.002618,,0.061304,0.008855,0.000443,0.084401,,0.007048,0.154988,0.00274,0.002436,0.027075,0.208181,0.00044,0.0,0.0,8/1/2025,2025,8
2401,2025-09-01,HAA,BT-13,0.392639,0.003704,0.006972,0.0026,,0.071175,0.00952,0.00054,0.090458,,0.007637,0.170126,0.003334,0.002643,0.03836,0.2253,0.00074,0.0,0.0,9/1/2025,2025,9
2420,2025-10-01,HAA,BT-13,0.375531,0.003526,0.006915,0.002434,,0.078866,0.009822,0.000561,0.093163,,0.007299,0.195353,0.003558,0.002861,0.041077,0.273988,0.00044,0.0,0.0,10/1/2025,2025,10
2439,2025-11-01,HAA,BT-13,0.449831,0.004146,0.008442,0.003558,,0.116067,0.014066,0.000743,0.128369,,0.007274,0.251539,0.004071,0.003515,0.059549,0.408844,0.00108,0.0,0.0,11/1/2025,2025,11
2458,2025-12-01,HAA,BT-13,0.479659,0.002944,0.007944,0.0028,,0.122454,0.017645,0.000469,0.116653,,0.006532,0.286384,0.004228,0.003767,0.057066,0.445739,0.00066,0.0,0.0,12/1/2025,2025,12
6,2015-01-01,LHUENTSE,BT-44,0.247626,0.0,0.0,0.0,0.0,0.042638,0.0,0.0,0.012744,0.000302,0.000784,0.041156,0.005167,0.0,0.016919,0.005669,0.0,0.0,0.0,1/31/2015,2015,1
25,2015-02-01,LHUENTSE,BT-44,0.237959,0.0,0.0,0.0,0.0,0.03491,0.0,0.0,0.0149,0.000297,0.000379,0.046851,0.000838,0.0,0.012323,0.006755,0.0,0.0,0.0,2/28/2015,2015,2
44,2015-03-01,LHUENTSE,BT-44,0.226828,0.0,0.0,0.0,0.0,0.029692,0.0,0.0,0.013699,0.000212,0.000322,0.047001,0.000908,0.0,0.01771,0.009365,0.0,0.0,0.0,3/31/2015,2015,3
63,2015-04-01,LHUENTSE,BT-44,0.212479,0.0,0.0,0.0,0.0,0.028349,0.0,0.0,0.012493,0.000186,0.000411,0.042237,0.001041,0.0,0.012246,0.010721,0.0,0.0,0.0,4/30/2015,2015,4
82,2015-05-01,LHUENTSE,BT-44,0.211629,0.0,0.0,0.0,0.0,0.028883,0.0,0.0,0.012577,0.00029,0.000314,0.053523,0.00118,0.0,0.012867,0.01079,0.0,0.0,0.0,5/31/2015,2015,5
101,2015-06-01,LHUENTSE,BT-44,0.275818,0.0,0.0,0.0,0.0,0.029539,0.0,0.0,0.012838,0.001965,0.000452,0.059477,0.001517,0.0,0.009952,0.011946,0.0,0.0,0.0,6/30/2015,2015,6
120,2015-07-01,LHUENTSE,BT-44,0.252075,0.0,0.0,0.0,0.0,0.039372,0.0,0.0,0.014908,0.000111,0.00032,0.045831,0.001112,0.0,0.007042,0.00864,0.0,0.0,0.0,7/31/2015,2015,7
139,2015-08-01,LHUENTSE,BT-44,0.029712,0.0,0.0,0.0,0.0,0.229733,0.0,0.0,0.012415,0.000189,0.000162,0.042888,0.000939,0.0,0.01031,0.007628,0.0,0.0,0.0,8/31/2015,2015,8
158,2015-09-01,LHUENTSE,BT-44,0.222585,0.0,0.0,0.0,0.0,0.027941,0.0,0.0,0.011551,0.000213,0.0006,0.04768,0.001021,0.0,0.009816,0.009064,0.0,0.0,0.0,9/30/2015,2015,9
177,2015-10-01,LHUENTSE,BT-44,0.227299,0.0,0.0,0.0,0.0,0.027908,0.0,0.0,0.013508,0.000283,0.000617,0.045705,0.000995,0.0,0.007817,0.006923,0.0,0.0,0.0,10/31/2015,2015,10
196,2015-11-01,LHUENTSE,BT-44,0.239944,0.0,0.0,0.0,0.0,0.045615,0.0,0.0,0.014823,0.000206,0.000132,0.053361,0.001403,0.0,0.008216,0.010863,0.0,0.0,0.0,11/30/2015,2015,11
215,2015-12-01,LHUENTSE,BT-44,0.223412,0.0,0.0,0.0,0.0,0.033186,0.0,0.0,0.020144,0.000223,0.000306,0.041162,0.000914,0.0,0.006261,0.007745,0.0,0.0,0.0,12/31/2015,2015,12
234,2016-01-01,LHUENTSE,BT-44,0.258263,0.0,0.0,0.0,0.0,0.037921,0.0,0.0,0.01867,0.000796,0.000698,0.044285,0.000515,0.0,0.01323,0.007202,0.0,0.0,0.0,1/31/2016,2016,1
253,2016-02-01,LHUENTSE,BT-44,0.271347,0.0,0.0,0.0,0.0,0.045884,0.0,0.0,0.018828,0.000238,0.000581,0.04155,0.000712,0.000811,0.008295,0.010993,0.0,0.0,0.0,2/29/2016,2016,2
272,2016-03-01,LHUENTSE,BT-44,0.241953,0.0,0.0,0.0,0.0,0.040264,0.0,0.0,0.019246,0.000264,0.000424,0.049026,0.002504,0.0,0.010985,0.008805,0.0,0.0,0.0,3/31/2016,2016,3
291,2016-04-01,LHUENTSE,BT-44,0.26717,0.0,0.0,0.0,0.0,0.032159,0.0,0.0,0.016467,0.000253,0.000757,0.066909,0.003575,0.0,0.011037,0.105895,0.0,0.0,0.0,4/30/2016,2016,4
310,2016-05-01,LHUENTSE,BT-44,0.291081,0.0,0.0,0.0,0.0,0.035972,0.0,0.0,0.017086,4e-05,0.000236,0.065497,0.001096,0.0,0.011631,0.03216,0.0,0.0,0.0,5/31/2016,2016,5
329,2016-06-01,LHUENTSE,BT-44,0.25426,0.0,0.0,0.0,0.0,0.03394,0.0,0.0,0.018285,3.4e-05,0.000298,0.057781,0.001333,0.0,0.009481,0.020775,0.0,0.0,0.0,6/30/2016,2016,6
348,2016-07-01,LHUENTSE,BT-44,0.244663,0.0,0.0,0.0,0.0,0.028021,0.0,0.0,0.01453,0.000119,0.000365,0.049584,0.001187,0.0,0.00952,0.0116,0.0,0.0,0.0,7/31/2016,2016,7
367,2016-08-01,LHUENTSE,BT-44,0.220602,0.0,0.0,0.0,0.0,0.034561,0.0,0.0,0.015231,0.000753,0.000677,0.055835,0.000704,0.0,0.00865,0.00484,0.0,0.0,0.0,8/31/2016,2016,8
386,2016-09-01,LHUENTSE,BT-44,0.224192,0.0,0.0,0.0,0.0,0.0343,0.0,0.0,0.016125,0.000122,0.00072,0.054397,0.000784,0.0,0.007871,0.00304,0.0,0.0,0.0,9/30/2016,2016,9
405,2016-10-01,LHUENTSE,BT-44,0.224431,0.0,0.0,0.0,0.0,0.031897,0.0,0.0,0.014654,6.1e-05,0.000359,0.056261,0.00077,0.0,0.007272,0.0032,0.0,0.0,0.0,10/31/2016,2016,10
424,2016-11-01,LHUENTSE,BT-44,0.241435,0.0,0.0,0.0,0.0,0.040363,0.0,0.0,0.01722,0.000102,0.000646,0.05945,0.001316,0.0,0.006978,0.00256,0.0,0.0,0.0,11/30/2016,2016,11
443,2016-12-01,LHUENTSE,BT-44,0.2585,0.0,0.0,0.0,0.0,0.040851,0.0,0.0,0.013805,0.000285,0.000899,0.058035,0.000761,0.0,0.008169,0.0078,0.0,0.0,0.0,12/31/2016,2016,12
462,2017-01-01,LHUENTSE,BT-44,0.259323,0.000174,0.007454,0.004641,0.0,0.058632,0.008106,0.0,0.020771,0.00036,0.000962,0.061969,0.001298,0.0,0.013076,0.0136,0.0,0.0,0.0,1/31/2017,2017,1
481,2017-02-01,LHUENTSE,BT-44,0.253396,6.7e-05,0.006822,0.003093,0.0,0.041986,0.00959,0.0,0.015596,0.000239,0.000925,0.049306,0.001007,0.0,0.01313,0.00868,0.0,0.0,0.0,2/28/2017,2017,2
500,2017-03-01,LHUENTSE,BT-44,0.229704,9.5e-05,0.006193,0.008785,0.0,0.03798,0.007344,0.0,0.016005,0.000377,0.000546,0.049852,0.000745,0.0,0.00874,0.00468,0.0,0.0,0.0,3/31/2017,2017,3
519,2017-04-01,LHUENTSE,BT-44,0.234387,7.9e-05,0.006284,0.003434,0.0,0.035979,0.006709,0.0,0.016684,0.00042,0.000849,0.058882,0.0027,0.0,0.007383,0.01312,0.0,0.0,0.0,4/30/2017,2017,4
538,2017-05-01,LHUENTSE,BT-44,0.224435,8e-06,0.006088,0.002381,0.0,0.036147,0.007951,0.0,0.02134,0.000388,0.000704,0.053222,0.001508,0.0,0.008003,0.00868,0.0,0.0,0.0,5/31/2017,2017,5
557,2017-06-01,LHUENTSE,BT-44,0.226071,0.000188,0.006904,0.003528,0.0,0.026462,0.007411,0.0,0.016131,0.000439,0.000914,0.051013,0.003911,0.0,0.007575,0.00732,0.0,0.0,0.0,6/30/2017,2017,6
576,2017-07-01,LHUENTSE,BT-44,0.223631,0.000165,0.006697,0.00244,0.0,0.032417,0.006257,0.0,0.018496,0.000439,0.000449,0.045022,0.003234,0.0,0.004405,0.0044,0.0,0.0,0.0,7/31/2017,2017,7
595,2017-08-01,LHUENTSE,BT-44,0.199746,6e-06,0.003674,0.003556,0.0,0.039323,0.0048,0.0,0.022434,0.001468,0.000495,0.039826,0.00214,0.0,0.002023,0.00308,0.0,0.0,0.0,8/31/2017,2017,8
614,2017-09-01,LHUENTSE,BT-44,0.222713,0.0,0.003601,0.003401,0.0,0.045534,0.006642,0.0,0.025529,0.001483,0.000661,0.061117,0.001974,0.0,0.001376,0.00432,0.0,0.0,0.0,9/30/2017,2017,9
633,2017-10-01,LHUENTSE,BT-44,0.20415,0.0,0.003768,0.003415,0.0,0.040006,0.005941,0.0,0.021622,0.001487,0.000698,0.05705,0.002545,0.0,0.001386,0.01256,0.0,0.0,0.0,10/31/2017,2017,10
652,2017-11-01,LHUENTSE,BT-44,0.226386,5.3e-05,0.003494,0.003874,0.0,0.05057,0.00554,0.0,0.016459,0.001245,0.000674,0.057473,0.002753,0.0,0.001913,0.009601,0.0,0.0,0.0,11/30/2017,2017,11
671,2017-12-01,LHUENTSE,BT-44,0.236699,5e-06,0.003598,0.004121,0.0,0.055584,0.010783,0.0,0.017265,0.001295,0.001057,0.059071,0.002396,0.0,0.001909,0.00972,0.0,0.0,0.0,12/31/2017,2017,12
690,2018-01-01,LHUENTSE,BT-44,0.24828,1e-06,0.004265,0.005466,0.0,0.065675,0.014005,0.0,0.017467,0.001573,0.002143,0.052887,0.003229,0.0,0.000799,0.012012,0.0,0.0,0.0,1/31/2018,2018,1
709,2018-02-01,LHUENTSE,BT-44,0.267627,0.0,0.004724,0.004038,0.0,0.061817,0.017117,0.0,0.016351,0.001529,0.002829,0.065419,0.003859,0.0,0.003375,0.03184,0.0,0.0,0.0,2/28/2018,2018,2
728,2018-03-01,LHUENTSE,BT-44,0.231493,9e-06,0.003876,0.004289,0.0,0.056226,0.018627,0.0,0.014345,0.001822,0.001879,0.06058,0.004176,0.0,0.002946,0.015963,0.0,0.0,0.0,3/31/2018,2018,3
747,2018-04-01,LHUENTSE,BT-44,0.234999,0.0,0.003838,0.003903,0.0,0.05152,0.015512,0.0,0.015976,0.001893,0.001601,0.06324,0.004086,0.0,0.00312,0.00912,0.0,0.0,0.0,4/30/2018,2018,4
766,2018-05-01,LHUENTSE,BT-44,0.221039,0.0,0.003431,0.004075,0.0,0.051367,0.013156,0.0,0.014443,0.00137,0.001143,0.054883,0.004238,0.0,0.001992,0.00664,0.0,0.0,0.0,5/31/2018,2018,5
785,2018-06-01,LHUENTSE,BT-44,0.215678,0.0,0.00286,0.004601,0.0,0.046247,0.010446,0.0,0.015887,0.001818,0.00067,0.055423,0.004484,0.0,0.008183,0.0102,0.0,0.0,0.0,6/30/2018,2018,6
804,2018-07-01,LHUENTSE,BT-44,0.214985,0.0,0.00355,0.004144,0.0,0.049865,0.00906,0.0,0.017331,0.001477,0.000763,0.053556,0.004677,0.0,0.001279,0.00448,0.0,0.0,0.0,7/31/2018,2018,7
823,2018-08-01,LHUENTSE,BT-44,0.216031,0.0,0.003842,0.003282,0.0,0.043774,0.008079,0.0,0.015184,0.001546,0.000808,0.044033,0.004247,0.0,0.001599,0.003409,0.0,0.0,0.0,8/31/2018,2018,8
842,2018-09-01,LHUENTSE,BT-44,0.23957,0.0,0.003673,0.003797,0.0,0.050668,0.009916,0.0,0.017775,0.001706,0.001221,0.061401,0.005905,0.0,0.00167,0.003667,0.0,0.0,0.0,9/30/2018,2018,9
861,2018-10-01,LHUENTSE,BT-44,0.222272,0.0,0.003396,0.004054,0.0,0.04727,0.009869,0.0,0.015595,0.001809,0.000808,0.057315,0.005492,0.0,0.002668,0.002576,0.0,0.0,0.0,10/31/2018,2018,10
880,2018-11-01,LHUENTSE,BT-44,0.233646,0.0,0.003846,0.004503,0.0,0.055317,0.011911,0.0,0.015462,0.003912,0.000803,0.065997,0.005718,0.0,0.002678,0.002778,0.0,0.0,0.0,11/30/2018,2018,11
899,2018-12-01,LHUENTSE,BT-44,0.269326,0.0,0.003155,0.005574,0.0,0.057374,0.011225,0.0,0.01511,0.003723,0.000826,0.066107,0.004691,0.0,0.003161,0.005049,0.0,0.0,0.0,12/31/2018,2018,12
918,2019-01-01,LHUENTSE,BT-44,0.312794,0.0,0.004586,0.005978,0.0,0.081813,0.017343,0.0,0.018233,0.003886,0.001111,0.06314,0.005846,0.0,0.004378,0.004894,0.0,0.0,0.0,1/31/2019,2019,1
937,2019-02-01,LHUENTSE,BT-44,0.282833,0.0,0.003161,0.00408,0.0,0.053401,0.016706,0.0,0.013629,0.004182,0.000554,0.047448,0.004166,0.0,0.002224,0.006883,0.0,0.0,0.0,2/28/2019,2019,2
956,2019-03-01,LHUENTSE,BT-44,0.216325,0.0,0.003233,0.00559,0.0,0.057489,0.013235,0.0,0.013575,0.002574,0.001214,0.05883,0.003976,0.0,0.002348,0.003172,0.0,0.0,0.0,3/31/2019,2019,3
975,2019-04-01,LHUENTSE,BT-44,0.251554,0.0,0.003873,0.004906,0.0,0.05717,0.015785,0.0,0.016424,0.0035,0.000748,0.068152,0.005651,0.0,0.003544,0.004768,0.0,0.0,0.0,4/30/2019,2019,4
994,2019-05-01,LHUENTSE,BT-44,0.227832,0.0,0.003174,0.004561,0.0,0.049519,0.01281,0.0,0.016194,0.003938,0.000765,0.067579,0.004425,0.0,0.001745,0.003732,0.0,0.0,0.0,5/31/2019,2019,5
1013,2019-06-01,LHUENTSE,BT-44,0.214295,0.0,0.003596,0.003369,0.0,0.04866,0.010271,0.0,0.015977,0.002399,0.001034,0.066784,0.004119,0.0,0.002138,0.003839,0.0,0.0,0.0,6/30/2019,2019,6
1032,2019-07-01,LHUENTSE,BT-44,0.238194,0.0,0.003701,0.003525,0.0,0.051682,0.010855,0.0,0.018518,0.001324,0.001708,0.06524,0.004677,0.0,0.001721,0.006784,0.0,0.0,0.0,7/31/2019,2019,7
1051,2019-08-01,LHUENTSE,BT-44,0.232169,0.0,0.003519,0.003485,0.0,0.048607,0.009381,0.0,0.018623,0.001465,0.001727,0.048649,0.004179,0.0,0.001383,0.003793,0.0,0.0,0.0,8/31/2019,2019,8
1070,2019-09-01,LHUENTSE,BT-44,0.228735,0.0,0.004238,0.00347,0.0,0.049982,0.011109,0.0,0.018507,0.001899,0.001711,0.070257,0.004401,0.0,0.002692,0.006242,0.0,0.0,0.0,9/30/2019,2019,9
1089,2019-10-01,LHUENTSE,BT-44,0.235584,0.0,0.003374,0.003345,0.0,0.050081,0.00905,0.0,0.015754,0.001988,0.001344,0.063932,0.005952,0.0,0.002176,0.007768,0.0,0.0,0.0,10/31/2019,2019,10
1108,2019-11-01,LHUENTSE,BT-44,0.245274,0.0,0.003294,0.00373,0.0,0.051831,0.012143,0.0,0.017888,0.001653,0.001513,0.065627,0.004536,0.0,0.002098,0.007626,0.0,0.0,0.0,11/30/2019,2019,11
1127,2019-12-01,LHUENTSE,BT-44,0.258989,0.0,0.003535,0.004409,0.0,0.051929,0.010854,0.0,0.015786,0.001596,0.002403,0.068356,0.004215,0.0,0.002263,0.007104,0.0,0.0,0.0,12/31/2019,2019,12
1146,2020-01-01,LHUENTSE,BT-44,0.310034,0.0,0.003774,0.005053,0.0,0.078273,0.019895,0.0,0.017588,0.001746,0.002055,0.0680872,0.007017,0.0,0.005876,0.010293,0.0,0.0,0.0,1/31/2020,2020,1
1165,2020-02-01,LHUENTSE,BT-44,0.31002,0.0,0.003375,0.006967,0.0,0.0771,0.020978,0.0,0.018596,0.001636,0.001315,0.0677468,0.007107,0.0,0.004922,0.006707,0.0,0.0,0.0,2/29/2020,2020,2
1184,2020-03-01,LHUENTSE,BT-44,0.260453,0.0,0.002911,0.004843,0.0,0.051829,0.015581,0.0,0.015235,0.001292,0.002166,0.0690713,0.004975,0.0,0.011253,0.005268,0.0,0.0,0.0,3/31/2020,2020,3
1203,2020-04-01,LHUENTSE,BT-44,0.274107,0.0,0.003448,0.005729,0.0,0.056532,0.013044,0.0,0.019276,0.001478,0.002928,0.0623241,0.004654,0.0,0.004201,0.007563,0.0,0.0,0.0,4/30/2020,2020,4
1222,2020-05-01,LHUENTSE,BT-44,0.26178,0.0,0.003598,0.00491,0.0,0.049768,0.011931,0.0,0.015663,0.00147,0.001897,0.045292,0.00346,0.0,0.011288,0.006766,0.0,0.0,0.0,5/31/2020,2020,5
1241,2020-06-01,LHUENTSE,BT-44,0.278643,0.0,0.003689,0.005205,0.0,0.051526,0.01133,0.0,0.017368,0.001427,0.003357,0.04674,0.003708,0.0,0.005819,0.006459,0.0,0.0,0.0,6/30/2020,2020,6
1260,2020-07-01,LHUENTSE,BT-44,0.25598704,0.0,0.003939,0.004534,0.0,0.049204,0.009485,0.0,0.017925,0.001749,0.001799,0.0469439,0.003433,0.0,0.005469,0.007099,0.0,0.0,0.0,7/31/2020,2020,7
1279,2020-08-01,LHUENTSE,BT-44,0.254489,0.0,0.003527,0.004702,0.0,0.049168,0.009577,0.0,0.018998,0.000938,0.00219,0.0566069,0.005295,0.0,0.003681,0.007797,0.0,0.0,0.0,8/31/2020,2020,8
1298,2020-09-01,LHUENTSE,BT-44,0.26689602,0.0,0.00376077,0.00487005,0.0,0.05087078,0.0102438,0.0,0.01942479,0.00109849,0.00247527,0.050585152,0.00419038,0.0,0.00813142,0.00719543,0.0,0.0,0.0,9/30/2020,2020,9
1317,2020-10-01,LHUENTSE,BT-44,0.28201574,0.0,0.00314223,0.00423995,0.0,0.05407022,0.0131282,0.0,0.01774421,0.00055251,0.00075673,0.065736548,0.00435962,0.0,0.00980858,0.00437057,0.0,0.0,0.0,10/31/2020,2020,10
1336,2020-11-01,LHUENTSE,BT-44,0.265829,0.0,0.002406,0.004145,0.0,0.043832,0.010762,0.0,0.017653,0.000716,0.001078,0.0565878,0.004566,0.0,0.004385,0.007021,0.0,0.0,0.0,11/30/2020,2020,11
1355,2020-12-01,LHUENTSE,BT-44,0.29168,0.0,0.002718,0.006399,0.0,0.060161,0.015432,0.0,0.017704,0.001262,0.000774,0.0688497,0.004513,0.0,0.005671,0.012362,0.0,0.0,0.0,12/31/2020,2020,12
1373,2021-01-01,LHUENTSE,BT-44,0.344043,0.0,0.002887,0.006488,0.0,0.079081,0.027242,0.0,0.019111,0.000822,0.001179,0.0716298,0.004765,0.0,0.004862,0.013834,0.0,0.0,0.0,1/31/2021,2021,1
1392,2021-02-01,LHUENTSE,BT-44,0.30926,0.0,0.00297,0.005258,0.0,0.070007,0.02633,0.0,0.016249,0.000668,0.000785,0.0664794,0.003896,0.0,0.006521,0.008103,0.0,0.0,0.0,2/28/2021,2021,2
1411,2021-03-01,LHUENTSE,BT-44,0.263505,0.0,0.002815,0.006287,0.0,0.062599,0.019148,0.0,0.016198,0.001045,0.001014,0.0779568,0.003456,0.0,0.005677,0.008223,0.0,0.0,0.0,3/31/2021,2021,3
1430,2021-04-01,LHUENTSE,BT-44,0.275033,0.0,0.002605,0.00598,0.0,0.066671,0.016302,0.0,0.019899,0.00089,0.000996,0.0833739,0.005063,0.0,0.007483,0.00936136,0.0,0.0,0.0,4/30/2021,2021,4
1449,2021-05-01,LHUENTSE,BT-44,0.258231,0.0,0.003001,0.005445,0.0,0.039839,0.012887,0.0,0.017665,0.00109,0.001472,0.061272,0.003246,0.0,0.004531,0.009161,0.0,0.0,0.0,5/31/2021,2021,5
1468,2021-06-01,LHUENTSE,BT-44,0.244168,0.0,0.00251,0.005037,0.0,0.047423,0.010833,0.0,0.016886,0.000906,0.001704,0.0677414,0.003763,0.0,0.006322,0.006567,0.0,0.0,0.0,6/30/2021,2021,6
1487,2021-07-01,LHUENTSE,BT-44,0.255839,0.0,0.003413,0.006431,0.0,0.053937,0.011032,0.0,0.02,0.001059,0.001186,0.0725067,0.003618,0.0,0.004249,0.010278,0.0,0.0,0.0,7/31/2021,2021,7
1506,2021-08-01,LHUENTSE,BT-44,0.254089,0.0,0.00337,0.005304,0.0,0.052207,0.009178,0.0,0.020827,0.000924,0.001148,0.0645946,0.003316,0.0,0.004085,0.011859,0.0,0.0,0.0,8/31/2021,2021,8
1525,2021-09-01,LHUENTSE,BT-44,0.266284,0.0,0.003458,0.004732,0.0,0.051762,0.010808,0.0,0.021866,0.000943,0.000907,0.0687403,0.003852,0.0,0.008596,0.011251,0.0,0.0,0.0,9/30/2021,2021,9
1544,2021-10-01,LHUENTSE,BT-44,0.264639,0.0,0.003081,0.004869,0.0,0.056058,0.009643,0.0,0.020545,0.000891,0.001512,0.0730679,0.002726,0.0,0.00499,0.010741,0.0,0.0,0.0,10/31/2021,2021,10
1563,2021-11-01,LHUENTSE,BT-44,0.268861,0.0,0.002891,0.005658,0.0,0.042844,0.014608,0.0,0.019761,0.000813,0.001464,0.0745833,0.006228,0.0,0.007188,0.01312,0.0,0.0,0.0,11/30/2021,2021,11
1582,2021-12-01,LHUENTSE,BT-44,0.273315,0.0,0.002376,0.006155,0.0,0.059171,0.013946,0.0,0.018808,0.000863,0.001208,0.0764495,0.003917,0.0,0.007832,0.016861,0.0,0.0,0.0,12/31/2021,2021,12
1601,2022-01-01,LHUENTSE,BT-44,0.377821,0.0,0.003706,0.008307,0.0,0.08284,0.019714,0.0,0.024825,0.000982,0.001711,0.0827353,0.005514,0.0,0.012893,0.021645,0.0,0.0,0.0,1/31/2022,2022,1
1619,2022-02-01,LHUENTSE,BT-44,0.380539,0.0,0.00342,0.008447,0.0,0.082798,0.027622,0.0,0.023433,0.001334,0.001936,0.09308682,0.004606,0.0,0.015522,0.015224,0.0,0.0,0.0,2/28/2022,2022,2
1637,2022-03-01,LHUENTSE,BT-44,0.28097348,0.0,0.002985,0.006167,0.0,0.068943,0.018929,0.0,0.020561,0.000933,0.002712,0.06920955,0.002924,0.0,0.011592,0.009108,0.0,0.0,0.0,3/31/2022,2022,3
1655,2022-04-01,LHUENTSE,BT-44,0.28042132,0.0,0.003066,0.00712,0.0,0.051348,0.012007,0.0,0.021352,0.001343,0.001076,0.05786164,0.003179,0.0,0.007115,0.011396,0.0,0.0,0.0,4/30/2022,2022,4
1673,2022-05-01,LHUENTSE,BT-44,0.25373543,0.000278,0.002523,0.005701,0.0,0.050305,0.010605,0.0,0.02052,0.00108,0.00071,0.06514348,0.002895,0.0,0.007421,0.010181,0.0,0.0,0.0,5/31/2022,2022,5
1691,2022-06-01,LHUENTSE,BT-44,0.25510701,0.000327,0.002811,0.005459,0.0,0.04988757,0.009986,0.0,0.023359,0.001489,0.000526,0.07162515,0.003659,0.0,0.016614,0.012203,0.0,0.0,0.0,6/30/2022,2022,6
1709,2022-07-01,LHUENTSE,BT-44,0.25123343,0.0,0.003103,0.00455302,0.0,0.05384397,0.008766,0.0,0.02297,0.001568,0.000413,0.07540752,0.003652,0.0,0.020691,0.008842,0.0,0.0,0.0,7/31/2022,2022,7
1727,2022-08-01,LHUENTSE,BT-44,0.26140429,4e-06,0.003285,0.00559379,0.0,0.0577555,0.011072,0.0,0.024593,0.001308,0.000628,0.0814593,0.003581,0.0,0.019596,0.00962,0.0,0.0,0.0,8/31/2022,2022,8
1745,2022-09-01,LHUENTSE,BT-44,0.27534404,1.7e-05,0.003883,0.00516119,0.0,0.05792696,0.011294,0.0,0.025333,0.001315,0.000661,0.06918744,0.003899,0.000518,0.020221,0.009445,0.0,0.0,0.0,9/30/2022,2022,9
1763,2022-10-01,LHUENTSE,BT-44,0.257772,8e-06,0.002765,0.004976,0.0,0.047342,0.010749,0.0,0.027221,0.00124,0.000632,0.0699178,0.002925,4.4e-05,0.018797,0.011675,0.0,0.0,0.0,10/31/2022,2022,10
1781,2022-11-01,LHUENTSE,BT-44,0.27490334,6e-06,0.002596,0.00554108,0.0,0.04912162,0.010519,0.0,0.024244,0.001333,0.000482,0.07301138,0.003391,9.6e-05,0.018621,0.02999,0.0,0.0,0.0,11/30/2022,2022,11
1799,2022-12-01,LHUENTSE,BT-44,0.30272809,1.4e-05,0.002846,0.00798178,0.0,0.06550429,0.013794,0.0,0.02715,0.001524,0.00107,0.08225516,0.004275,4.4e-05,0.027303,0.032594,0.0,0.0,0.0,12/31/2022,2022,12
1817,2023-01-01,LHUENTSE,BT-44,0.35497749,4e-06,0.003062,0.007743,0.0,0.07916009,0.024004,0.0,0.028641,0.001197,0.000606,0.08249241,0.005016,4.7e-05,0.020914,0.067548,0.0,0.0,0.0,1/31/2023,2023,1
1835,2023-02-01,LHUENTSE,BT-44,0.34069029,9.9e-05,0.003417,0.00807714,0.0,0.069337,0.022357,0.0,0.027509,0.001103,0.000779,0.06901649,0.004319,5.4e-05,0.018784,0.066625,0.0,0.0,0.0,2/28/2023,2023,2
1853,2023-03-01,LHUENTSE,BT-44,0.30531986,4.3e-05,0.002837,0.006829,0.0,0.061962,0.015637,0.0,0.024696,0.000848,0.000537,0.07823096,0.005444,3.2e-05,0.014305,0.0,0.0,0.0,0.0,3/31/2023,2023,3
1871,2023-04-01,LHUENTSE,BT-44,0.29965466,5e-05,0.003427,0.008365,0.0,0.0585989,0.020238,0.0,0.02688,0.001069,0.00054,0.09132585,0.008294,3.9e-05,0.021092,0.063017,0.0,0.0,0.0,4/30/2023,2023,4
1889,2023-05-01,LHUENTSE,BT-44,0.28047483,2.4e-05,0.003482,0.006344,0.0,0.05708109,0.017122,0.0,0.026695,0.001158,0.000391,0.08318946,0.004346,3.4e-05,0.016022,0.076113,0.0,0.0,0.0,5/31/2023,2023,5
1907,2023-06-01,LHUENTSE,BT-44,0.25573088,5e-06,0.002499,0.005495,0.0,0.049908,0.012204,0.0,0.026582,0.001106,0.000653,0.08057593,0.004069,3.2e-05,0.013825,0.083997,0.0,0.0,0.0,6/30/2023,2023,6
1925,2023-07-01,LHUENTSE,BT-44,0.26255256,3e-06,0.003091,0.004695,0.0,0.05124787,0.012361,0.0,0.02727,0.001016,0.000384,0.07768373,0.00525,3.2e-05,0.009461,0.081863,0.0,0.0,0.0,7/31/2023,2023,7
1943,2023-08-01,LHUENTSE,BT-44,0.265957,1e-05,0.003181,0.004996,0.0,0.05110214,0.015203,0.0,0.028017,0.001141,0.000456,0.06139163,0.006856,3.4e-05,0.007402,0.063406,0.0,0.0,0.0,8/31/2023,2023,8
1961,2023-09-01,LHUENTSE,BT-44,0.273821,4.4e-05,0.002807,0.005354,0.0,0.057209,0.013485,0.0,0.029003,0.001029,0.000492,0.0846985,0.007245,2.3e-05,0.013506,0.056038,0.0,0.0,0.0,9/30/2023,2023,9
1979,2023-10-01,LHUENTSE,BT-44,0.271178,1.3e-05,0.002764,0.005062,0.0,0.053164,0.01496,0.0,0.027999,0.000985,0.000589,0.0805009,0.006016,4.9e-05,0.008262,0.055842,0.0,0.0,0.0,10/31/2023,2023,10
1997,2023-11-01,LHUENTSE,BT-44,0.280974,0.000306,0.002315,0.005479,0.0,0.054303,0.012524,0.0,0.030921,0.000775,0.000584,0.082718,0.00724,8e-06,0.008876,0.067138,0.0,0.0,0.0,11/30/2023,2023,11
2015,2023-12-01,LHUENTSE,BT-44,0.315411,0.000587,0.002274,0.006268,0.0,0.063133,0.015157,0.0,0.029328,0.00082,0.000599,0.0869771,0.007954,0.0,0.011808,0.058458,8e-05,0.0,0.0,12/31/2023,2023,12
2033,2024-01-01,LHUENTSE,BT-44,0.393882,0.000158,0.002656,0.007889,0.0,0.081713,0.023613,0.0,0.033789,0.001008,0.002761,0.09549452,0.009102,4.1e-05,0.007647,0.068129,8e-05,0.0,0.0,1/31/2024,2024,1
2051,2024-02-01,LHUENTSE,BT-44,0.383286,0.0001,0.003715,0.008609,0.0,0.072605,0.024989,0.0,0.03466,0.001026,0.002406,0.07262736,0.008477,0.000138,0.012459,0.073467,0.00028,0.0,0.0,2/29/2024,2024,2
2069,2024-03-01,LHUENTSE,BT-44,0.3477,0.0002,0.002968,0.00808,0.0,0.068971,0.01841,0.0,0.029374,0.001138,0.001543,0.0789552,0.008066,0.000133,0.017621,0.062347,4e-05,0.0,0.0,3/31/2024,2024,3
2087,2024-04-01,LHUENTSE,BT-44,0.292885,9.9e-05,0.002668,0.008052,0.0,0.06435667,0.01123,0.0,0.030864,0.001002,0.000706,0.10278284,0.007888,8.4e-05,0.01507,0.085074,8e-05,0.0,0.0,4/30/2024,2024,4
2105,2024-05-01,LHUENTSE,BT-44,0.274507,9.9e-05,0.005716,0.005586,0.0,0.05317339,0.013952,0.0,0.030971,0.001287,0.000694,0.0769876,0.006907,0.000107,0.009864,0.05034,4e-05,0.0,0.0,5/31/2024,2024,5
2123,2024-06-01,LHUENTSE,BT-44,0.277444,9.9e-05,0.002767,0.005788,0.0,0.05321494,0.012488,0.0,0.032523,0.001098,0.001094,0.08353214,0.008105,8.4e-05,0.011102,0.06997504,8e-05,0.0,0.0,6/30/2024,2024,6
2141,2024-07-01,LHUENTSE,BT-44,0.269182,9.1e-05,0.002764,0.004854,0.0,0.052816,0.012235,0.0,0.030987,0.001088,0.00047,0.0810495,0.007409,0.000111,0.010188,0.13386302,0.0,0.0,0.0,7/31/2024,2024,7
2159,2024-08-01,LHUENTSE,BT-44,0.26923554,5.6e-05,0.002802,0.004815,0.0,0.059004,0.013469,0.0,0.029765,0.00125,0.000711,0.0745183,0.008099,0.000155,0.014483,0.10058201,0.0,0.0,0.0,8/31/2024,2024,8
2177,2024-09-01,LHUENTSE,BT-44,0.27356746,3.9e-05,0.002421,0.004876,0.0,0.05607,0.01469,0.0,0.032213,0.001187,0.000526,0.0884455,0.007059,0.000214,0.011195,0.15645835,0.0,0.0,0.0,9/30/2024,2024,9
2195,2024-10-01,LHUENTSE,BT-44,0.278553,7e-06,0.002792,0.005524,0.0,0.058991,0.015549,0.0,0.032104,0.000661,0.001113,0.0835643,0.008229,0.00022,0.014299,0.08100701,8e-05,0.0,0.0,10/31/2024,2024,10
2213,2024-11-01,LHUENTSE,BT-44,0.29405445,7e-06,0.002531,0.005537,0.0,0.05756,0.018067,0.0,0.031788,0.001051,0.000916,0.0862231,0.009281,0.000245,0.014223,0.08909934,4e-05,0.0,0.0,11/30/2024,2024,11
2231,2024-12-01,LHUENTSE,BT-44,0.31915455,9e-06,0.00195,0.00802,0.0,0.060661,0.022042,0.0,0.031158,0.000787,0.000917,0.0898257,0.00837,0.000204,0.015501,0.06985,4e-05,0.0,0.0,12/31/2024,2024,12
2250,2025-01-01,LHUENTSE,BT-44,0.405782,9e-06,0.003102,0.009821,0.0,0.087995,0.0385,0.0,0.033031,0.001027,0.00092,0.0955176,0.010382,0.000241,0.025299,0.066931,4e-05,0.0,0.0,1/31/2025,2025,1
2269,2025-02-01,LHUENTSE,BT-44,0.370198,9e-06,0.002806,0.009035,0.0,0.075677,0.026909,0.0,0.03521,0.000923,0.00069,0.068454,0.008005,0.000182,0.016329,0.08829,0.00012,0.0,0.0,2/28/2025,2025,2
2288,2025-03-01,LHUENTSE,BT-44,0.37857,7e-06,0.002371,0.008499,0.0,0.080087,0.028405,0.0,0.035892,0.000957,0.000776,0.0805011,0.008577,0.0002,0.019946,0.068597,0.00012,0.0,0.0,3/31/2025,2025,3
2307,2025-04-01,LHUENTSE,BT-44,0.31625,0.001179,0.002155,0.010219,,0.070015,0.025199,,0.033344,0.001185,0.000738,0.0961651,0.007888,0.000213,0.028393,0.075775,4e-05,0.0,0.0,4/30/2025,2025,4
2326,2025-05-01,LHUENTSE,BT-44,0.275523,0.000622,0.002165,0.007889,,0.05783,0.01995,,0.033143,0.00118,0.000732,0.083805,0.007719,0.000257,0.025433,0.043857,8e-05,0.0,0.0,5/31/2025,2025,5
2345,2025-06-01,LHUENTSE,BT-44,0.244626,0.000999,0.002065,0.009336,,0.04304,0.018718,,0.030438,0.000237,0.005063,0.1017247,0.00688,0.000126,0.013482,0.046304,,0.0,0.0,6/1/2025,2025,6
2364,2025-07-01,LHUENTSE,BT-44,0.255383,0.000634,0.003299,0.006577,,0.044333,0.01808,,0.029618,0.000266,0.005109,0.106472,0.005933,0.000272,0.010986,0.051352,8e-05,0.0,0.0,7/1/2025,2025,7
2383,2025-08-01,LHUENTSE,BT-44,0.264248,0.000348,0.00376,0.006479,,0.049668,0.019432,8.9e-05,0.032119,0.000133,0.004819,0.1124294,0.006632,0.000243,0.015319,0.048056,4e-05,0.0,0.0,8/1/2025,2025,8
2402,2025-09-01,LHUENTSE,BT-44,0.266337,0.000171,0.003194,0.005905,,0.049422,0.018586,,0.031656,0.000229,0.005509,0.1249338,0.007473,0.000176,0.017495,0.051874,8e-05,0.0,0.0,9/1/2025,2025,9
2421,2025-10-01,LHUENTSE,BT-44,0.265494,0.00011,0.003089,0.007493,,0.044676,0.017546,,0.029793,0.000185,0.004635,0.1191231,0.008242,0.000169,0.0129,0.058077,8e-05,0.0,0.0,10/1/2025,2025,10
2440,2025-11-01,LHUENTSE,BT-44,0.276861,0.000112,0.003504,0.006946,,0.04902,0.017737,,0.029281,0.000189,0.004666,0.1200668,0.009336,0.00015,0.013676,0.055572,8e-05,0.0,0.0,11/1/2025,2025,11
2459,2025-12-01,LHUENTSE,BT-44,0.319458,5.8e-05,0.003636,0.009657,,0.058426,0.019923,,0.02849,0.000161,0.004597,0.137104,0.010552,4.2e-05,0.018585,0.054919,4e-05,0.0,0.0,12/1/2025,2025,12
7,2015-01-01,MONGAR,BT-42,0.419885,0.0,0.0,0.0,0.0,0.250428,0.0,0.0,0.083936,0.007754,0.028934,0.094672,0.009547,0.004373,0.018733,0.068401,0.0,0.0,0.0,1/31/2015,2015,1
26,2015-02-01,MONGAR,BT-42,0.442713,0.0,0.0,0.0,0.0,0.265043,0.0,0.0,0.090908,0.008531,0.044638,0.090249,0.006158,0.005313,0.01775,0.100556,0.0,0.0,0.0,2/28/2015,2015,2
45,2015-03-01,MONGAR,BT-42,0.366255,0.0,0.0,0.0,0.0,0.215298,0.0,0.0,0.07836,0.006054,0.044557,0.08634,0.005034,0.003735,0.014063,0.066471,0.0,0.0,0.0,3/31/2015,2015,3
64,2015-04-01,MONGAR,BT-42,0.375702,0.0,0.0,0.0,0.0,0.209936,0.0,0.0,0.088568,0.007179,0.031063,0.101824,0.005526,0.003601,0.011909,0.065517,0.0,0.0,0.0,4/30/2015,2015,4
83,2015-05-01,MONGAR,BT-42,0.330998,0.0,0.0,0.0,0.0,0.20136,0.0,0.0,0.083157,0.005442,0.016102,0.117283,0.006228,0.001368,0.01615,0.072641,0.0,0.0,0.0,5/31/2015,2015,5
102,2015-06-01,MONGAR,BT-42,0.369445,0.0,0.0,0.0,0.0,0.198899,0.0,0.0,0.084886,0.006378,0.022477,0.121466,0.00591,0.003897,0.018969,0.067467,0.0,0.0,0.0,6/30/2015,2015,6
121,2015-07-01,MONGAR,BT-42,0.384711,0.0,0.0,0.0,0.0,0.196041,0.0,0.0,0.079265,0.006516,0.021492,0.093579,0.005298,0.003914,0.018943,0.076207,0.0,0.0,0.0,7/31/2015,2015,7
140,2015-08-01,MONGAR,BT-42,0.419673,0.0,0.0,0.0,0.0,0.19989,0.0,0.0,0.082178,0.006372,0.019178,0.106933,0.006087,0.00391,0.018654,0.078473,0.0,0.0,0.0,8/31/2015,2015,8
159,2015-09-01,MONGAR,BT-42,0.379965,0.0,0.0,0.0,0.0,0.209077,0.0,0.0,0.081493,0.006503,0.015679,0.106035,0.006541,0.003486,0.018824,0.088184,0.0,0.0,0.0,9/30/2015,2015,9
178,2015-10-01,MONGAR,BT-42,0.385405,0.0,0.0,0.0,0.0,0.195818,0.0,0.0,0.082128,0.006524,0.021708,0.121971,0.005838,0.003392,0.019515,0.058194,0.0,0.0,0.0,10/31/2015,2015,10
197,2015-11-01,MONGAR,BT-42,0.341478,0.0,0.0,0.0,0.0,0.218805,0.0,0.0,0.092986,0.006649,0.019415,0.112322,0.005186,0.004408,0.017039,0.107642,0.0,0.0,0.0,11/30/2015,2015,11
216,2015-12-01,MONGAR,BT-42,0.429563,0.0,0.0,0.0,0.0,0.25732,0.0,0.0,0.09686,0.007844,0.014328,0.131657,0.006709,0.005805,0.025097,0.026969,0.0,0.0,0.0,12/31/2015,2015,12
235,2016-01-01,MONGAR,BT-42,0.442801,0.0,0.0,0.0,0.0,0.296655,0.0,0.0,0.097334,0.008418,0.022265,0.118549,0.00782,0.004366,0.028006,0.097166,0.0,0.0,0.0,1/31/2016,2016,1
254,2016-02-01,MONGAR,BT-42,0.41052,0.0,0.0,0.0,0.0,0.255107,0.0,0.0,0.09167,0.008322,0.032346,0.097808,0.007336,0.005508,0.021462,0.084701,0.0,0.0,0.0,2/29/2016,2016,2
273,2016-03-01,MONGAR,BT-42,0.399263,0.0,0.0,0.0,0.0,0.226807,0.0,0.0,0.096203,0.006606,0.028512,0.118852,0.006341,0.023532,0.017842,0.07759,0.0,0.0,0.0,3/31/2016,2016,3
292,2016-04-01,MONGAR,BT-42,0.363243,0.0,0.0,0.0,0.0,0.223139,0.0,0.0,0.086014,0.007409,0.017467,0.111031,0.005571,0.007877,0.021377,0.080167,0.0,0.0,0.0,4/30/2016,2016,4
311,2016-05-01,MONGAR,BT-42,0.327618,0.0,0.0,0.0,0.0,0.178472,0.0,0.0,0.078627,0.009356,0.021459,0.099332,0.005553,0.007769,0.017151,0.053822,0.0,0.0,0.0,5/31/2016,2016,5
330,2016-06-01,MONGAR,BT-42,0.35449,0.0,0.0,0.0,0.0,0.204397,0.0,0.0,0.081312,0.008396,0.018813,0.110935,0.005326,0.004235,0.024873,0.061161,0.0,0.0,0.0,6/30/2016,2016,6
349,2016-07-01,MONGAR,BT-42,0.366746,0.0,0.0,0.0,0.0,0.218102,0.0,0.0,0.089652,0.011315,0.023932,0.111091,0.005349,0.00882,0.021784,0.077434,0.0,0.0,0.0,7/31/2016,2016,7
368,2016-08-01,MONGAR,BT-42,0.397791,0.0,0.0,0.0,0.0,0.218619,0.0,0.0,0.085885,0.008143,0.018961,0.11578,0.006039,0.005584,0.020457,0.056688,0.0,0.0,0.0,8/31/2016,2016,8
387,2016-09-01,MONGAR,BT-42,0.480349,0.0,0.0,0.0,0.0,0.211872,0.0,0.0,0.084051,0.009879,0.019874,0.125171,0.006455,0.001538,0.021678,0.063094,0.0,0.0,0.0,9/30/2016,2016,9
406,2016-10-01,MONGAR,BT-42,0.403622,0.0,0.0,0.0,0.0,0.241117,0.0,0.0,0.08896,0.011273,0.025416,0.125161,0.007121,0.007004,0.02675,0.058647,0.0,0.0,0.0,10/31/2016,2016,10
425,2016-11-01,MONGAR,BT-42,0.409549,0.0,0.0,0.0,0.0,0.186228,0.0,0.0,0.082533,0.007881,0.01783,0.111196,0.00664,0.007648,0.02053,0.067403,0.0,0.0,0.0,11/30/2016,2016,11
444,2016-12-01,MONGAR,BT-42,0.42423,0.0,0.0,0.0,0.0,0.282255,0.0,0.0,0.102191,0.011613,0.021485,0.129071,0.006274,0.006421,0.048864,0.078334,0.0,0.0,0.0,12/31/2016,2016,12
463,2017-01-01,MONGAR,BT-42,0.472154,0.0,0.0,0.002895,0.0,0.255961,0.01702,0.0,0.093866,0.010057,0.026742,0.114223,0.008845,0.00414,0.027565,0.076232,0.0,0.0,0.0,1/31/2017,2017,1
482,2017-02-01,MONGAR,BT-42,0.44597,0.0,0.0,0.004609,0.0,0.283975,0.018501,0.0,0.097831,0.010213,0.042047,0.120784,0.00782,0.003918,0.032752,0.091463,0.0,0.0,0.0,2/28/2017,2017,2
501,2017-03-01,MONGAR,BT-42,0.390477,0.0,0.0,0.003904,0.0,0.228828,0.017152,0.0,0.08102,0.00843,0.021712,0.091401,0.00594,0.003823,0.026649,0.062385,0.0,0.0,0.0,3/31/2017,2017,3
520,2017-04-01,MONGAR,BT-42,0.405809,0.0,0.0,0.003058,0.0,0.276734,0.018364,0.0,0.097194,0.009201,0.018364,0.12404,0.006898,0.00428,0.026833,0.088665,0.0,0.0,0.0,4/30/2017,2017,4
539,2017-05-01,MONGAR,BT-42,0.396943,8e-06,9.5e-05,0.00195,0.0,0.211577,0.012988,0.0,0.081589,0.007262,0.01477,0.11331,0.006383,0.003908,0.028675,0.062958,0.0,0.0,0.0,5/31/2017,2017,5
558,2017-06-01,MONGAR,BT-42,0.381843,0.000157,0.004347,0.006008,0.0,0.187857,0.015663,0.0,0.09604,8.9e-05,0.01461,0.099119,0.004564,0.005453,0.01904,0.065116,0.0,0.0,0.0,6/30/2017,2017,6
577,2017-07-01,MONGAR,BT-42,0.418016,1.5e-05,0.005563,0.011557,0.0,0.215177,0.015979,0.0,0.108345,0.0,0.015721,0.099007,0.003871,0.004228,0.021395,0.076214,0.0,0.0,0.0,7/31/2017,2017,7
596,2017-08-01,MONGAR,BT-42,0.390769,2.1e-05,0.005189,0.009575,0.0,0.195403,0.011015,0.0,0.100985,0.0,0.013523,0.095435,0.004111,0.004315,0.025668,0.070357,0.0,0.0,0.0,8/31/2017,2017,8
615,2017-09-01,MONGAR,BT-42,0.448474,2.3e-05,0.006432,0.010952,0.0,0.196951,0.013449,0.0,0.095879,0.0,0.015539,0.111689,0.004239,0.004205,0.041243,0.085144,0.0,0.0,0.0,9/30/2017,2017,9
634,2017-10-01,MONGAR,BT-42,0.423493,8e-06,0.00499,0.009748,0.0,0.204222,0.012787,0.0,0.092108,0.0,0.012745,0.106851,0.003219,0.005843,0.030251,0.073891,0.0,0.0,0.0,10/31/2017,2017,10
653,2017-11-01,MONGAR,BT-42,0.491142,1e-06,0.005928,0.01434,0.0,0.215194,0.012663,0.0,0.114596,0.0,0.018278,0.115653,0.004093,0.003005,0.033818,0.080842,0.0,0.0,0.0,11/30/2017,2017,11
672,2017-12-01,MONGAR,BT-42,0.512826,2e-06,0.006084,0.016144,0.0,0.275609,0.018182,0.0,0.130904,0.0,0.01013,0.128993,0.004022,0.004813,0.046798,0.118951,0.0,0.0,0.0,12/31/2017,2017,12
691,2018-01-01,MONGAR,BT-42,0.518991,1e-06,0.007518,0.015483,0.0,0.25313,0.019171,0.0,0.100132,0.0,0.011505,0.12296,0.003954,0.005268,0.041843,0.100799,0.0,0.0,0.0,1/31/2018,2018,1
710,2018-02-01,MONGAR,BT-42,0.535997,4e-06,0.007151,0.013358,0.0,0.286001,0.016184,0.0,0.121322,0.0,0.013411,0.127581,0.005278,0.005946,0.036677,0.113574,0.0,0.0,0.0,2/28/2018,2018,2
729,2018-03-01,MONGAR,BT-42,0.476337,2.3e-05,0.005959,0.015384,0.0,0.24256,0.015843,0.0,0.10171,0.0,0.01,0.119624,0.004103,0.004803,0.041899,0.091281,0.0,0.0,0.0,3/31/2018,2018,3
748,2018-04-01,MONGAR,BT-42,0.451486,1e-06,0.006266,0.015262,0.0,0.236554,0.014414,0.0,0.102712,0.0,0.008922,0.124703,0.003832,0.005273,0.037985,0.111414,0.0,0.0,0.0,4/30/2018,2018,4
767,2018-05-01,MONGAR,BT-42,0.437676,1e-06,0.006239,0.014648,0.0,0.212546,0.012477,0.0,0.111471,0.0,0.011062,0.117902,0.003543,0.002883,0.040739,0.089335,0.0,0.0,0.0,5/31/2018,2018,5
786,2018-06-01,MONGAR,BT-42,0.438642,1e-06,0.005734,0.01466,0.0,0.208403,0.011558,0.0,0.096937,0.0,0.010156,0.112968,0.003694,0.005228,0.03413,0.099068,0.0,0.0,0.0,6/30/2018,2018,6
805,2018-07-01,MONGAR,BT-42,0.452022,1e-06,0.005787,0.012301,0.0,0.224304,0.012826,0.0,0.105116,0.0,0.00979,0.110795,0.002832,0.007312,0.031712,0.140051,0.0,0.0,0.0,7/31/2018,2018,7
824,2018-08-01,MONGAR,BT-42,0.463989,1.5e-05,0.006632,0.011412,0.0,0.213149,0.009268,0.0,0.102443,0.0,0.011303,0.102215,0.003245,0.004822,0.031725,0.113341,0.0,0.0,0.0,8/31/2018,2018,8
843,2018-09-01,MONGAR,BT-42,0.454067,1e-06,0.006035,0.011179,0.0,0.216811,0.014564,0.0,0.098466,0.0,0.013935,0.126482,0.003154,0.004723,0.035651,0.11983,0.0,0.0,0.0,9/30/2018,2018,9
862,2018-10-01,MONGAR,BT-42,0.49748,8e-06,0.007356,0.013918,0.0,0.212126,0.011605,0.0,0.100582,0.0,0.017466,0.115997,0.002102,0.004989,0.030386,0.098275,0.0,0.0,0.0,10/31/2018,2018,10
881,2018-11-01,MONGAR,BT-42,0.493339,1e-06,0.006825,0.012168,0.0,0.225282,0.012701,0.0,0.115876,0.0,0.013118,0.116801,0.002151,0.005103,0.033896,0.09945,0.0,0.0,0.0,11/30/2018,2018,11
900,2018-12-01,MONGAR,BT-42,0.511001,0.0,0.006525,0.02247,0.0,0.307583,0.014725,0.0,0.125343,0.0,0.018745,0.145534,0.002354,0.002876,0.034574,0.155778,0.0,0.0,0.0,12/31/2018,2018,12
919,2019-01-01,MONGAR,BT-42,0.599649,1e-06,0.006433,0.022346,0.0,0.32228,0.018483,0.0,0.136930607,0.0,0.02334124,0.14697,0.002703,0.003109,0.036029,0.110951183,0.0,0.0,0.0,1/31/2019,2019,1
938,2019-02-01,MONGAR,BT-42,0.549917,0.0,0.007563,0.01803,0.0,0.294204,0.013538,0.0,0.123768665,0.0,0.019678435,0.130161,0.002533,0.00317,0.030248,0.14287211,0.0,0.0,0.0,2/28/2019,2019,2
957,2019-03-01,MONGAR,BT-42,0.469079,3.2e-05,0.006509,0.017781,0.0,0.266029,0.011674,0.0,0.120092173,0.0,0.012816182,0.123383,0.001924,0.002411,0.025499,0.125988259,0.0,0.0,0.0,3/31/2019,2019,3
976,2019-04-01,MONGAR,BT-42,0.486174,1e-06,0.005764,0.01812,0.0,0.249315,0.012665,0.0,0.133981878,0.0,0.016463487,0.137103,0.001816,0.002271,0.030722,0.126282218,0.0,0.0,0.0,4/30/2019,2019,4
995,2019-05-01,MONGAR,BT-42,0.47121,1e-06,0.006094,0.01564,0.0,0.22256,0.01042,0.0,0.114020648,0.0,0.016066785,0.130321,0.001914,0.00239,0.032739,0.108512042,0.0,0.0,0.0,5/31/2019,2019,5
1014,2019-06-01,MONGAR,BT-42,0.422768,1e-06,0.006637,0.013513,0.0,0.197943,0.009274,0.0,0.109338169,0.0,0.011696104,0.126347,0.00181,0.002194,0.019763,0.116410707,0.0,0.0,0.0,6/30/2019,2019,6
1033,2019-07-01,MONGAR,BT-42,0.451388,2e-06,0.00568,0.012864,0.0,0.220175,0.010818,0.0,0.119406671,0.0,0.014039885,0.120472,0.001365,0.002477,0.021838,0.132758041,0.0,0.0,0.0,7/31/2019,2019,7
1052,2019-08-01,MONGAR,BT-42,0.470913,4.4e-05,0.005815,0.008941,0.0,0.294939,0.009116,0.0,0.131773245,0.0,0.020915677,0.122975,0.00157,0.00187,0.018417,0.198910499,0.0,0.0,0.0,8/31/2019,2019,8
1071,2019-09-01,MONGAR,BT-42,0.459188,2.9e-05,0.006295,0.01081,0.0,0.244346,0.010297,0.0,0.116084601,0.0,0.018225232,0.13984,0.001602,0.002437,0.02065,0.209499316,0.0,0.0,0.0,9/30/2019,2019,9
1090,2019-10-01,MONGAR,BT-42,0.470243,4.9e-05,0.006283,0.011516,0.0,0.260312,0.011161,0.0,0.123372357,0.0,0.018919759,0.144562,0.00175,0.00243,0.028121,0.208374182,0.0,0.0,0.0,10/31/2019,2019,10
1109,2019-11-01,MONGAR,BT-42,0.470197,4.3e-05,0.005589,0.012539,0.0,0.269524,0.009478,0.0,0.123894439,0.0,0.017868987,0.138002,0.002016,0.001779,0.02351,0.149416665,0.0,0.0,0.0,11/30/2019,2019,11
1128,2019-12-01,MONGAR,BT-42,0.485292,7e-06,0.005461,0.015266,0.0,0.287358,0.01246,0.0,0.129684502,0.0,0.019222445,0.13825,0.001783,0.002486,0.023781,0.172094041,0.0,0.0,0.0,12/31/2019,2019,12
1147,2020-01-01,MONGAR,BT-42,0.572614,0.000105,0.00675,0.025226,0.0,0.38513,0.017411,0.0,0.157015619,0.0,0.023565912,0.150416,0.00284,0.002598,0.029171,0.141096725,0.0,0.0,0.0,1/31/2020,2020,1
1166,2020-02-01,MONGAR,BT-42,0.599142,5.3e-05,0.006971,0.020121,0.0,0.394023,0.015386,0.0,0.149348305,0.0,0.021912782,0.159533,0.002469,0.002416,0.024637,0.170617879,0.0,0.0,0.0,2/29/2020,2020,2
1185,2020-03-01,MONGAR,BT-42,0.501668,4.5e-05,0.006668,0.018295,0.0,0.333722,0.010111,0.0,0.132286114,0.0,0.020162026,0.152111,0.00212,0.002074,0.032761,0.124465385,0.0,0.0,0.0,3/31/2020,2020,3
1204,2020-04-01,MONGAR,BT-42,0.527175,0.000132,0.006125,0.017473,0.0,0.294481,0.011478,0.0,0.123626872,0.0,0.0176686,0.132602,0.002183,0.001408,0.017773,0.117813125,0.0,0.0,0.0,4/30/2020,2020,4
1223,2020-05-01,MONGAR,BT-42,0.504514,3.4e-05,0.005131,0.017573,0.0,0.276158,0.01128,0.0302485,0.075089,0.0,0.017135997,0.110222,0.001738,0.001184,0.021429,0.104262983,0.0,0.0,0.0,5/31/2020,2020,5
1242,2020-06-01,MONGAR,BT-42,0.536714,0.000245,0.005652,0.017502,0.0,0.267837,0.010073,0.0271772,0.081355,0.0,0.013711382,0.101646,0.001556,0.00067,0.017942,0.108598748,0.0,0.0,0.0,6/30/2020,2020,6
1261,2020-07-01,MONGAR,BT-42,0.50747258,0.000248,0.00592134,0.01617235,0.0,0.28623869,0.010581,0.0309626,0.088813,0.0,0.021000106,0.111875,0.001491,0.001342,0.026491,0.143503676,0.0,0.0,0.0,7/31/2020,2020,7
1280,2020-08-01,MONGAR,BT-42,0.51329143,0.00052286,0.00554019,0.01482489,0.0,0.27821838,0.01015343,0.0338188,0.07681711,0.0,0.017619357,0.1125017,0.00127494,0.00108875,0.03162667,0.136741224,0.0,0.0,0.0,8/31/2020,2020,8
1299,2020-09-01,MONGAR,BT-42,0.53461923,0.00025664,0.00576675,0.01670109,0.0,0.28326689,0.01009735,0.02982486,0.09224086,0.0,0.017791568,0.10293291,0.00145631,0.00104481,0.01866962,0.147746172,0.0,0.0,0.0,9/30/2020,2020,9
1318,2020-10-01,MONGAR,BT-42,0.54849306,0.0003185,0.00565106,0.01762253,0.0,0.30352663,0.0100111,0.02047564,0.06973865,0.0,0.01499159,0.11909008,0.00282375,0.00093844,0.03087644,0.1305887,0.0,0.0,0.0,10/31/2020,2020,10
1337,2020-11-01,MONGAR,BT-42,0.50239925,3e-05,0.005008,0.01656649,0.0,0.28052962,0.00904412,0.0330427,0.08970438,0.0,0.021840787,0.11120685,0.003037,0.001228,0.020842,0.123153055,0.0,0.0,0.0,11/30/2020,2020,11
1356,2020-12-01,MONGAR,BT-42,0.5733746,5.5e-05,0.006463,0.020614,0.0,0.362082,0.012562,0.038364,0.095201,0.0,0.026577,0.16260514,0.003497,0.001588,0.024883,0.181402246,0.0,0.167811,0.0,12/31/2020,2020,12
1374,2021-01-01,MONGAR,BT-42,0.660163,3.4e-05,0.006317,0.028117,0.0,0.440625,0.018539,0.036821,0.083957,0.0,0.01781256,0.156129,0.002655,0.001415,0.033913,0.11761724,0.0,0.069689,0.0,1/31/2021,2021,1
1393,2021-02-01,MONGAR,BT-42,0.603293,7.8e-05,0.005354,0.02573,0.0,0.4064853,0.013371,0.040646,0.090249,0.0,0.01839347,0.174987,0.003075,0.001407,0.028754,0.17370553,0.0,0.079362,0.0,2/28/2021,2021,2
1412,2021-03-01,MONGAR,BT-42,0.532496,1.7e-05,0.00584,0.019868,0.0,0.33012414,0.010533,0.037214,0.086463,0.0,0.02486732,0.146802,0.002382,0.001297,0.031746,0.15347133,0.0,0.094168,0.0,3/31/2021,2021,3
1431,2021-04-01,MONGAR,BT-42,0.535278,2e-06,0.005366,0.021735,0.0,0.305808,0.019629,0.038483,0.092792,0.0,0.02184363,0.14064924,0.006687,0.001208,0.040695,0.16406186,0.0,0.084285,0.0,4/30/2021,2021,4
1450,2021-05-01,MONGAR,BT-42,0.52239,0.000114,0.005637,0.016583,0.0,0.26829599,0.011298,0.034265,0.085233,0.0,0.01850028,0.126768,0.005094,0.001351,0.029805,0.17093281,0.0,0.053008,0.0,5/31/2021,2021,5
1469,2021-06-01,MONGAR,BT-42,0.47423,9.5e-05,0.005634,0.016497,0.0,0.250019,0.009204,0.034247,0.085215,0.0,0.01309061,0.123826,0.005812,0.000919,0.030929,0.16895396,0.0,0.010208,0.0,6/30/2021,2021,6
1488,2021-07-01,MONGAR,BT-42,0.513581,0.000542,0.006195,0.01561,0.0,0.292309,0.009857,0.036048,0.101457,0.0,0.01930485,0.136372,0.005681,0.001536,0.037884,0.19603923,0.0,0.007005,0.0,7/31/2021,2021,7
1507,2021-08-01,MONGAR,BT-42,0.483911,0.000432,0.005902,0.014561,0.0,0.268176,0.013293,0.03854,0.083768,0.0,0.01517948,0.1190313,0.003472,0.001764,0.03799,0.20837178,0.0,0.006785,0.0,8/31/2021,2021,8
1526,2021-09-01,MONGAR,BT-42,0.518058,0.000319,0.005871,0.016454,0.0,0.26819621,0.01398,0.032757,0.096231,0.0,0.02000164,0.137389,0.003617,0.001327,0.037384,0.22134752,0.0,0.005828,0.0,9/30/2021,2021,9
1545,2021-10-01,MONGAR,BT-42,0.508019,0.000269,0.006259,0.016488,0.0,0.253862,0.013285,0.037254,0.095383,0.0,0.01801008,0.120416,0.004259,0.001087,0.032799,0.18985611,0.0,0.00671,0.0,10/31/2021,2021,10
1564,2021-11-01,MONGAR,BT-42,0.501686,0.000252,0.005808,0.018982,0.0,0.254018,0.014348,0.038352,0.090712,0.0,0.0160253,0.127612,0.004765,0.001506,0.033437,0.17202382,0.0,0.022133,0.0,11/30/2021,2021,11
1583,2021-12-01,MONGAR,BT-42,0.617104,0.000226,0.006478,0.016457,0.0,0.339755,0.020256,0.045843,0.09976,0.0,0.0188807,0.152442,0.004877,0.001228,0.039886,0.16977008,0.0,0.117219,0.0,12/31/2021,2021,12
1602,2022-01-01,MONGAR,BT-42,0.723076,0.000438,0.006961,0.025348,0.0,0.43928,0.025774,0.056557,0.11799,0.0,0.016024675,0.15923,0.00521,0.00195,0.052622,0.185284727,0.0,0.141193,0.0,1/31/2022,2022,1
1620,2022-02-01,MONGAR,BT-42,0.73197311,0.000298,0.007405,0.02485,0.0,0.494931,0.028427,0.061983,0.13436969,0.0,0.012423733,0.199951,0.004932,0.001794,0.061436,0.216686559,0.0,0.118908,0.0,2/28/2022,2022,2
1638,2022-03-01,MONGAR,BT-42,0.59323734,0.000228,0.00601,0.025647,0.0,0.366078,0.020539,0.046738,0.09574257,0.0,0.013577114,0.178705,0.003844,0.001644,0.051925,0.153967018,0.0,0.136237,0.0,3/31/2022,2022,3
1656,2022-04-01,MONGAR,BT-42,0.58560338,0.000422,0.006272,0.020353,0.0,0.271999,0.016524,0.03905372,0.09223599,0.0,0.015307879,0.134023,0.002927,0.00127,0.040168,0.162543809,0.0,0.028214,0.0,4/30/2022,2022,4
1674,2022-05-01,MONGAR,BT-42,0.56540517,0.000643,0.00581,0.018161,0.0,0.26613,0.014898,0.03881677,0.08891772,0.0,0.015383719,0.135709,0.003685,0.001112,0.040596,0.156420072,0.0,0.014867,0.0,5/31/2022,2022,5
1692,2022-06-01,MONGAR,BT-42,0.53274,0.000574,0.005793,0.015489,0.0,0.252766,0.012644,0.03591997,0.09380795,0.0,0.01888033,0.134942,0.004061,0.00122,0.039841,0.15821639,0.0,0.015433,0.0,6/30/2022,2022,6
1710,2022-07-01,MONGAR,BT-42,0.587717,0.00049,0.006305,0.017856,0.0,0.294749,0.012334,0.04250448,0.10029315,0.0,0.016047437,0.161916,0.004201,0.001425,0.048744,0.202278034,0.0,0.022006,0.0,7/31/2022,2022,7
1728,2022-08-01,MONGAR,BT-42,0.565743,0.001091,0.006113,0.01617,0.0,0.277756,0.014721,0.03683781,0.10167774,7.2e-05,0.017857191,0.157429,0.004079,0.000989,0.061379,0.201529814,0.0,0.022006,0.0,8/31/2022,2022,8
1746,2022-09-01,MONGAR,BT-42,0.632537,0.000511,0.006633,0.017944,0.0,0.298975,0.017149,0.04160999,0.10868619,0.000675,0.021751752,0.160174,0.004451,0.001191,0.058057,0.226251377,0.0,0.005365,0.0,9/30/2022,2022,9
1764,2022-10-01,MONGAR,BT-42,0.545561,0.00068,0.005485,0.014191,0.0,0.26113,0.01459,0.04217,0.103159,4.4e-05,0.016796198,0.165432,0.004129,0.001467,0.050795,0.183393134,0.0,0.030156,0.0,10/31/2022,2022,10
1782,2022-11-01,MONGAR,BT-42,0.608257,0.000895,0.006163,0.018236,0.0,0.271821,0.014713,0.038718,0.09824655,0.005435,0.013422314,0.163314,0.003723,0.001454,0.057129,0.190294677,0.0,0.039179,0.0,11/30/2022,2022,11
1800,2022-12-01,MONGAR,BT-42,0.672147,0.000727,0.007064,0.021345,0.0,0.341321,0.018281,0.05085195,0.10845507,0.006134,0.013161456,0.180893,0.005138,0.001685,0.058528,0.173935665,0.0,0.137102,0.0,12/31/2022,2022,12
1818,2023-01-01,MONGAR,BT-42,0.732183,0.000665,0.006331,0.024675,0.0,0.396047,0.02864,0.06150208,0.11298016,0.000166,0.011377966,0.19983,0.010424,0.001718,0.089248,0.192260287,4e-05,0.156329,0.0,1/31/2023,2023,1
1836,2023-02-01,MONGAR,BT-42,0.732832,0.001132,0.007085,0.021985,0.0,0.383508,0.028435,0.06221539,0.12045185,0.00015,0.010979284,0.192189,0.006863,0.002228,0.084256,0.195389211,0.0,0.116551,0.0,2/28/2023,2023,2
1854,2023-03-01,MONGAR,BT-42,0.666583,0.000678,0.006229,0.021649,0.0,0.32229,0.01913,0.04939278,0.10367807,0.000664,0.009045,0.164193,0.006781,0.001252,0.063001,0.0,0.0,0.069685,0.0,3/31/2023,2023,3
1872,2023-04-01,MONGAR,BT-42,0.639188,0.000398,0.006819,0.020325,0.0,0.306564,0.021995,0.04994319,0.11358165,4e-05,0.009258,0.192324,0.007256,0.001638,0.063857,0.187657439,8e-05,0.019729,0.0,4/30/2023,2023,4
1890,2023-05-01,MONGAR,BT-42,0.563224,0.000887,0.005845,0.017496,0.0,0.259917,0.015981,0.04125373,0.10058082,3e-06,0.009908,0.175942,0.005348,0.001111,0.0547,0.181023725,0.0,0.025829,0.0,5/31/2023,2023,5
1908,2023-06-01,MONGAR,BT-42,0.591235,0.000828,0.006353,0.017531,0.0,0.261505,0.012736,0.04536988,0.11855304,3e-06,0.010695,0.193159,0.005057,0.001149,0.058862,0.125800047,0.0,0.018827,0.0,6/30/2023,2023,6
1926,2023-07-01,MONGAR,BT-42,0.604139,0.000432,0.006041,0.017079,0.0,0.252442,0.014642,0.036804,0.105373,0.0,0.011024854,0.171691,0.002978,0.001119,0.04940411,0.238005453,0.0,0.015862,0.0,7/31/2023,2023,7
1944,2023-08-01,MONGAR,BT-42,0.62999,0.000485,0.006469,0.017954,0.0,0.276493,0.015125,0.041201,0.119146,1.6e-05,0.01060073,0.177178,0.00406,0.001048,0.058741,0.19679966,0.0,0.012732,0.0,8/31/2023,2023,8
1962,2023-09-01,MONGAR,BT-42,0.612729,0.000633,0.005757,0.017814,0.0,0.271406,0.018413,0.039814,0.11868804,0.0,0.00943362,0.213314,0.005992,0.001255,0.069182,0.2269647,0.0,0.017333,0.0,9/30/2023,2023,9
1980,2023-10-01,MONGAR,BT-42,0.60159802,0.000601,0.006435,0.017643,0.0,0.258605,0.017684,0.038847,0.11570396,0.002758,0.01251564,0.206338,0.004423,0.001073,0.050244,0.20323575,4e-05,0.020733,0.0,10/31/2023,2023,10
1998,2023-11-01,MONGAR,BT-42,0.6156856,0.000979,0.00602,0.019512,0.0,0.252342,0.015629,0.039672,0.110829,0.008264,0.01145846,0.191709,0.004476,0.001262,0.05238,0.19711679,0.00036,0.021531,0.0,11/30/2023,2023,11
2016,2023-12-01,MONGAR,BT-42,0.67345438,0.000769,0.007137,0.019424,0.0,0.306628,0.018768,0.046613,0.12183753,0.00844,0.01117554,0.222093,0.005166,0.001375,0.063257,0.16491463,0.00142,0.013845,0.0,12/31/2023,2023,12
2034,2024-01-01,MONGAR,BT-42,0.79835,0.001004,0.007095,0.023309,0.0,0.39035,0.029241,0.056003,0.11627947,0.008606,0.01277592,0.216469,0.006206,0.001676,0.057739,0.18632393,0.0006,0.014093,0.0,1/31/2024,2024,1
2052,2024-02-01,MONGAR,BT-42,0.821189,0.001014,0.00718,0.026956,0.0,0.414207,0.028448,0.065212,0.13135494,0.010602,0.01620153,0.227386,0.006432,0.001461,0.091493,0.19923637,0.00232,0.012074,0.0,2/29/2024,2024,2
2070,2024-03-01,MONGAR,BT-42,0.701505,0.001292,0.006687,0.032908,0.0,0.357917,0.023162,0.05999611,0.12042549,0.01132,0.01131463,0.204463,0.005289,0.001417,0.064766,0.16997051,0.00078,0.006204,0.0,3/31/2024,2024,3
2088,2024-04-01,MONGAR,BT-42,0.659953,0.00082,0.007152,0.023217,0.0,0.302424,0.014685,0.04859389,0.11930881,0.01218,0.01344557,0.231488,0.005349,0.001201,0.056181,0.17731107,0.00058,0.0,0.0,4/30/2024,2024,4
2106,2024-05-01,MONGAR,BT-42,0.592141,0.000631,0.00715,0.021819,0.0,0.25071382,0.01683,0.041309,0.11173101,0.00928,0.01156666,0.211684,0.004614,0.001016,0.047342,0.1459511,0.00066,0.0,0.0,5/31/2024,2024,5
2124,2024-06-01,MONGAR,BT-42,0.59093765,0.000604,0.006391,0.019826,0.0,0.24927418,0.016836,0.04201407,0.11229343,0.009754,0.0152245,0.217039,0.005416,0.001162,0.048875,0.17757538,0.0009,0.0,0.0,6/30/2024,2024,6
2142,2024-07-01,MONGAR,BT-42,0.61552383,0.000321,0.006471,0.020356,0.0,0.25670746,0.015283,0.04230893,0.11916588,0.011297,0.01889226,0.22105,0.004513,0.001222,0.058528,0.17840596,0.00102,0.0,0.0,7/31/2024,2024,7
2160,2024-08-01,MONGAR,BT-42,0.63475652,0.000713,0.006484,0.020303,0.0,0.27879754,0.017018,0.044189,0.13089193,0.0014,0.02212482,0.237601,0.005183,0.001259,0.04959,0.19987633,0.00078,0.0,0.0,8/31/2024,2024,8
2178,2024-09-01,MONGAR,BT-42,0.618373,0.000538,0.007018,0.017922,0.0,0.267514,0.01757,0.04127134,0.12350378,0.001719,0.02891686,0.246656,0.00597,0.001183,0.046705,0.19887973,0.00048,0.0,0.0,9/30/2024,2024,9
2196,2024-10-01,MONGAR,BT-42,0.6125629,0.000407,0.006511,0.017775,0.0,0.262465,0.017653,0.04367766,0.12248702,0.001702,0.03585289,0.251817,0.004599,0.001094,0.043724,0.19752326,0.00066,0.0,0.0,10/31/2024,2024,10
2214,2024-11-01,MONGAR,BT-42,0.6505431,0.00074,0.006722,0.022587,0.0,0.26126276,0.018262,0.04618333,0.11879513,0.00149,0.05068725,0.275771,0.005877,0.001234,0.041095,0.18821336,0.00042,0.0,0.0,11/30/2024,2024,11
2232,2024-12-01,MONGAR,BT-42,0.68833,0.0006,0.006746,0.024504,0.0,0.32177096,0.025707,0.05559367,0.12169858,0.00102,0.04071174,0.261378,0.00465,0.001077,0.036562,0.18699379,0.00072,0.0,0.0,12/31/2024,2024,12
2251,2025-01-01,MONGAR,BT-42,0.851278,0.000553,0.008003,0.024784,0.0,0.43297528,0.035662,0.066497,0.136216,0.00066,0.04601702,0.272775,0.005536,0.001049,0.048598,0.22598911,0.00102,0.0,0.0,1/31/2025,2025,1
2270,2025-02-01,MONGAR,BT-42,0.816952,0.000911,0.007699,0.025275,0.0,0.38422,0.03169,0.060217,0.128108,0.000252,0.04894226,0.255973,0.007121,0.001323,0.053228,0.22967645,0.00142,0.0,0.0,2/28/2025,2025,2
2289,2025-03-01,MONGAR,BT-42,0.741089,0.000763,0.007438,0.026689,0.0,0.357922,0.023947,0.05318,0.124274,0.000136,0.04443294,0.251413,0.004247,0.001042,0.041872,0.20851288,0.00114,0.0,0.0,3/31/2025,2025,3
2308,2025-04-01,MONGAR,BT-42,0.678543,0.000664,0.006946,0.024841,,0.30836,0.021189,0.050456,0.122165,0.000183,0.04533315,0.286132,0.005099,0.001,0.038634,0.2039745,0.00048,0.0,0.0,4/30/2025,2025,4
2327,2025-05-01,MONGAR,BT-42,0.727513,0.000667,0.007022,0.020806,,0.260481,0.020177,0.04321,0.120898,0.001966,0.04410769,0.267339,0.00585,0.00106,0.038768,0.17625232,0.0013,0.0,0.0,5/31/2025,2025,5
2346,2025-06-01,MONGAR,BT-42,0.628646,0.000688,0.007184,0.019825,,0.243605,0.018864,0.04105,0.115044,0.002337,0.05013992,0.266978,0.00521,0.000891,0.040984,0.16892906,0.0009,0.0,0.0,6/1/2025,2025,6
2365,2025-07-01,MONGAR,BT-42,0.636111,0.000494,0.007008,0.019183,,0.274842,0.017124,0.046075,0.127385,0.00151,0.04851732,0.272062,0.005939,0.0012,0.043044,0.2026157,0.00102,0.0,0.0,7/1/2025,2025,7
2384,2025-08-01,MONGAR,BT-42,0.676106,0.000392,0.006955,0.019897,,0.267709,0.016979,0.04587,0.127942,0.000954,0.0213514,0.26482,0.00635,0.001124,0.043597,0.21326072,0.00126,0.0,0.0,8/1/2025,2025,8
2403,2025-09-01,MONGAR,BT-42,0.656205,0.00051,0.007264,0.019101,,0.268073,0.019111,0.044072,0.127961,0.000474,0.015959,0.296011,0.006842,0.00082,0.055521,0.18106542,0.00096,0.0,0.0,9/1/2025,2025,9
2422,2025-10-01,MONGAR,BT-42,0.664577,0.000273,0.00707,0.021434,,0.271844,0.018192,0.045872,0.130734,0.000386,0.01383,0.272465,0.009337,0.000801,0.045217,0.1702336,0.00096,0.0,0.0,10/1/2025,2025,10
2441,2025-11-01,MONGAR,BT-42,0.664646,0.001011,0.006601,0.020685,,0.25014,0.019078,0.045554,0.130333,0.00086,0.013804,0.284561,0.009926,0.000674,0.04911,0.17589777,0.00102,0.0,0.0,11/1/2025,2025,11
2460,2025-12-01,MONGAR,BT-42,0.761453,0.001803,0.007331,0.025232,,0.30711,0.021573,0.048401,0.126896,0.000465,0.013386,0.275169,0.010157,0.000589,0.040339,0.16792819,0.00162,0.0,0.0,12/1/2025,2025,12
8,2015-01-01,PARO,BT-11,1.406709,0.0,0.0,0.0,0.0,0.211151,0.0,0.0,1.104956,0.023238,0.003042,0.303582,0.007391,0.0,0.09835,1.111111,0.0,0.0,0.0,1/31/2015,2015,1
27,2015-02-01,PARO,BT-11,1.353733,0.0,0.0,0.0,0.0,0.198731,0.0,0.0,0.997624,0.015458,0.00168,0.300111,0.006443,0.0,0.113617,1.099899,0.0,0.0,0.0,2/28/2015,2015,2
46,2015-03-01,PARO,BT-11,0.873967,0.0,0.0,0.0,0.0,0.119486,0.0,0.0,0.649231,0.009854,0.002458,0.172546,0.013178,0.0,0.069347,0.650084,0.0,0.0,0.0,3/31/2015,2015,3
65,2015-04-01,PARO,BT-11,1.259558,0.0,0.0,0.0,0.0,0.226763,0.0,0.0,0.992475,0.016384,0.002021,0.276578,0.003977,0.0,0.090459,0.984726,0.0,0.0,0.0,4/30/2015,2015,4
84,2015-05-01,PARO,BT-11,1.227565,0.0,0.0,0.0,0.0,0.147444,0.0,0.0,0.883562,0.015227,0.00272,0.250822,0.008964,0.0,0.12753,0.751627,0.0,0.0,0.0,5/31/2015,2015,5
103,2015-06-01,PARO,BT-11,1.136602,0.0,0.0,0.0,0.0,0.116075,0.0,0.0,0.65394,0.023778,0.002234,0.200927,0.005556,0.0,0.116421,0.591336,0.0,0.0,0.0,6/30/2015,2015,6
122,2015-07-01,PARO,BT-11,1.101163,0.0,0.0,0.0,0.0,0.110829,0.0,0.0,0.58054,0.028469,0.002649,0.189891,0.00431,0.0,0.090092,0.54428,0.0,0.0,0.0,7/31/2015,2015,7
141,2015-08-01,PARO,BT-11,1.116182,0.0,0.0,0.0,0.0,0.086703,0.0,0.0,0.503493,0.013141,0.001675,0.216257,0.00307,0.0,0.083619,0.4261,0.0,0.0,0.0,8/31/2015,2015,8
160,2015-09-01,PARO,BT-11,1.060772,0.0,0.0,0.0,0.0,0.091868,0.0,0.0,0.52633,0.017057,0.002428,0.186448,0.002823,0.0,0.103528,0.472256,0.0,0.0,0.0,9/30/2015,2015,9
179,2015-10-01,PARO,BT-11,1.154403,0.0,0.0,0.0,0.0,0.107423,0.0,0.0,0.678176,0.01589,0.002805,0.20375,0.003345,0.0,0.103519,0.60362,0.0,0.0,0.0,10/31/2015,2015,10
198,2015-11-01,PARO,BT-11,1.353502,0.0,0.0,0.0,0.0,0.128684,0.0,0.0,0.981662,0.01359,0.002416,0.220806,0.005252,0.0,0.139455,0.9957,0.0,0.0,0.0,11/30/2015,2015,11
217,2015-12-01,PARO,BT-11,1.535258,0.0,0.0,0.0,0.0,0.18318,0.0,0.0,1.125545,0.014484,0.003115,0.281231,0.006578,0.0,0.163486,1.251603,0.0,0.0,0.0,12/31/2015,2015,12
236,2016-01-01,PARO,BT-11,1.717049,0.0,0.0,0.0,0.0,0.242723,0.0,0.0,1.357665,0.016612,0.002556,0.35931,0.008719,0.0,0.154682,1.353949,0.0,0.0,0.0,1/31/2016,2016,1
255,2016-02-01,PARO,BT-11,1.672473,0.0,0.0,0.0,0.0,0.177581,0.0,0.0,1.158423,0.013086,0.002628,0.324828,0.010038,0.0,0.157949,1.262336,0.0,0.0,0.0,2/29/2016,2016,2
274,2016-03-01,PARO,BT-11,1.36663,0.0,0.0,0.0,0.0,0.172754,0.0,0.0,0.909372,0.010766,0.002181,0.284253,0.004888,0.0,0.127017,0.995871,0.0,0.0,0.0,3/31/2016,2016,3
293,2016-04-01,PARO,BT-11,1.377896,0.0,0.0,0.0,0.0,0.152573,0.0,0.0,0.998515,0.010816,0.001836,0.278044,0.00873,0.0,0.129326,0.987547,0.0,0.0,0.0,4/30/2016,2016,4
312,2016-05-01,PARO,BT-11,1.183177,0.0,0.0,0.0,0.0,0.114522,0.0,0.0,0.778783,0.007649,0.002177,0.210329,0.004354,0.0,0.14078,0.773361,0.0,0.0,0.0,5/31/2016,2016,5
331,2016-06-01,PARO,BT-11,1.158679,0.0,0.0,0.0,0.0,0.121257,0.0,0.0,0.903784,0.014161,0.004782,0.198479,0.004634,0.0,0.161893,0.69789,0.0,0.0,0.0,6/30/2016,2016,6
350,2016-07-01,PARO,BT-11,1.142297,0.0,0.0,0.0,0.0,0.096041,0.0,0.0,0.587426,0.010906,0.003524,0.170512,0.004039,0.0,0.107859,0.583701,0.0,0.0,0.0,7/31/2016,2016,7
369,2016-08-01,PARO,BT-11,1.066381,0.0,0.0,0.0,0.0,0.099251,0.0,0.0,0.600278,0.012217,0.002235,0.179606,0.003097,0.0,0.17923,0.547929,0.0,0.0,0.0,8/31/2016,2016,8
388,2016-09-01,PARO,BT-11,1.162518,0.0,0.0,0.0,0.0,0.099947,0.0,0.0,0.598668,0.016939,0.002095,0.172857,0.004534,0.0,0.19166,0.54187,0.0,0.0,0.0,9/30/2016,2016,9
407,2016-10-01,PARO,BT-11,1.157847,0.0,0.0,0.0,0.0,0.086364,0.0,0.0,0.691166,0.013563,0.002675,0.156568,0.003821,0.0,0.13128,0.669068,0.0,0.0,0.0,10/31/2016,2016,10
426,2016-11-01,PARO,BT-11,1.443208,0.0,0.0,0.0,0.0,0.141851,0.0,0.0,1.176389,0.014858,0.003793,0.236662,0.00429,0.0,0.230333,1.083731,0.0,0.0,0.0,11/30/2016,2016,11
445,2016-12-01,PARO,BT-11,1.46698,0.0,0.0,0.0,0.0,0.17234,0.0,0.0,1.125792,0.014087,0.003876,0.269545,0.003598,0.0,0.227379,1.142858,0.0,0.0,0.0,12/31/2016,2016,12
464,2017-01-01,PARO,BT-11,1.716713,0.002188,0.002772,0.018375,0.0,0.19428,0.076849,0.0,1.379276,0.016146,0.003987,0.266157,0.003739,0.0,0.252077,1.26368,0.0,0.0,0.0,1/31/2017,2017,1
483,2017-02-01,PARO,BT-11,1.64554,0.003365,0.002555,0.016836,0.0,0.186749,0.066324,0.0,1.168649,0.016783,0.002963,0.277392,0.003689,0.0,0.242131,1.228685,0.0,0.0,0.0,2/28/2017,2017,2
502,2017-03-01,PARO,BT-11,1.454602,0.002766,0.002082,0.020038,0.0,0.153373,0.056772,0.0,1.049216,0.015373,0.003396,0.292562,0.002946,0.0,0.170684,1.1135,0.0,0.0,0.0,3/31/2017,2017,3
521,2017-04-01,PARO,BT-11,1.437554,0.002383,0.002462,0.015664,0.0,0.171102,0.071153,0.0,1.045889,0.01922,0.002846,0.272752,0.009623,0.0,0.213325,0.892448,0.0,0.0,0.0,4/30/2017,2017,4
540,2017-05-01,PARO,BT-11,1.296238,0.002784,0.002301,0.013594,0.0,0.12821,0.071111,0.0,0.996609,0.018415,0.003021,0.352498,0.004115,0.0,0.203705,1.006455,0.0,0.053072,0.0,5/31/2017,2017,5
559,2017-06-01,PARO,BT-11,1.230353,0.002392,0.002499,0.011231,0.0,0.118855,0.043604,0.0,0.832714,0.016266,0.003351,0.254554,0.003903,0.0,0.190891,0.712265,0.0,0.007437,0.0,6/30/2017,2017,6
578,2017-07-01,PARO,BT-11,1.089573,0.007003,0.003346,0.030707,0.0,0.081469,0.041031,0.0,0.43479,0.011854,0.000335,0.289135,0.009157,0.0,0.165775,0.668349,0.0,0.008007,0.0,7/31/2017,2017,7
597,2017-08-01,PARO,BT-11,1.160238,0.007264,0.003094,0.025805,0.0,0.078936,0.04128,0.0,0.392637,0.015302,0.00029,0.254549,0.003445,0.0,0.197814,0.606312,0.0,0.008888,0.0,8/31/2017,2017,8
616,2017-09-01,PARO,BT-11,1.097559,0.006748,0.00558,0.023919,0.0,0.0797,0.035885,0.0,0.447199,0.011934,0.000519,0.280486,0.004293,0.0,0.158344,0.632979,0.0,0.009195,0.0,9/30/2017,2017,9
635,2017-10-01,PARO,BT-11,1.177887,0.003719,0.004323,0.033058,0.0,0.083856,0.033468,0.0,0.452028,0.011122,0.003366,0.317384,0.004001,0.0,0.215137,0.854826,0.0,0.01102,0.0,10/31/2017,2017,10
654,2017-11-01,PARO,BT-11,1.491116,0.004357,0.005259,0.036309,0.0,0.101505,0.049155,0.0,0.611494,0.015373,0.005675,0.414353,0.004802,0.0,0.22519,1.340953,0.0,0.011411,0.0,11/30/2017,2017,11
673,2017-12-01,PARO,BT-11,1.70436,0.003291,0.005972,0.042769,0.0,0.17464,0.066524,0.0,0.738811,0.012762,0.008163,0.565622,0.004468,0.0,0.296211,1.678281,0.0,0.014309,0.0,12/31/2017,2017,12
692,2018-01-01,PARO,BT-11,1.767936,0.003359,0.004322,0.040183,0.0,0.19281,0.077972,0.0,0.928362,0.010943,0.007444,0.527157,0.785783,0.0,0.244141,1.716573,0.0,0.015399,0.0,1/31/2018,2018,1
711,2018-02-01,PARO,BT-11,1.767936,0.003359,0.004322,0.040183,0.0,0.19281,0.077972,0.0,0.772454,0.012974,0.00742,0.53702,0.001725,0.0,0.0,1.23511,0.0,0.013785,0.0,2/28/2018,2018,2
730,2018-03-01,PARO,BT-11,1.621632,0.004459,0.006922,0.033028,0.0,0.133261,0.051187,0.0,0.730877,0.02868,0.005824,0.494832,0.009465,0.0,0.318726,1.291732,0.0,0.01525,0.0,3/31/2018,2018,3
749,2018-04-01,PARO,BT-11,1.497544,0.002393,0.010425,0.036674,0.0,0.138031,0.048614,0.0,0.702755,0.058408,0.005749,0.498738,0.005082,0.0,0.308943,1.552223,0.0,0.018081,0.0,4/30/2018,2018,4
768,2018-05-01,PARO,BT-11,1.450424,0.002435,0.006589,0.068536,0.0,0.152626,0.055002,0.0,0.733262,0.023192,0.004777,0.399173,0.003909,0.0,0.244316,1.347822,0.0,0.029159,0.0,5/31/2018,2018,5
787,2018-06-01,PARO,BT-11,1.252225,0.00258,0.005887,0.034568,0.0,0.113723,0.046483,0.0,0.587236,0.0222,0.0042,0.372122,0.004384,0.0,0.187622,1.01973,0.0,0.020213,0.0,6/30/2018,2018,6
806,2018-07-01,PARO,BT-11,1.216977,0.003251,0.005979,0.026729,0.0,0.065261,0.046307,0.0,0.46565,0.03787,0.004484,0.324491,0.003282,0.0,0.201756,0.712705,0.0,0.030141,0.0,7/31/2018,2018,7
825,2018-08-01,PARO,BT-11,1.234098,0.003297,0.006989,0.027229,0.0,0.060705,0.041064,0.0,0.43464,0.023713,0.005652,0.321158,0.003353,0.0,0.192343,0.605056,0.0,0.032356,0.0,8/31/2018,2018,8
844,2018-09-01,PARO,BT-11,1.238012,0.002496,0.006585,0.025736,0.0,0.062408,0.050618,0.0,0.482406,0.034915,0.008256,0.405156,0.005345,0.0,0.264786,0.637688,0.0,0.02964,0.0,9/30/2018,2018,9
863,2018-10-01,PARO,BT-11,1.312672,0.00252,0.00688,0.023772,0.0,0.057983,0.045079,0.0,0.493238,0.035589,0.006537,0.381637,0.0039,0.0,0.225697,0.705799,0.0,0.025859,0.0,10/31/2018,2018,10
882,2018-11-01,PARO,BT-11,1.694096,0.002981,0.006606,0.041361,0.0,0.101197,0.050063,0.0,0.735461,0.038212,0.007309,0.535356,0.004391,0.0,0.341955,1.618001,0.0,0.025866,0.0,11/30/2018,2018,11
901,2018-12-01,PARO,BT-11,1.930114,0.002497,0.006187,0.052172,0.0,0.13293,0.07026,0.0,0.791489,0.04279,0.007711,0.59646,0.005355,0.0,0.303945,1.727271,0.0,0.1944972,0.0,12/31/2018,2018,12
920,2019-01-01,PARO,BT-11,2.220126,0.00249,0.010906,0.057124,0.0,0.144544,0.066568,0.0,0.959735553,0.047487,0.00914,0.774543812,0.006973,0.0,0.332898,2.377524,0.0,0.3665836,0.0,1/31/2019,2019,1
939,2019-02-01,PARO,BT-11,2.21147,0.002546,0.007338,0.04551,0.0,0.137318,0.067381,0.0,0.807575538,0.037947,0.011105,0.705944215,0.00578,0.0,0.255358,1.912157,0.0,0.353062,0.0,2/28/2019,2019,2
958,2019-03-01,PARO,BT-11,1.829261,0.00227,0.008574,0.047066,0.0,0.114119,0.058243,0.0,0.743071258,0.046133,0.008951,0.646518986,0.005268,0.0,0.291107,1.649223,0.0,0.3752398,0.0,3/31/2019,2019,3
977,2019-04-01,PARO,BT-11,1.780055,0.002499,0.006335,0.040196,0.0,0.163268,0.070611,0.0,1.028327591,0.053888,0.009202,0.64516291,0.00458,0.0,0.359546,1.866574,0.0,0.3841114,0.0,4/30/2019,2019,4
996,2019-05-01,PARO,BT-11,1.437815,0.002397,0.006539,0.037763,0.0,0.100872,0.045491,0.0,0.689866473,0.052929,0.007042,0.534092004,0.005604,0.0,0.305468,1.491624,0.0,0.5437688,0.0,5/31/2019,2019,5
1015,2019-06-01,PARO,BT-11,1.332242,0.001793,0.007388,0.030626,0.0,0.084509,0.037645,0.0,0.638316414,0.056397,0.012853,0.377315556,0.00456,0.0,0.329375,0.829638,0.0,0.501425,0.0,6/30/2019,2019,6
1034,2019-07-01,PARO,BT-11,1.257963,0.001971,0.00575,0.028882,0.0,0.069885,0.039544,0.0,0.491589825,0.041669,0.01424,0.35305947,0.004635,0.0,0.266936,0.682746,0.0,0.4053068,0.0,7/31/2019,2019,7
1053,2019-08-01,PARO,BT-11,1.349513,0.002775,0.007242,0.031083,0.0,0.075625,0.040936,0.0,0.482714298,0.050879,0.011877,0.381723223,0.004743,0.0,0.258298,0.547695,0.0,0.322994,0.0,8/31/2019,2019,8
1072,2019-09-01,PARO,BT-11,1.227485,0.00171,0.006498,0.029219,0.0,0.066871,0.035754,0.0,0.474103234,0.040535,0.009145,0.362867192,0.005299,0.0,0.24146,0.576593,0.0,0.3124052,0.0,9/30/2019,2019,9
1091,2019-10-01,PARO,BT-11,1.465587,0.004197,0.007235,0.033518,0.018073,0.093705,0.046056,0.0,0.650085256,0.054911,0.010718,0.395973642,0.008629,0.0,0.342442,0.876058,0.0,0.3292924,0.0,10/31/2019,2019,10
1110,2019-11-01,PARO,BT-11,1.627625,0.002403,0.006222,0.033379,0.03367,0.102081,0.052742,0.0,0.72613014,0.049327,0.011024,0.468747234,0.007164,0.0,0.412114,1.262764,0.0,0.213116,0.0,11/30/2019,2019,11
1129,2019-12-01,PARO,BT-11,1.987517,0.002617,0.005763,0.046768,0.038669,0.131926,0.070521,0.022746,0.785529057,0.049734,0.012909,0.577393037,0.007127,0.0,0.456135,1.56212,0.0,0.5199242,0.0,12/31/2019,2019,12
1148,2020-01-01,PARO,BT-11,2.377462,0.002737,0.007668,0.053147,0.036639,0.165499,0.079108,0.043951,1.12369042,0.051956,0.011352,0.742517821,0.008346,0.0,0.50187,2.163191,0.0,0.2502026,0.0,1/31/2020,2020,1
1167,2020-02-01,PARO,BT-11,2.51966,0.002448,0.007554,0.050184,0.037129,0.161438,0.062904,0.039986,0.881300067,0.048208,0.01366,0.675404161,0.00673,0.0,0.360546,1.902829,0.0,0.185855,0.0,2/29/2020,2020,2
1186,2020-03-01,PARO,BT-11,2.183578,0.001984,0.005966,0.043013,0.029119,0.126882,0.052752,0.04217,0.730414719,0.0394,0.009649,0.789966262,0.005916,0.0,0.455953,1.508946,0.0,0.128701,0.0,3/31/2020,2020,3
1205,2020-04-01,PARO,BT-11,1.92325333,0.002775,0.004191,0.042225,0.034589,0.110468,0.0641,0.031875,0.599483264,0.036911,0.009719,0.71112059,0.00411,0.0,0.372962,0.9399478,0.0,0.038696,0.0,4/30/2020,2020,4
1224,2020-05-01,PARO,BT-11,1.71062267,0.002077,0.009162,0.047021,0.040634,0.094422,0.059606,0.040155,0.51093687,0.035569,0.00896,0.551332775,0.008875,0.0,0.340264,0.59055837,0.0,0.050803,0.0,5/31/2020,2020,5
1243,2020-06-01,PARO,BT-11,1.480202,0.002265,0.004035,0.03734,0.039559,0.080186,0.045783,0.027327,0.39979266,0.027099,0.008807,0.430850879,0.00652,0.0,0.261538,0.3623418,0.0,0.041709,0.0,6/30/2020,2020,6
1262,2020-07-01,PARO,BT-11,1.39595293,0.001711,0.004741,0.03087434,0.037251,0.065138,0.044045,0.024368,0.361356886,0.024993,0.009247,0.383624214,0.007572,0.0,0.212776,0.301725,0.0,0.060449,0.0,7/31/2020,2020,7
1281,2020-08-01,PARO,BT-11,1.48539477,0.00194685,0.00587239,0.03275566,0.03581418,0.07041324,0.0482726,0.02525041,0.40746676,0.02375807,0.00885132,0.375814749,0.00763114,0.0,0.25454786,0.2761962,0.0,0.054169,0.0,8/31/2020,2020,8
1300,2020-09-01,PARO,BT-11,1.48299115,0.00199679,0.00493589,0.03319825,0.03807313,0.07490371,0.04653361,0.02562091,0.395945544,0.02718024,0.00922212,0.403145859,0.00731976,0.0,0.24157756,0.32599597,0.0,0.050454,0.0,9/30/2020,2020,9
1319,2020-10-01,PARO,BT-11,1.43205408,0.00355336,0.00588672,0.03556511,0.05160169,0.0804554,0.03824679,0.01933868,0.325819549,0.04312069,0.00947647,0.401102065,0.00410024,0.0,0.11680386,0.19602083,0.0,0.052158,0.0,10/31/2020,2020,10
1338,2020-11-01,PARO,BT-11,1.61343442,0.002809,0.006293,0.036104,0.048288,0.073606,0.050591,0.02819,0.41003974,0.04071,0.011496,0.5485507,0.006023,0.0,0.17706249,0.29583903,0.0,0.06265,0.0,11/30/2020,2020,11
1357,2020-12-01,PARO,BT-11,2.359297,0.002474,0.007493,0.05143,0.044557,0.128899,0.08034,0.052072,0.604048637,0.0571,0.010088,0.71368026,0.007836,0.0,0.260929,0.487249,0.0,0.060523,0.0,12/31/2020,2020,12
1376,2021-01-01,PARO,BT-11,2.682777,0.0030315,0.0057995,0.05807591,0.0702035,0.15002018,0.09813281,0.0425065,0.67099337,0.02169699,0.00994371,0.82496949,0.0056465,0.0,0.32376149,0.70152584,0.0,0.024589,0.0,1/31/2021,2021,1
1395,2021-02-01,PARO,BT-11,2.74752,0.0030315,0.0061685,0.0580355,0.0702035,0.15103205,0.09786067,0.0400485,0.67822467,0.02169701,0.00991929,1.15076264,0.0056465,0.0,0.32449999,0.73364716,0.0,0.045746,0.0,2/28/2021,2021,2
1414,2021-03-01,PARO,BT-11,2.649849,0.00253,0.007899,0.05503659,0.04709,0.16831677,0.10709852,0.06502,0.74327591,0.02876,0.012562,1.05543188,0.005188,0.0,0.27802471,0.705634,0.0,0.04109,0.0,3/31/2021,2021,3
1433,2021-04-01,PARO,BT-11,1.502531,0.001666,0.003946,0.030831,0.04507,0.085378,0.068543,0.031226,0.46358418,0.013413,0.007492,0.6050554,0.004142,0.0,0.17683531,0.52363,0.0,0.052433,0.0,4/30/2021,2021,4
1452,2021-05-01,PARO,BT-11,1.982427,0.0022,0.004026,0.037358,0.055212,0.107247,0.07321,0.039033,0.50414461,0.043606,0.011127,0.75409457,0.003616,0.0,0.210492,0.436902,0.0,0.045225,0.0,5/31/2021,2021,5
1471,2021-06-01,PARO,BT-11,1.405286,0.004314,0.006191,0.02956,0.043686,0.086747,0.061393,0.036122,0.44401745,0.038259,0.011897,0.49804907,0.004286,0.0,0.143528,0.331757,0.0,0.06736,0.0,6/30/2021,2021,6
1490,2021-07-01,PARO,BT-11,1.453557,0.002453,0.004959,0.030101,0.045858,0.169211,0.056282,0.030908,0.39281244,0.036497,0.012441,0.4662128,0.003024,0.0,0.116968,0.269336,0.0,0.097926,0.0,7/31/2021,2021,7
1509,2021-08-01,PARO,BT-11,1.376801,0.0026,0.004898,0.027991,0.039075,0.082514,0.051318,0.032645,0.36997826,0.052029,0.011833,0.49523062,0.003038,0.0,0.201939,0.251627,0.0,0.093842,0.0,8/31/2021,2021,8
1528,2021-09-01,PARO,BT-11,1.577511,0.002231,0.007264,0.032121,0.05016,0.095536,0.059885,0.043031,0.41515255,0.034378,0.012177,0.50573805,0.013041,0.0,0.160886,0.29857,0.0,0.099348,0.0,9/30/2021,2021,9
1547,2021-10-01,PARO,BT-11,1.499862,0.002611,0.00655,0.033228,0.054291,0.107883,0.0495014,0.0390608,0.40434879,0.02242797,0.012541,0.5095616,0.005239,0.0,0.155647,0.32198288,0.0,0.110589,0.0,10/31/2021,2021,10
1566,2021-11-01,PARO,BT-11,2.079635,0.005406,0.008879,0.045638,0.057845,0.133814,0.0920746,0.0634672,0.51486067,0.04009896,0.017607,0.7773266,0.005211,0.0,0.253382,0.40403689,0.0,0.10176,0.0,11/30/2021,2021,11
1585,2021-12-01,PARO,BT-11,2.434556,0.004048,0.010474,0.050141,0.053555,0.144166,0.086054,0.0539904,0.54092966,0.02792078,0.014161,0.7518496,0.004566,0.0,0.343177,0.55208605,0.0,0.138127,0.0,12/31/2021,2021,12
1603,2022-01-01,PARO,BT-11,3.343635,0.006939,0.011686,0.0741,0.061881,0.24062,0.111948,0.0727384,0.736898158,0.040237174,0.01363,1.0313512,0.004931,0.0,0.446884,0.78922469,0.0,0.142474,0.0,1/31/2022,2022,1
1621,2022-02-01,PARO,BT-11,3.34508244,0.008312,0.013473,0.074516,0.051575,0.21489,0.112416,0.0629912,0.71321357,0.039153978,0.015379,0.98766,0.003779,0.0,0.374725,0.907055514,0.0,0.063147,0.0,2/28/2022,2022,2
1639,2022-03-01,PARO,BT-11,2.52177228,0.003767,0.008251,0.048833,0.048911,0.217462,0.07189,0.052066,0.617589887,0.029437999,0.010397,0.89330567,0.004061,0.0,0.31864,0.622304223,0.0,0.701397,0.0,3/31/2022,2022,3
1657,2022-04-01,PARO,BT-11,2.02217823,0.003831,0.014412,0.037415,0.04949,0.124636,0.06361,0.041715,0.504179867,0.05364596,0.014137,0.73570433,0.009067,0.0,0.22893195,0.522094216,0.0,3.013632,0.0,4/30/2022,2022,4
1675,2022-05-01,PARO,BT-11,1.75405442,0.00415602,0.008869,0.028409,0.065025,0.091812,0.043058,0.064949,0.517131676,0.047778971,0.013355,0.555876,0.006878,0.0,0.243062,0.38877406,0.0,1.717678,0.0,5/31/2022,2022,5
1693,2022-06-01,PARO,BT-11,1.81433495,0.00878498,0.014652,0.037556,0.060402,0.134882,0.059821,0.056637,0.483978687,0.035277957,0.01174,0.567244,0.005693,0.0,0.228995,0.311733103,0.0,3.682975,0.0,6/30/2022,2022,6
1711,2022-07-01,PARO,BT-11,1.59358768,0.005099,0.011095,0.02660498,0.054703,0.109337,0.048132,0.053801,0.415913239,0.029218954,0.010676,0.499879,0.005578,0.0,0.220031,0.319769045,0.0,3.802705,0.0,7/31/2022,2022,7
1729,2022-08-01,PARO,BT-11,1.56357371,0.004178,0.0095,0.02567802,0.046921,0.085296,0.045614,0.04242134,0.367504124,0.040430959,0.00978989,0.469524,0.007165,0.0,0.209422,0.220573071,0.0,3.82488,0.0,8/31/2022,2022,8
1747,2022-09-01,PARO,BT-11,1.71076314,0.004511,0.012215,0.027487,0.056723,0.11029,0.046084,0.057075,0.479579216,0.048789988,0.01066211,0.52604,0.008637,0.005317,0.302675,0.342907086,0.0,3.576203,0.0,9/30/2022,2022,9
1765,2022-10-01,PARO,BT-11,1.62047167,0.004184,0.010182,0.020432,0.042802,0.115507,0.050081,0.04469766,0.430589354,0.034670972,0.01054,0.550222,0.005842,0.007415,0.2450618,0.414075113,0.0,3.909409,0.0,10/31/2022,2022,10
1783,2022-11-01,PARO,BT-11,2.44663572,0.005758,0.014794,0.029713,0.055369,0.129146,0.051038,0.082195,0.625525073,0.055138952,0.01353959,0.840054,0.009104,0.0,0.3495442,0.940616294,0.0,3.96099,0.0,11/30/2022,2022,11
1801,2022-12-01,PARO,BT-11,3.07633767,0.006041,0.017742,0.041084,0.03677,0.159874,0.073229,0.093427,0.77382722,0.049929947,0.01506208,1.10855926,0.017126486,0.0,0.370452,1.389935465,0.0,4.20409,0.0,12/31/2022,2022,12
1819,2023-01-01,PARO,BT-11,3.23490295,0.007312,0.019665,0.046915,0.051401,0.215572,0.091079,0.093998,0.88591763,0.06060198,0.01473107,1.13940629,0.02054307,0.0,0.24596327,1.39131246,0.008636,3.989903,0.0,1/31/2023,2023,1
1837,2023-02-01,PARO,BT-11,3.13469847,0.006032,0.016699,0.044166,0.057789,0.19549,0.067556,0.085748,0.74791362,0.059656993,0.0152835,0.96765851,0.01544283,0.0,0.19045867,1.140721294,0.006925,3.161609,0.0,2/28/2023,2023,2
1855,2023-03-01,PARO,BT-11,2.74044938,0.006114,0.018365,0.045881,0.041327,0.174862,0.054191,0.075862,0.71956721,0.047488969,0.0109972,1.02251594,0.016684712,0.0,0.19573368,0.004184,0.004184,6.046007,0.0,3/31/2023,2023,3
1873,2023-04-01,PARO,BT-11,2.92090937,0.006051,0.015215,0.041348,0.056805,0.169709,0.075148,0.088938,0.80973572,0.048413988,0.01253647,1.124192,0.015295767,0.0,0.22715438,1.338402398,0.013555,0.146468,0.0,4/30/2023,2023,4
1891,2023-05-01,PARO,BT-11,2.20112471,0.005911,0.013034,0.033196,0.049383,0.114573,0.06294,0.08011,0.60554935,0.041355996,0.01106309,0.83510557,0.014748103,0.0,0.15174651,1.058436375,0.013012,6.322861,0.0,5/31/2023,2023,5
1909,2023-06-01,PARO,BT-11,2.09004724,0.007918,0.007934,0.037026,0.062218,0.121635,0.064134,0.0793,0.62024217,0.036282995,0.01467,0.78444143,0.017167,0.0,0.0815513,0.876225299,0.014411,0.153251,0.0,6/30/2023,2023,6
1927,2023-07-01,PARO,BT-11,1.77527178,0.006345,0.010462,0.026545,0.038249,0.103791,0.05061,0.061174,0.49149288,0.051086979,0.011865,0.583682,0.012991,0.0,0.05989524,0.598493144,0.01162,0.141013,0.0,7/31/2023,2023,7
1945,2023-08-01,PARO,BT-11,1.78930464,0.005273,0.009212,0.029118,0.044297,0.105318,0.0519,0.061348,0.46321453,0.04794999,0.011991,0.616261,0.01491,0.0,0.06344495,0.49240312,0.011701,0.134812,0.0,8/31/2023,2023,8
1963,2023-09-01,PARO,BT-11,1.88839791,0.005688,0.008809,0.02805,0.04608,0.108054,0.047672,0.061828,0.50246424,0.038137993,0.014392,0.652922,0.015684,0.0,0.062052,0.51458611,0.011705,0.13698,0.0,9/30/2023,2023,9
1981,2023-10-01,PARO,BT-11,1.95746034,0.007703,0.01299,0.030634,0.035252,0.103397,0.050775,0.062339,0.52282692,0.037608,0.01503,0.71567152,0.015027,0.0,0.071249,0.630187131,0.012569,0.150937,0.0,10/31/2023,2023,10
1999,2023-11-01,PARO,BT-11,2.81974202,0.010614,0.01409,0.04137,0.054169,0.140652,0.063509,0.090792,0.73614667,0.101941,0.014651,0.96538611,0.016815,0.0,0.101813,1.14573765,0.014335,0.149114,0.0,11/30/2023,2023,11
2017,2023-12-01,PARO,BT-11,3.37622294,0.01101,0.016492,0.05102,0.040893,0.190746,0.089813,0.104356,0.83927624,0.07859,0.016316,1.19095137,0.017863,0.0,0.108602,1.49881211,0.013613,0.159774,0.0,12/31/2023,2023,12
2035,2024-01-01,PARO,BT-11,3.59825502,0.009119,0.015345,0.053653,0.047445,0.221037,0.096813,0.109654,0.91008937,0.08485,0.018543,1.158835,0.019263,0.0,0.121407,1.47812445,0.012676,0.155376,0.0,1/31/2024,2024,1
2053,2024-02-01,PARO,BT-11,3.73894969,0.007123,0.012173,0.054036,0.053734,0.242358,0.060591,0.106592,0.9192371,0.088158,0.013785,1.17322333,0.022328,0.0,0.089579,1.4496664,0.012439,0.154417,0.0,2/29/2024,2024,2
2071,2024-03-01,PARO,BT-11,3.38030118,0.00667,0.012578,0.055146,0.054249,0.219548,0.081516,0.09585,0.87304685,0.074926,0.013745,1.22262567,0.02095,0.0,0.092008,1.36447933,0.010346,0.164082,0.0,3/31/2024,2024,3
2089,2024-04-01,PARO,BT-11,3.10839999,0.008989,0.013524,0.04701,0.048407,0.185327,0.110445,0.104301,0.92565763,0.102694,0.014608,1.170829,0.019578,0.0,0.114809,1.5433795,0.011525,0.156557,0.0,4/30/2024,2024,4
2107,2024-05-01,PARO,BT-11,2.43410263,0.009268,0.012263,0.04043,0.022821,0.148173,0.06378,0.079624,0.76980488,0.098832,0.012566,1.046806,0.015409,0.0,0.078203,1.20840525,0.012676,0.167664,0.0,5/31/2024,2024,5
2125,2024-06-01,PARO,BT-11,2.05010987,0.011469,0.0114,0.035,0.017436,0.117046,0.040725,0.081761,0.68429274,0.076953,0.011855,0.721798,0.01254,0.0,0.067944,0.9591933,0.01127,0.164156,0.0,6/30/2024,2024,6
2143,2024-07-01,PARO,BT-11,1.9166028,0.007012,0.010101,0.031584,0.015984,0.106798,0.047311,0.064027,0.58337839,0.055901,0.014626,0.667326,0.014987,0.0,0.067469,0.62788527,0.010646,0.145902,0.0,7/31/2024,2024,7
2161,2024-08-01,PARO,BT-11,2.02789929,0.005354,0.01535,0.031254,0.018515,0.116334,0.044405,0.072191,0.59911954,0.061103,0.011407,0.685285,0.017294,0.0,0.072725,0.54297613,0.010236,0.136309,0.0,8/31/2024,2024,8
2179,2024-09-01,PARO,BT-11,1.96521106,0.005854,0.015919,0.028733,0.028339,0.110632,0.043987,0.069963,0.58033472,0.062547,0.012393,0.677552,0.014094,0.0,0.080656,0.56937312,0.012239,0.13948,0.0,9/30/2024,2024,9
2197,2024-10-01,PARO,BT-11,2.03631662,0.00962533,0.015143,0.03236,0.026179,0.123895,0.040198,0.064598,0.66936077,0.038299,0.012555,0.723165,0.019214,0.0,0.057608,0.66687117,0.017767,0.152065,0.0,10/31/2024,2024,10
2215,2024-11-01,PARO,BT-11,2.76254606,0.00748967,0.017282,0.03926,0.028082,0.13641,0.065108,0.084793,0.79112723,0.083452,0.018011,0.989983,0.017,0.0,0.087476,1.08413827,0.015444,0.15782,0.0,11/30/2024,2024,11
2233,2024-12-01,PARO,BT-11,3.40959027,0.009592,0.017741,0.053881,0.025959,0.17588552,0.107435,0.100802,0.88940791,0.07780898,0.017831,1.151782,0.016645,0.0,0.132287,1.51252058,0.013318,0.18368,0.0,12/31/2024,2024,12
2252,2025-01-01,PARO,BT-11,4.44168575,0.009504,0.020636,0.065352,0.027191,0.28886434,0.08366,0.111168,1.25438979,0.077441,0.018296,1.2472844,0.021893,0.0,0.158427,1.57019741,0.019276,0.156333,0.0,1/31/2025,2025,1
2271,2025-02-01,PARO,BT-11,3.90081449,0.009469,0.018414,0.047498,0.023314,0.27924314,0.090215,0.110562,1.05924265,0.060233,0.01518,1.2014676,0.019123,0.0,0.136705,1.41290538,0.013783,0.134004,0.0,2/28/2025,2025,2
2290,2025-03-01,PARO,BT-11,3.57413931,0.010072,0.019761,0.042078,0.019543,0.173336,0.086914,0.086309,0.84481698,0.041329,0.010031,1.211675,0.015028,0.0,0.136943,1.32245738,0.015284,0.156714,0.0,3/31/2025,2025,3
2309,2025-04-01,PARO,BT-11,3.19537442,0.009312,0.018717,0.037693,0.026548,0.180712,0.114349,0.104035,0.94788926,0.038189,0.010826,1.202739,0.014751,,0.12406,1.44737946,0.01421,0.173651,0.0,4/30/2025,2025,4
2328,2025-05-01,PARO,BT-11,2.66163661,0.006366,0.017043,0.035865,0.026994,0.154694,0.088454,0.087995,0.86745341,0.046352,0.013292,0.962879,0.012621,,0.109723,1.25837031,0.016695,0.165954,0.0,5/31/2025,2025,5
2347,2025-06-01,PARO,BT-11,2.36273211,0.011512,0.018011,0.030333,0.022136,0.134496,0.089302,0.081591,0.740486,0.049798,0.013123,0.814107,0.015647,,0.087071,0.94796227,0.016164,0.162018,0.0,6/1/2025,2025,6
2366,2025-07-01,PARO,BT-11,2.05468188,0.007148,0.015658,0.030895,0.020076,0.140436,0.061551,0.067307,0.64565037,0.027143,0.01284,0.6610145,0.015404,,0.059351,0.64517518,0.018077,0.149789,0.0,7/1/2025,2025,7
2385,2025-08-01,PARO,BT-11,2.10357875,0.007623,0.01531,0.029304,0.020384,0.107907,0.076472,0.06269,0.541898,0.027592,0.018725,0.67908948,0.015598,,0.060788,0.50040214,0.018367,0.158498,0.0,8/1/2025,2025,8
2404,2025-09-01,PARO,BT-11,2.17158162,0.007024,0.014456,0.026632,0.017901,0.128816,0.070783,0.058332,0.612584,0.027377,0.01594,0.751136,0.015748,,0.060512,0.55675713,0.01737,0.185853,0.0,9/1/2025,2025,9
2423,2025-10-01,PARO,BT-11,2.25833542,0.009268,0.014402,0.030531,0.024493,0.123646,0.07825,0.063444,0.690042,0.037394,0.019155,0.798112,0.015657,,0.064813,0.72839517,0.026835,0.23585,0.0,10/1/2025,2025,10
2442,2025-11-01,PARO,BT-11,3.4237636,0.009883,0.017859,0.03531,0.020452,0.194615,0.117272,0.095308,1.14871,0.037613,0.024926,1.12686,0.019207,,0.058422,1.38784838,0.025713,0.281942,0.0,11/1/2025,2025,11
2461,2025-12-01,PARO,BT-11,4.07710153,0.008196,0.019488,0.051705,0.023397,0.236509,0.153707,0.107616,1.06804,0.044933,0.021882,1.332114,0.016314,,0.066556,1.72302454,0.023305,0.5100165,0.0,12/1/2025,2025,12
9,2015-01-01,PEMAGATSHEL,BT-43,0.20805,0.0,0.0,0.0,0.0,0.031606,0.0,0.0,0.015432,0.000366,0.002268,0.087095,0.0,0.0,0.008538,0.00252,0.0,0.085376,0.0,1/31/2015,2015,1
28,2015-02-01,PEMAGATSHEL,BT-43,0.173841,0.0,0.0,0.0,0.0,0.030029,0.0,0.0,0.01725,0.0,0.00097,0.053013,0.0,0.0,0.008826,0.0,0.0,0.104664,0.0,2/28/2015,2015,2
47,2015-03-01,PEMAGATSHEL,BT-43,0.18081,0.0,0.0,0.0,0.0,0.036285,0.0,0.0,0.019334,0.000386,0.000531,0.09949,0.0,0.0,0.011433,0.0,0.0,0.105512,0.0,3/31/2015,2015,3
66,2015-04-01,PEMAGATSHEL,BT-43,0.205167,0.0,0.0,0.0,0.0,0.031063,0.0,0.0,0.014947,0.000168,0.001054,0.092244,0.0,0.0,0.017322,0.0,0.0,0.092152,0.0,4/30/2015,2015,4
85,2015-05-01,PEMAGATSHEL,BT-43,0.160619,0.0,0.0,0.0,0.0,0.011402,0.0,0.0,0.010825,0.0,0.000237,0.038923,0.0,0.0,0.006779,0.0,0.0,0.096256,0.0,5/31/2015,2015,5
104,2015-06-01,PEMAGATSHEL,BT-43,0.169228,0.0,0.0,0.0,0.0,0.042242,0.0,0.0,0.017053,0.000154,0.000335,0.08637,0.0,0.0,0.011937,0.0,0.0,0.114752,0.0,6/30/2015,2015,6
123,2015-07-01,PEMAGATSHEL,BT-43,0.183062,0.0,0.0,0.0,0.0,0.037752,0.0,0.0,0.023236,0.01548,0.000209,0.06751,0.0,0.0,0.008738,0.0,0.0,0.124624,0.0,7/31/2015,2015,7
142,2015-08-01,PEMAGATSHEL,BT-43,0.172699,0.0,0.0,0.0,0.0,0.023472,0.0,0.0,0.017059,0.000131,0.000259,0.064281,0.0,0.0,0.009359,0.002026,0.0,0.129112,0.0,8/31/2015,2015,8
161,2015-09-01,PEMAGATSHEL,BT-43,0.194929,0.0,0.0,0.0,0.0,0.031297,0.0,0.0,0.016754,0.002618,0.001045,0.079979,0.0,0.0,0.010887,0.002044,0.0,0.112032,0.0,9/30/2015,2015,9
180,2015-10-01,PEMAGATSHEL,BT-43,0.185772,0.0,0.0,0.0,0.0,0.026768,0.0,0.0,0.01591,0.001536,0.000363,0.070206,0.0,0.0,0.011398,0.002099,0.0,0.12768,0.0,10/31/2015,2015,10
199,2015-11-01,PEMAGATSHEL,BT-43,0.169513,0.0,0.0,0.0,0.0,0.031421,0.0,0.0,0.014419,0.00131,0.001504,0.067353,0.0,0.0,0.009845,0.002224,0.0,0.109096,0.0,11/30/2015,2015,11
218,2015-12-01,PEMAGATSHEL,BT-43,0.206272,0.0,0.0,0.0,0.0,0.035623,0.0,0.0,0.017663,0.001876,0.000295,0.081709,0.0,0.0,0.014173,0.002349,0.0,0.129232,0.0,12/31/2015,2015,12
237,2016-01-01,PEMAGATSHEL,BT-43,0.206778,0.0,0.0,0.0,0.0,0.036346,0.0,0.0,0.018296,0.002121,0.000181,0.085878,0.0,0.0,0.013288,0.003043,0.0,0.120376,0.0,1/31/2016,2016,1
256,2016-02-01,PEMAGATSHEL,BT-43,0.246284,0.0,0.0,0.0,0.0,0.033636,0.0,0.0,0.01814,0.001501,0.000517,0.088418,0.0,0.0,0.013962,0.003011,0.0,0.106784,0.0,2/29/2016,2016,2
275,2016-03-01,PEMAGATSHEL,BT-43,0.193468,0.0,0.0,0.0,0.0,0.026284,0.0,0.0,0.017013,0.001173,0.000223,0.0823,0.0,0.0,0.015478,0.002516,0.0,0.116608,0.0,3/31/2016,2016,3
294,2016-04-01,PEMAGATSHEL,BT-43,0.188472,0.0,0.0,0.0,0.0,0.029785,0.0,0.0,0.01492,0.001513,0.000288,0.071371,0.0,0.0,0.010506,0.002355,0.0,0.089088,0.0,4/30/2016,2016,4
313,2016-05-01,PEMAGATSHEL,BT-43,0.1693,0.0,0.0,0.0,0.0,0.023005,0.0,0.0,0.016627,0.001184,0.00073,0.076593,0.0,0.0,0.012534,0.002149,0.0,0.089088,0.0,5/31/2016,2016,5
332,2016-06-01,PEMAGATSHEL,BT-43,0.192992,0.0,0.0,0.0,0.0,0.025265,0.0,0.0,0.017966,0.0012,0.00077,0.086447,0.0,0.0,0.015687,0.002123,0.0,0.088504,0.0,6/30/2016,2016,6
351,2016-07-01,PEMAGATSHEL,BT-43,0.17968,0.0,0.0,0.0,0.0,0.029489,0.0,0.0,0.018044,0.001307,0.000673,0.094524,0.0,0.0,0.018445,0.00262,0.0,0.080016,0.0,7/31/2016,2016,7
370,2016-08-01,PEMAGATSHEL,BT-43,0.179623,0.0,0.0,0.0,0.0,0.027935,0.0,0.0,0.019347,0.001264,0.000576,0.076695,0.0,0.0,0.02513,0.002257,0.0,0.07292,0.0,8/31/2016,2016,8
389,2016-09-01,PEMAGATSHEL,BT-43,0.223564,0.0,0.0,0.0,0.0,0.03204,0.0,0.0,0.018437,0.001431,0.000725,0.100119,0.0,0.0,0.038906,0.002651,0.0,0.06836,0.0,9/30/2016,2016,9
408,2016-10-01,PEMAGATSHEL,BT-43,0.184915,0.0,0.0,0.0,0.0,0.026489,0.0,0.0,0.018757,0.00111,0.000576,0.068977,0.0,0.0,0.012667,0.002378,0.0,0.086712,0.0,10/31/2016,2016,10
427,2016-11-01,PEMAGATSHEL,BT-43,0.184156,0.0,0.0,0.0,0.0,0.031225,0.0,0.0,0.025677,0.001561,0.000588,0.092263,0.0,0.0,0.01393,0.002543,0.0,0.091776,0.0,11/30/2016,2016,11
446,2016-12-01,PEMAGATSHEL,BT-43,0.203737,0.0,0.0,0.0,0.0,0.036839,0.0,0.0,0.018723,0.001827,0.000848,0.09377,0.0,0.0,0.015242,0.0016,0.0,0.098656,0.0,12/31/2016,2016,12
465,2017-01-01,PEMAGATSHEL,BT-43,0.212653,0.0002,0.0,0.002583,0.0,0.036885,0.011692,0.0,0.022541,0.002189,0.000722,0.087846,0.0,0.0,0.017298,0.001922,0.0,0.088304,0.0,1/31/2017,2017,1
484,2017-02-01,PEMAGATSHEL,BT-43,0.191966,2.2e-05,0.0,0.002148,0.0,0.03338,0.011856,0.0,0.022172,0.001942,0.000742,0.083384,0.0,0.0,0.016778,0.002029,0.0,0.091424,0.0,2/28/2017,2017,2
503,2017-03-01,PEMAGATSHEL,BT-43,0.186691,6e-06,0.0,0.001623,0.0,0.038403,0.012591,0.0,0.020081,0.001385,0.000428,0.091566,0.0,0.0,0.017902,0.001761,0.0,0.124152,0.0,3/31/2017,2017,3
522,2017-04-01,PEMAGATSHEL,BT-43,0.177886,0.0,0.0,0.001409,0.0,0.035115,0.010528,0.0,0.021027,0.00098,0.000521,0.074271,0.0,0.0,0.016282,0.001757,0.0,0.055488,0.0,4/30/2017,2017,4
541,2017-05-01,PEMAGATSHEL,BT-43,0.168074,0.0,0.000373,0.001475,0.0,0.034107,0.007876,0.0,0.017827,0.000909,0.000477,0.071928,0.000332,0.0,0.018519,0.001403,0.0,0.086864,0.0,5/31/2017,2017,5
560,2017-06-01,PEMAGATSHEL,BT-43,0.176589,0.0,0.001412,0.003873,0.0,0.040545,0.005444,0.0,0.021428,0.000452,0.000531,0.062455,0.001941,0.0,0.018728,0.001345,0.0,0.093184,0.0,6/30/2017,2017,6
579,2017-07-01,PEMAGATSHEL,BT-43,0.178592,0.00104,0.003991,0.002338,0.0,0.043304,0.005853,0.0,0.02206,0.001658,0.000122,0.056307,0.001474,0.0,0.013841,0.001218,0.0,0.090824,0.0,7/31/2017,2017,7
598,2017-08-01,PEMAGATSHEL,BT-43,0.20278,0.000706,0.003669,0.003586,0.0,0.030946,0.006057,0.0,0.01761,0.00069,8.5e-05,0.050487,0.002931,0.0,0.0133,0.001246,0.0,0.078432,0.0,8/31/2017,2017,8
617,2017-09-01,PEMAGATSHEL,BT-43,0.17973,0.000571,0.003145,0.002318,0.0,0.03655,0.005259,0.0,0.016344,0.000675,6.9e-05,0.055072,0.001179,0.0,0.010997,0.002421,0.0,0.091124,0.0,9/30/2017,2017,9
636,2017-10-01,PEMAGATSHEL,BT-43,0.194214,0.00089,0.004104,0.002425,0.0,0.043127,0.007054,0.0,0.018939,0.000865,0.000121,0.069494,0.001984,0.0,0.01647,0.003233,0.0,0.101622,0.0,10/31/2017,2017,10
655,2017-11-01,PEMAGATSHEL,BT-43,0.223977,0.001006,0.003914,0.003418,0.0,0.05141,0.007695,0.0,0.021967,0.000985,0.000175,0.06329,0.001546,0.0,0.015708,0.003588,0.0,0.095862,0.0,11/30/2017,2017,11
674,2017-12-01,PEMAGATSHEL,BT-43,0.191751,0.001134,0.003768,0.004933,0.0,0.041541,0.008077,0.0,0.015028,0.001058,0.000116,0.058867,0.001785,0.0,0.015255,0.003556,0.0,0.110778,0.0,12/31/2017,2017,12
693,2018-01-01,PEMAGATSHEL,BT-43,0.334907,0.002428,0.009451,0.006631,0.0,0.137509,0.012098,0.0,0.023187,0.003804,0.00036,0.070748,0.001722,0.0,0.022457,0.083118,0.0,0.145965,8.013,1/31/2018,2018,1
712,2018-02-01,PEMAGATSHEL,BT-43,0.362619,0.002296,0.011219,0.006819,0.0,0.152712,0.012688,0.0,0.025907,0.00549,0.00043,0.079738,0.00298,0.0,0.029517,0.086375,0.0,0.141096,7.582,2/28/2018,2018,2
731,2018-03-01,PEMAGATSHEL,BT-43,0.309423,0.002078,0.008227,0.006047,0.0,0.129521,0.011075,0.0,0.03172,0.004494,0.000972,0.071456,0.001859,0.0,0.028555,0.082957,0.0,0.166344,10.045129,3/31/2018,2018,3
750,2018-04-01,PEMAGATSHEL,BT-43,0.305682,0.002221,0.007949,0.005001,0.0,0.128878,0.009656,0.0,0.029607,0.004744,0.000793,0.077786,0.002153,0.0,0.031139,0.074244,0.0,0.39049,6.862581,4/30/2018,2018,4
769,2018-05-01,PEMAGATSHEL,BT-43,0.304643,0.002781,0.008214,0.004507,0.0,0.124489,0.007393,0.0,0.029372,0.004269,0.000828,0.074925,0.00217,0.0,0.03266,0.068711,0.0,0.31435,9.626451,5/31/2018,2018,5
788,2018-06-01,PEMAGATSHEL,BT-43,0.317833,0.002052,0.007565,0.005658,0.0,0.137319,0.004755,0.0,0.032745,0.00437,0.000429,0.078104,0.001542,0.0,0.022219,0.078026,0.0,0.152982,7.809976,6/30/2018,2018,6
807,2018-07-01,PEMAGATSHEL,BT-43,0.312718,0.00285,0.008245,0.005893,0.0,0.141152,0.005437,0.0,0.032411,0.004065,0.001617,0.064797,0.00208,0.0,0.018886,0.078245,0.0,0.304884,5.111084,7/31/2018,2018,7
826,2018-08-01,PEMAGATSHEL,BT-43,0.327937,0.002564,0.008975,0.004993,0.0,0.152728,0.006565,0.0,0.033259,0.004212,0.000622,0.059983,0.001668,0.0,0.017256,0.081007,0.0,0.371729,7.55825,8/31/2018,2018,8
845,2018-09-01,PEMAGATSHEL,BT-43,0.334239,0.002617,0.009144,0.007009,0.0,0.15407,0.00847,0.0,0.032403,0.00428,0.000908,0.086777,0.001725,0.0,0.013287,0.082312,0.0,0.172365,6.312854,9/30/2018,2018,9
864,2018-10-01,PEMAGATSHEL,BT-43,0.324298,0.002559,0.008931,0.006062,0.0,0.114113,0.012271,0.0,0.053982,0.004435,0.001122,0.079355,0.002135,0.0,0.014146,0.072601,0.0,0.39424,10.220828,10/31/2018,2018,10
883,2018-11-01,PEMAGATSHEL,BT-43,0.354013,0.003021,0.008973,0.007809,0.0,0.101552,0.010654,0.0,0.054794,0.003663,0.003424,0.084768,0.002082,0.0,0.015792,0.069249,0.0,0.305153,6.610672,11/30/2018,2018,11
902,2018-12-01,PEMAGATSHEL,BT-43,0.346797,0.002349,0.008542,0.008288,0.0,0.111686,0.010377,0.0,0.05156,0.005279,0.002096,0.085493,0.001833,0.0,0.014499,0.075405,0.0,0.392302,7.825472,12/31/2018,2018,12
921,2019-01-01,PEMAGATSHEL,BT-43,0.412568,0.003292,0.010223,0.009442,0.0,0.141992,0.013281,0.0,0.066619,0.00582,0.004751,0.087521,0.001983,0.0,0.015276,0.095644,0.0,0.397778,7.3306,1/31/2019,2019,1
940,2019-02-01,PEMAGATSHEL,BT-43,0.37441,0.003509,0.009518,0.007354,0.0,0.106536,0.01077,0.0,0.057765,0.005472,0.002554,0.076662,0.00215,0.0,0.013786,0.090958,0.0,0.367985,8.031783,2/28/2019,2019,2
959,2019-03-01,PEMAGATSHEL,BT-43,0.305061,0.002558,0.007191,0.005771,0.0,0.097684,0.011651,0.0,0.049646,0.004041,0.001361,0.075348,0.001692,0.0,0.010129,0.064226,0.0,0.349031,6.687588,3/31/2019,2019,3
978,2019-04-01,PEMAGATSHEL,BT-43,0.333784,0.002584,0.007379,0.005942,0.0,0.106126,0.012102,0.0,0.054546,0.004332,0.003342,0.081373,0.001678,0.0,0.013145,0.067425,0.0,0.224385,5.461589,4/30/2019,2019,4
997,2019-05-01,PEMAGATSHEL,BT-43,0.303985,0.002533,0.007201,0.005105,0.0,0.09741,0.008694,0.0,0.054985,0.003317,0.002137,0.07507,0.001236,0.0,0.014146,0.059054,0.0,0.194936,10.71318,5/31/2019,2019,5
1016,2019-06-01,PEMAGATSHEL,BT-43,0.310514,0.002893,0.007626,0.00629,0.0,0.107009,0.008957,0.0,0.056243,0.004614,0.001721,0.074039,0.000981,0.0,0.016266,0.06472,0.0,0.199966,8.235403,6/30/2019,2019,6
1035,2019-07-01,PEMAGATSHEL,BT-43,0.337258,0.002859,0.009512,0.006495,0.0,0.117351,0.006007,0.0,0.065187,0.005409,0.00225,0.069035,0.001634,0.0,0.01357,0.074266,0.0,0.224914,6.472416,7/31/2019,2019,7
1054,2019-08-01,PEMAGATSHEL,BT-43,0.329113,0.002607,0.008227,0.005323,0.0,0.098837,0.007754,0.0,0.05684,0.003524,0.001812,0.067699,0.001626,0.0,0.014807,0.064636,0.0,0.252227,8.607703,8/31/2019,2019,8
1073,2019-09-01,PEMAGATSHEL,BT-43,0.343871,0.002543,0.008903,0.005894,0.0,0.116797,0.010205,0.0,0.060646,0.004119,0.001985,0.082218,0.001069,0.0,0.015261,0.072387,0.0,0.344935,8.304245,9/30/2019,2019,9
1092,2019-10-01,PEMAGATSHEL,BT-43,0.349112,0.002393,0.008931,0.006677,0.0,0.110232,0.011275,0.0,0.06438,0.003621,0.00199,0.079758,0.001235,0.0,0.015123,0.072365,0.0,0.182857,7.072181,10/31/2019,2019,10
1111,2019-11-01,PEMAGATSHEL,BT-43,0.338172,0.002891,0.007756,0.005832,0.0,0.094709,0.011225,0.000107,0.060049,0.003631,0.001743,0.077368,0.001522,0.0,0.017574,0.057778,0.0,0.072067,9.260023,11/30/2019,2019,11
1130,2019-12-01,PEMAGATSHEL,BT-43,0.351815,0.002441,0.007573,0.007685,0.0,0.089021,0.009824,0.001287,0.058083,0.003713,0.001814,0.076083,0.00266,0.0,0.024966,0.054035,0.0,0.054567,8.994487,12/31/2019,2019,12
1149,2020-01-01,PEMAGATSHEL,BT-43,0.393921,0.00316,0.010525,0.009113,0.0,0.112788,0.013845,0.003137,0.057028,0.003865,0.001405,0.080673,0.002523,0.0,0.02049,0.069152,0.0,0.075463,5.324558,1/31/2020,2020,1
1168,2020-02-01,PEMAGATSHEL,BT-43,0.40774,0.003369,0.011753,0.008442,0.0,0.11863,0.01493,0.002313,0.072331,0.003389,0.002476,0.084904,0.003186,0.0,0.022715,0.079467,0.0,0.068974,9.201348,2/29/2020,2020,2
1187,2020-03-01,PEMAGATSHEL,BT-43,0.345711,0.00317,0.007942,0.006352,0.0,0.100769,0.009815,0.002946,0.06237,0.003202,0.001413,0.077499,0.002057,0.0,0.019813,0.067191,0.0,0.055034,9.597958,3/31/2020,2020,3
1206,2020-04-01,PEMAGATSHEL,BT-43,0.362504,0.002961,0.008149,0.008809,0.0,0.08372,0.009746,0.002033,0.052012,0.00331,0.001056,0.067995,0.00232,0.0,0.021671,0.059097,0.0,0.044137,6.071268,4/30/2020,2020,4
1225,2020-05-01,PEMAGATSHEL,BT-43,0.345087,0.002313,0.007762,0.005967,0.0,0.081618,0.008457,0.002088,0.048513,0.002903,0.00108,0.052904,0.002421,0.0,0.020303,0.061535,0.0,0.015355,5.183777,5/31/2020,2020,5
1244,2020-06-01,PEMAGATSHEL,BT-43,0.359506,0.002323,0.008472,0.005488,0.0,0.093837,0.010376,0.002094,0.058851,0.004013,0.001196,0.058046,0.00222,0.0,0.02079,0.060678,0.0,0.021527,5.703451,6/30/2020,2020,6
1263,2020-07-01,PEMAGATSHEL,BT-43,0.36159682,0.002566,0.009159,0.00547267,0.0,0.09536117,0.009322,0.001769,0.059305,0.003746,0.001304,0.061451,0.0025,0.0,0.024326,0.068064,0.0,0.044325,5.506651,7/31/2020,2020,7
1282,2020-08-01,PEMAGATSHEL,BT-43,0.36152015,0.00236046,0.00911507,0.00763224,0.0,0.0975639,0.00658018,0.00190431,0.06066433,0.00387577,0.00129228,0.0637263,0.00291336,0.0,0.02285736,0.065873,0.0,0.030535,7.18806,8/31/2020,2020,8
1301,2020-09-01,PEMAGATSHEL,BT-43,0.36625112,0.00244272,0.00901667,0.00829697,0.0,0.09759,0.00754186,0.00194333,0.05784158,0.00392041,0.00127782,0.0619955,0.00243475,0.0,0.02423851,0.06502519,0.0,0.022867,4.974423,9/30/2020,2020,9
1320,2020-10-01,PEMAGATSHEL,BT-43,0.4083248,0.00138982,0.00826879,0.00838376,0.0,0.1040341,0.01752701,0.00105436,0.05548585,0.00186782,0.0018379,0.07855444,0.00213489,0.0,0.03419304,0.06717181,0.0,0.034222,3.332808,10/31/2020,2020,10
1339,2020-11-01,PEMAGATSHEL,BT-43,0.36775314,0.002698,0.008351,0.006764,0.0,0.09487,0.009447,0.001839,0.056803,0.004877,0.000526,0.070074,0.002987,0.0,0.025371,0.067521,0.0,0.047495,7.713254,11/30/2020,2020,11
1358,2020-12-01,PEMAGATSHEL,BT-43,0.362423,0.00281,0.007831,0.008231,0.0,0.097673,0.01135,0.002391,0.054757,0.004657,0.000441,0.0753,0.002721,0.0,0.023733,0.066662,0.0,0.057563,8.614764,12/31/2020,2020,12
1375,2021-01-01,PEMAGATSHEL,BT-43,0.457977,0.003325,0.011191,0.014033,0.0,0.134896,0.019406,0.002281,0.062399,0.004274,0.000373,0.099024,0.003301,0.0009,0.030398,0.076719,0.0,0.052876,7.063918,1/31/2021,2021,1
1394,2021-02-01,PEMAGATSHEL,BT-43,0.374086,0.003037,0.008103,0.00861,0.0,0.127922,0.013642,0.0015,0.057002,0.005405,0.000319,0.078886,0.001794,0.0003,0.023522,0.082443,0.0,0.052638,5.296464,2/28/2021,2021,2
1413,2021-03-01,PEMAGATSHEL,BT-43,0.334348,0.002055,0.007975,0.008792,0.0,0.097397,0.012623,0.002227,0.055934,0.005226,0.000525,0.082232,0.002105,0.0003,0.019662,0.064249,0.0,0.032882,7.90944,3/31/2021,2021,3
1432,2021-04-01,PEMAGATSHEL,BT-43,0.365726,0.001884,0.00896,0.007981,0.0,0.094996,0.011636,0.002208,0.056585,0.004379,0.000866,0.083187,0.00237,0.0013,0.033663,0.060825,0.0,0.045566,7.851079,4/30/2021,2021,4
1451,2021-05-01,PEMAGATSHEL,BT-43,0.330883,0.002424,0.008179,0.008646,0.0,0.085092,0.007228,0.001516,0.05165,0.003598,0.000523,0.078018,0.001884,0.0003,0.024532,0.057191,0.0,0.053212,6.042314,5/31/2021,2021,5
1470,2021-06-01,PEMAGATSHEL,BT-43,0.329128,0.0025,0.008235,0.007284,0.0,0.09666,0.008241,0.001844,0.052272,0.004416,0.001463,0.083457,0.002528,0.0004,0.03346,0.060923,0.0,0.040229,6.422957,6/30/2021,2021,6
1489,2021-07-01,PEMAGATSHEL,BT-43,0.350033,0.002605,0.00838,0.007445,0.0,0.103973,0.006653,0.002003,0.061616,0.004277,0.000681,0.08624,0.002502,0.0009,0.027755,0.062637,0.0,0.037578,4.65503,7/31/2021,2021,7
1508,2021-08-01,PEMAGATSHEL,BT-43,0.361987,0.00247,0.009366,0.008018,0.0,0.09944,0.010511,0.001609,0.058491,0.003608,0.001882,0.083645,0.002656,0.0017,0.031881,0.071801,0.0,0.032429,4.559595,8/31/2021,2021,8
1527,2021-09-01,PEMAGATSHEL,BT-43,0.369288,0.0028,0.009576,0.008277,0.0,0.106641,0.010895,0.001648,0.059051,0.004003,0.002599,0.093302,0.002866,0.0009,0.039024,0.068438,0.0,0.04386,5.265405,9/30/2021,2021,9
1546,2021-10-01,PEMAGATSHEL,BT-43,0.343051,0.002633,0.008506,0.006361,0.0,0.092748,0.009541,0.001825,0.056353,0.003535,0.002592,0.085241,0.00244,0.0008,0.029994,0.06887,0.0,0.042065,7.600704,10/31/2021,2021,10
1565,2021-11-01,PEMAGATSHEL,BT-43,0.357051,0.002915,0.008049,0.009193,0.0,0.090596,0.011565,0.001932,0.061432,0.004046,0.001872,0.089487,0.002796,0.0006,0.036837,0.067175,0.0,0.04642,8.280267,11/30/2021,2021,11
1584,2021-12-01,PEMAGATSHEL,BT-43,0.393248,0.002633,0.008618,0.008228,0.0,0.100345,0.014214,0.002478,0.057069,0.004668,0.000912,0.092353,0.002988,0.0004,0.032495,0.066544,0.0,0.050849,6.914534,12/31/2021,2021,12
1604,2022-01-01,PEMAGATSHEL,BT-43,0.43385,0.002277,0.009388,0.011155,0.0,0.112067,0.02194,0.002918,0.06134,0.004072,0.001116,0.089413,0.002736,0.0007,0.029388,0.077104,0.0,0.043099,6.48909,1/31/2022,2022,1
1622,2022-02-01,PEMAGATSHEL,BT-43,0.4636932,0.002922,0.009562,0.014294,0.0,0.1338212,0.024171,0.003676,0.06695092,0.00454,0.000843,0.11409512,0.0029215,0.0008,0.037478,0.0875465,0.0,0.053994,1.56384,2/28/2022,2022,2
1640,2022-03-01,PEMAGATSHEL,BT-43,0.42096476,0.002451,0.0075025,0.011637,0.0,0.1101378,0.019856,0.001797,0.05659465,0.004111,0.00058,0.100251,0.0028065,0.0005,0.04151863,0.0815735,0.0,0.050391,7.05621,3/31/2022,2022,3
1658,2022-04-01,PEMAGATSHEL,BT-43,0.38574004,0.002919,0.0077575,0.011561,0.0,0.082363,0.010855,0.001772,0.05289775,0.004166,0.000883,0.07880828,0.00265,0.0003,0.03362167,0.059743,0.0,0.04562,4.9708,4/30/2022,2022,4
1676,2022-05-01,PEMAGATSHEL,BT-43,0.34842591,0.002773,0.007777,0.009125,0.0,0.086124,0.007861,0.001952,0.05566142,0.004227,0.001059,0.08519214,0.002308,0.0002,0.0310127,0.058351,0.0,0.03717,7.6412,5/31/2022,2022,5
1694,2022-06-01,PEMAGATSHEL,BT-43,0.36927581,0.003131,0.008166,0.00856,0.0,0.098751,0.009113,0.002102,0.06314313,0.003891,0.001435,0.0955117,0.002165,0.0003,0.032236,0.071739,0.0,0.035996,5.1418,6/30/2022,2022,6
1712,2022-07-01,PEMAGATSHEL,BT-43,0.36100995,0.002535,0.008148,0.009276,0.0,0.098006,0.008661,0.001835,0.06224645,0.003293,0.001569,0.09437134,0.003138,0.0004,0.030242,0.067687,0.0,0.022768,7.9734,7/31/2022,2022,7
1730,2022-08-01,PEMAGATSHEL,BT-43,0.37810978,0.003233,0.007714,0.008576,0.0,0.106334,0.007792,0.001875,0.06855496,0.002981,0.000833,0.10008271,0.003315,0.0001,0.03197,0.072064,0.0,0.033275,7.7,8/31/2022,2022,8
1748,2022-09-01,PEMAGATSHEL,BT-43,0.41380155,0.003127,0.009236,0.009533,0.0,0.113291,0.010735,0.002228,0.06630145,0.00431,0.001708,0.098258,0.003804,0.0001,0.039136,0.075044,0.0,0.040631,6.7502,9/30/2022,2022,9
1766,2022-10-01,PEMAGATSHEL,BT-43,0.386968,0.003244,0.008246,0.010531,0.0,0.103905,0.009811,0.002288,0.06447027,0.003751,0.000356,0.09912271,0.003717,0.0,0.033696,0.069505,0.0,0.040318,8.7418,10/31/2022,2022,10
1784,2022-11-01,PEMAGATSHEL,BT-43,0.38286697,0.002902,0.007772,0.009922,0.0,0.094374,0.010192,0.002318,0.06071937,0.00366,0.000381,0.0900224,0.004075,0.0001,0.034773,0.068755,0.0,0.038263,7.1282,11/30/2022,2022,11
1802,2022-12-01,PEMAGATSHEL,BT-43,0.40903109,0.002412,0.00885,0.010975,0.0,0.098865,0.010616,0.002404,0.05939883,0.003289,0.00028,0.09046378,0.003598,5e-05,0.041072,0.071195,0.0,0.042737,7.862,12/31/2022,2022,12
1820,2023-01-01,PEMAGATSHEL,BT-43,0.45081636,0.002999,0.010284,0.013425,0.0,0.122897,0.016751,0.002318,0.06877349,0.004492,0.000248,0.09217764,0.004132,0.00045,0.047512,0.085508,0.0,0.038126,4.71683,1/31/2023,2023,1
1838,2023-02-01,PEMAGATSHEL,BT-43,0.47751966,0.002314,0.010134,0.011498,0.0,0.118036,0.018393,0.002146,0.06751578,0.00352,0.000261,0.08950791,0.005799,0.0011,0.044198,0.088515,0.0,0.044642,4.46161,2/28/2023,2023,2
1856,2023-03-01,PEMAGATSHEL,BT-43,0.38391476,0.00125,0.00726,0.009208,0.0,0.095056,0.011882,0.001707,0.05669029,0.003002,0.000153,0.08621427,0.004544,0.0005,0.040238,0.0,0.0,0.031579,4.39393,3/31/2023,2023,3
1874,2023-04-01,PEMAGATSHEL,BT-43,0.35478887,0.001527,0.007031,0.010329,0.0,0.095508,0.011815,0.001693,0.06062599,0.003385,0.000254,0.08906002,0.00455,0.0002,0.053283,0.065262,0.0,0.040173,6.93073,4/30/2023,2023,4
1892,2023-05-01,PEMAGATSHEL,BT-43,0.35139248,0.001479,0.008009,0.008361,0.0,0.097025,0.008301,0.001854,0.05708747,0.003048,0.000192,0.08081756,0.003979,0.0001,0.061013,0.066478,0.0,0.05517,8.367817,5/31/2023,2023,5
1910,2023-06-01,PEMAGATSHEL,BT-43,0.35016381,0.001662,0.00807,0.010731,0.0,0.107204,0.005534,0.001673,0.060312,0.003754,0.000561,0.086567,0.004559,5e-05,0.057437,0.074122,0.0,0.160821,7.24037,6/30/2023,2023,6
1928,2023-07-01,PEMAGATSHEL,BT-43,0.333437,0.001354,0.007988,0.008471,0.0,0.101897,0.006401,0.001861,0.05707577,0.003652,0.000301,0.0801363,0.003764,6e-06,0.034879,0.073951,0.0,0.145103,6.74253,7/31/2023,2023,7
1946,2023-08-01,PEMAGATSHEL,BT-43,0.382421,0.002158,0.009203,0.010948,0.0,0.120538,0.007691,0.001751,0.064595,0.003079,0.00034,0.08960914,0.004454,0.000144,0.042363,0.083849,0.0,0.113142,3.81319,8/31/2023,2023,8
1964,2023-09-01,PEMAGATSHEL,BT-43,0.370059,0.001186,0.008655,0.011243,0.0,0.121605,0.008121,0.001504,0.065731,0.003273,0.000403,0.10694298,0.003232,5e-05,0.045059,0.081885,0.0,0.151921,5.48707,9/30/2023,2023,9
1982,2023-10-01,PEMAGATSHEL,BT-43,0.350546,0.002664,0.007675,0.010261,0.0,0.121318,0.008457,0.001289,0.06195812,0.003375,0.000437,0.09800681,0.003444,0.00025,0.046241,0.085862,2e-05,0.177453,7.158195,10/31/2023,2023,10
2000,2023-11-01,PEMAGATSHEL,BT-43,0.353451,0.001933,0.008087,0.01276,0.0,0.106914,0.006418,0.001781,0.06058588,0.002852,0.000476,0.08906819,0.004369,0.0001,0.042489,0.07724,0.0,0.209355,7.4677,11/30/2023,2023,11
2018,2023-12-01,PEMAGATSHEL,BT-43,0.382884,0.002031,0.00716,0.014073,0.0,0.106264,0.009009,0.00206,0.054459,0.003222,0.000312,0.093129,0.005433,0.0004,0.043478,0.074071,6e-05,0.1469513,6.6900701,12/31/2023,2023,12
2036,2024-01-01,PEMAGATSHEL,BT-43,0.43235145,0.002221,0.008094,0.017817,0.0,0.122904,0.009741,0.001495,0.06427239,0.00393,0.00026,0.08780771,0.005092,0.0008,0.09307,0.042053,2e-05,0.159569,5.9368659,1/31/2024,2024,1
2054,2024-02-01,PEMAGATSHEL,BT-43,0.46046155,0.002444,0.008225,0.01894,0.0,0.136914,0.011099,0.003972,0.06457192,0.003744,0.000289,0.08763444,0.005222,0.0006,0.049197,0.100355,8e-05,0.1454248,7.0373272,2/29/2024,2024,2
2072,2024-03-01,PEMAGATSHEL,BT-43,0.386679,0.00215,0.007532,0.015381,0.0,0.116143,0.011709,0.0013,0.05935733,0.003218,0.000156,0.08408843,0.005217,0.0011,0.054145,0.09881,0.0,0.1805152,7.9582488,3/31/2024,2024,3
2090,2024-04-01,PEMAGATSHEL,BT-43,0.37567978,0.001603,0.0074,0.01622,0.0,0.117374,0.005068,0.001937,0.06002824,0.004041,0.000336,0.09672425,0.004533,0.0007,0.047643,0.084409,0.0,0.2077275,5.9876465,4/30/2024,2024,4
2108,2024-05-01,PEMAGATSHEL,BT-43,0.33472008,0.001582,0.007103,0.012371,0.0,0.107562,0.005832,0.001137,0.05792859,0.002832,0.000302,0.09321284,0.004193,0.0013,0.041608,0.079398,2e-05,0.2103504,7.2601826,5/31/2024,2024,5
2126,2024-06-01,PEMAGATSHEL,BT-43,0.34868895,0.001965,0.007467,0.01226,0.0,0.123139,0.006476,0.001062,0.06226354,0.0029,0.00061,0.10086944,0.003751,0.0012,0.039278,0.082104,0.0,0.1706269,4.5648141,6/30/2024,2024,6
2144,2024-07-01,PEMAGATSHEL,BT-43,0.38285252,0.002223,0.008184,0.012095,0.0,0.139808,0.010628,0.001237,0.06512292,0.004034,0.000554,0.09873478,0.003749,0.0014,0.038289,0.084258,0.0,0.131465,6.054172,7/31/2024,2024,7
2162,2024-08-01,PEMAGATSHEL,BT-43,0.39001867,0.001915,0.008654,0.011502,0.0,0.150245,0.01,0.001053,0.06934707,0.003309,0.000665,0.11077011,0.004586,0.0013,0.044775,0.090839,0.0,0.139691,3.687886,8/31/2024,2024,8
2180,2024-09-01,PEMAGATSHEL,BT-43,0.37524135,0.002061,0.008792,0.011716,0.0,0.149408,0.010537,0.001054,0.069982,0.002858,0.000272,0.130436,0.004737,0.002,0.040402,0.089793,0.0,0.1471902,2.8680412,9/30/2024,2024,9
2198,2024-10-01,PEMAGATSHEL,BT-43,0.36808796,0.002661,0.008436,0.010581,0.0,0.183681,0.010124,0.001997,0.068277,0.002958,0.000131,0.12699,0.004556,0.0026,0.035372,0.049818,0.0,0.1419516,6.4926124,10/31/2024,2024,10
2216,2024-11-01,PEMAGATSHEL,BT-43,0.35811398,0.002211,0.008469,0.010664,0.0,0.146874,0.009611,0.001084,0.063989,0.002377,0.000159,0.115674,0.00464,0.0009,0.035465,0.047182,0.0,0.104859,2.169236,11/30/2024,2024,11
2234,2024-12-01,PEMAGATSHEL,BT-43,0.38630671,0.001925,0.007982,0.015046,0.0,0.154313,0.010554,0.001048,0.058503,0.002426,0.000437,0.103559,0.004465,0.0019,0.030201,0.055609,0.0,0.1277721,4.37308,12/31/2024,2024,12
2253,2025-01-01,PEMAGATSHEL,BT-43,0.45420673,0.00235,0.009154,0.018442,0.0,0.195706,0.011844,0.00129,0.066893,0.003686,0.000245,0.10077,0.004599,0.002,0.042903,0.066091,8e-05,0.1491625,4.1140985,1/31/2025,2025,1
2272,2025-02-01,PEMAGATSHEL,BT-43,0.44693127,0.002407,0.009359,0.023335,0.0,0.181783,0.012438,0.001286,0.065292,0.003128,0.000459,0.089714,0.00432,0.0019,0.0400309,0.065109,6e-05,0.1489252,5.2628218,2/28/2025,2025,2
2291,2025-03-01,PEMAGATSHEL,BT-43,0.404459,0.002554,0.00785,0.017586,0.0,0.170491,0.0113,0.000906,0.061818,0.002204,0.000564,0.09697,0.004062,0.0013,0.0338601,0.053396,0.0001,0.1431938,4.9591062,3/31/2025,2025,3
2310,2025-04-01,PEMAGATSHEL,BT-43,0.37548246,0.002974,0.007317,0.013664,,0.141715,0.009395,0.001162,0.060496,0.001782,0.00076,0.119889,0.004147,0.0005,0.031585,0.053791,0.00034,0.1613434,7.1250756,4/30/2025,2025,4
2329,2025-05-01,PEMAGATSHEL,BT-43,0.354823,0.003123,0.007379,0.012204,,0.139789,0.00937,0.000767,0.062333,0.001845,0.000719,0.114382,0.00378,0.0007,0.034874,0.047178,6e-05,0.1341637,6.6127563,5/31/2025,2025,5
2348,2025-06-01,PEMAGATSHEL,BT-43,0.364509,0.003906,0.006855,0.013274,,0.160827,0.007823,0.001266,0.067772,0.002353,0.000418,0.127494,0.003782,0.001,0.03852,0.046096,,0.1164852,5.8634398,6/1/2025,2025,6
2367,2025-07-01,PEMAGATSHEL,BT-43,0.39272097,0.003532,0.008658,0.011542,,0.186329,0.00784,0.001063,0.070481,0.002594,0.000511,0.117907,0.003637,0.0019,0.039026,0.075678,,0.0744839,8.0573161,7/1/2025,2025,7
2386,2025-08-01,PEMAGATSHEL,BT-43,0.39445671,0.003403,0.00848,0.01268,,0.181828,0.009629,0.001343,0.078701,0.002769,0.000614,0.12338,0.003797,0.00209,0.042459,0.061206,0.0001,0.004021,5.76313,8/1/2025,2025,8
2405,2025-09-01,PEMAGATSHEL,BT-43,0.388567,0.003859,0.008633,0.014859,,0.184956,0.011487,0.001913,0.07829,0.002818,0.000553,0.135318,0.004357,0.00201,0.0378058,0.057697,6e-05,0.1234708,4.2667782,9/1/2025,2025,9
2424,2025-10-01,PEMAGATSHEL,BT-43,0.397718,0.003306,0.008079,0.01532,,0.17342,0.010732,0.00168,0.072796,0.002354,0.000676,0.136955,0.00483,0.0017,0.0386342,0.048721,0.00036,0.1317419,5.63253,10/1/2025,2025,10
2443,2025-11-01,PEMAGATSHEL,BT-43,0.37250283,0.004042,0.008122,0.015109,,0.157797,0.009111,0.001479,0.073124,0.00279,0.000637,0.128408,0.004938,0.001,0.040906,0.051708,0.0002,0.1321357,8.212531,11/1/2025,2025,11
2462,2025-12-01,PEMAGATSHEL,BT-43,0.39550017,0.003143,0.008053,0.01728,,0.154982,0.011234,0.001075,0.06777,0.003,0.000632,0.113074,0.004596,0.0008,0.041818,0.049675,0.00012,0.1458089,8.5282021,12/1/2025,2025,12
10,2015-01-01,PUNAKHA,BT-23,0.640141,0.0,0.0,0.0,0.0,0.363966,0.0,0.0,0.149217,0.0,0.015342,0.250616,0.000864,0.0,0.050009,0.02914,0.0,0.0,0.0,1/31/2015,2015,1
29,2015-02-01,PUNAKHA,BT-23,0.539984,0.0,0.0,0.0,0.0,0.28423,0.0,0.0,0.097912,0.0,0.009072,0.243397,0.000865,0.0,0.052217,0.03422,0.0,0.0,0.0,2/28/2015,2015,2
48,2015-03-01,PUNAKHA,BT-23,0.544445,0.0,0.0,0.0,0.0,0.229509,0.0,0.0,0.124512,0.0,0.012211,0.231484,0.000766,0.0,0.039403,0.025168,0.0,0.0,0.0,3/31/2015,2015,3
67,2015-04-01,PUNAKHA,BT-23,0.528096,0.0,0.0,0.0,0.0,0.2087,0.0,0.0,0.101419,0.0,0.01364,0.213037,0.000753,0.0,0.044146,0.021512,0.0,0.0,0.0,4/30/2015,2015,4
86,2015-05-01,PUNAKHA,BT-23,0.496354,0.0,0.0,0.0,0.0,0.250997,0.0,0.0,0.104439,0.0,0.017351,0.227405,0.000781,0.0,0.051093,0.04144,0.0,0.0,0.0,5/31/2015,2015,5
105,2015-06-01,PUNAKHA,BT-23,0.499317,0.0,0.0,0.0,0.0,0.251646,0.0,0.0,0.11269,0.0,0.016345,0.2395,0.000639,0.0,0.045527,0.048984,0.0,0.0,0.0,6/30/2015,2015,6
124,2015-07-01,PUNAKHA,BT-23,0.510938,0.0,0.0,0.0,0.0,0.238669,0.0,0.0,0.110891,0.0,0.022461,0.202759,0.000697,0.0,0.044685,0.04726,0.0,0.0,0.0,7/31/2015,2015,7
143,2015-08-01,PUNAKHA,BT-23,0.531181,0.0,0.0,0.0,0.0,0.234405,0.0,0.0,0.110268,0.0,0.017644,0.217844,0.000881,0.0,0.047703,0.047208,0.0,0.0,0.0,8/31/2015,2015,8
162,2015-09-01,PUNAKHA,BT-23,0.535381,0.0,0.0,0.0,0.0,0.240325,0.0,0.0,0.101673,0.0,0.017175,0.222075,0.000882,0.0,0.044029,0.048751,0.0,0.0,0.0,9/30/2015,2015,9
181,2015-10-01,PUNAKHA,BT-23,0.513944,0.0,0.0,0.0,0.0,0.220805,0.0,0.0,0.122054,0.0,0.021122,0.225017,0.00101,0.0,0.050238,0.060073,0.0,0.0,0.0,10/31/2015,2015,10
200,2015-11-01,PUNAKHA,BT-23,0.548258,0.0,0.0,0.0,0.0,0.255296,0.0,0.0,0.152337,0.0,0.019619,0.244958,0.001154,0.0,0.053249,0.097913,0.0,0.0,0.0,11/30/2015,2015,11
219,2015-12-01,PUNAKHA,BT-23,0.547467,0.0,0.0,0.0,0.0,0.235844,0.0,0.0,0.135367,0.0,0.014485,0.260924,0.000882,0.0,0.054094,0.071884,0.0,0.0,0.0,12/31/2015,2015,12
238,2016-01-01,PUNAKHA,BT-23,0.674752,0.0,0.0,0.0,0.0,0.381882,0.0,0.0,0.19324,0.0,0.01823,0.286594,0.001113,0.0,0.074122,0.103084,0.0,0.0,0.0,1/31/2016,2016,1
257,2016-02-01,PUNAKHA,BT-23,0.672406,0.0,0.0,0.0,0.0,0.312523,0.0,0.0,0.1623,0.0,0.018727,0.36488,0.001314,0.0,0.078049,0.103232,0.0,0.0,0.0,2/29/2016,2016,2
276,2016-03-01,PUNAKHA,BT-23,0.530997,0.0,0.0,0.0,0.0,0.252384,0.0,0.0,0.123403,0.0,0.016829,0.224092,0.001415,0.0,0.087456,0.10586,0.0,0.0,0.0,3/31/2016,2016,3
295,2016-04-01,PUNAKHA,BT-23,0.563059,0.0,0.0,0.0,0.0,0.237705,0.0,0.0,0.143049,0.0,0.02093,0.258296,0.002305,0.0,0.062346,0.10118,0.0,0.0,0.0,4/30/2016,2016,4
314,2016-05-01,PUNAKHA,BT-23,0.528548,0.0,0.0,0.0,0.0,0.203663,0.0,0.0,0.117627,0.0,0.017584,0.2068,0.001555,0.0,0.056677,0.09626,0.0,0.0,0.0,5/31/2016,2016,5
333,2016-06-01,PUNAKHA,BT-23,0.545587,0.0,0.0,0.0,0.0,0.218879,0.0,0.0,0.132884,0.0,0.021486,0.19995,0.013363,0.0,0.058555,0.09132,0.0,0.0,0.0,6/30/2016,2016,6
352,2016-07-01,PUNAKHA,BT-23,0.53997,0.0,0.0,0.0,0.0,0.250388,0.0,0.0,0.115748,0.0,0.022526,0.194448,0.001091,0.0,0.063912,0.0785,0.0,0.0,0.0,7/31/2016,2016,7
371,2016-08-01,PUNAKHA,BT-23,0.502345,0.0,0.0,0.0,0.0,0.215527,0.0,0.0,0.13007,0.0,0.023177,0.213481,0.003592,0.0,0.055593,0.0465,0.0,0.0,0.0,8/31/2016,2016,8
390,2016-09-01,PUNAKHA,BT-23,0.542757,0.0,0.0,0.0,0.0,0.230114,0.0,0.0,0.147787,0.0,0.022491,0.207868,0.002147,0.0,0.063943,0.06644,0.0,0.0,0.0,9/30/2016,2016,9
409,2016-10-01,PUNAKHA,BT-23,0.533543,0.0,0.0,0.0,0.0,0.230854,0.0,0.0,0.140679,0.0,0.018421,0.21345,0.003798,0.0,0.057974,0.08488,0.0,0.0,0.0,10/31/2016,2016,10
428,2016-11-01,PUNAKHA,BT-23,0.58171,0.0,0.0,0.0,0.0,0.224225,0.0,0.0,0.15432,0.0,0.028192,0.227848,0.004212,0.0,0.068482,0.1019,0.0,0.0,0.0,11/30/2016,2016,11
447,2016-12-01,PUNAKHA,BT-23,0.660819,0.0,0.0,0.0,0.0,0.305713,0.0,0.0,0.187031,0.0,0.025971,0.274878,0.00344,0.0,0.087622,0.10584,0.0,0.0,0.0,12/31/2016,2016,12
466,2017-01-01,PUNAKHA,BT-23,0.702283,0.002798,0.000457,0.000649,0.0,0.304708,0.094714,0.0,0.183352,0.0,0.024618,0.197667,0.003856,0.00289,0.081361,0.13418,0.0,0.0,0.0,1/31/2017,2017,1
485,2017-02-01,PUNAKHA,BT-23,0.613817,0.003808,0.000646,0.001153,0.0,0.272439,0.074933,0.0,0.162059,0.0,0.021743,0.166009,0.006218,0.00093,0.122377,0.09344,0.0,0.0,0.0,2/28/2017,2017,2
504,2017-03-01,PUNAKHA,BT-23,0.634242,0.003553,0.000606,0.000732,0.0,0.267992,0.094587,0.0,0.167682,0.0,0.02252,0.170969,0.006153,0.00056,0.078246,0.08906,0.0,0.0,0.0,3/31/2017,2017,3
523,2017-04-01,PUNAKHA,BT-23,0.549064,0.003246,0.000329,0.000884,0.0,0.208128,0.059728,0.0,0.166273,0.0,0.018073,0.152931,0.002442,0.00145,0.0804,0.10934,0.0,0.0,0.0,4/30/2017,2017,4
542,2017-05-01,PUNAKHA,BT-23,0.563365,0.002308,0.001501,0.001045,0.0,0.243013,0.075823,0.0,0.167285,0.0,0.020736,0.182593,0.002507,0.00079,0.069345,0.09798,0.0,0.0,0.0,5/31/2017,2017,5
561,2017-06-01,PUNAKHA,BT-23,0.546108,0.002669,0.004443,0.000803,0.0,0.187388,0.074662,0.0,0.158339,0.0,0.018944,0.16534,0.001656,0.00321,0.0621,0.09518,0.0,0.0,0.0,6/30/2017,2017,6
580,2017-07-01,PUNAKHA,BT-23,0.537383,0.000233,0.004467,0.000737,0.0,0.207382,0.037769,0.0,0.145291,0.0,0.020169,0.126731,0.001114,0.003,0.063881,0.0854,0.0,0.0,0.0,7/31/2017,2017,7
599,2017-08-01,PUNAKHA,BT-23,0.559598,0.000241,0.0065,0.00153,0.0,0.194059,0.03639,0.0,0.118506,0.0,0.009051,0.148021,0.000557,0.0,0.067444,0.05872,0.0,0.0,0.0,8/31/2017,2017,8
618,2017-09-01,PUNAKHA,BT-23,0.532329,0.000291,0.005872,0.001549,0.0,0.202512,0.048227,0.0,0.151807,0.0,0.027169,0.166957,0.013541,0.0,0.056205,0.0657,0.0,0.0,0.0,9/30/2017,2017,9
637,2017-10-01,PUNAKHA,BT-23,0.557126,0.000235,0.006377,0.001988,0.0,0.196521,0.031617,0.0,0.139461,0.0,0.019339,0.178433,0.010408,0.0,0.057426,0.074842,0.0,0.0,0.0,10/31/2017,2017,10
656,2017-11-01,PUNAKHA,BT-23,0.575953,0.000256,0.006486,0.001431,0.0,0.198238,0.048538,0.0,0.159691,0.0,0.022825,0.191681,0.014807,0.0,0.069712,0.163241,0.0,0.0,0.0,11/30/2017,2017,11
675,2017-12-01,PUNAKHA,BT-23,0.710131,0.000414,0.007937,0.002521,0.0,0.201562,0.05834,0.0,0.167567,0.0,0.026093,0.20927,0.010998,0.0,0.083951,0.169061,0.0,0.0,0.0,12/31/2017,2017,12
694,2018-01-01,PUNAKHA,BT-23,0.710701,0.000363,0.007099,0.001975,0.0,0.224318,0.070337,0.0,0.194177,0.0,0.022486,0.21228,0.007678,0.0,0.095788,0.24281,0.0,0.0,0.0,1/31/2018,2018,1
713,2018-02-01,PUNAKHA,BT-23,0.74094,0.000455,0.007525,0.00175,0.0,0.227485,0.056379,0.0,0.156826,0.0,0.010494,0.235173,0.010934,0.001,0.094101,0.166046,0.0,0.0,0.0,2/28/2018,2018,2
732,2018-03-01,PUNAKHA,BT-23,0.617476,0.000357,0.008079,0.003574,0.0,0.143741,0.048885,0.0,0.158079,0.0,0.011961,0.247233,0.009583,0.0,0.085093,0.186301,0.0,0.0,0.0,3/31/2018,2018,3
751,2018-04-01,PUNAKHA,BT-23,0.609942,0.000202,0.00816,0.003771,0.0,0.188061,0.064761,0.0,0.177853,0.0,0.01582,0.229353,0.010006,0.002,0.089529,0.157824,0.0,0.0,0.0,4/30/2018,2018,4
770,2018-05-01,PUNAKHA,BT-23,0.602914,0.000262,0.007462,0.003785,0.0,0.131918,0.055768,0.0,0.132673,0.0,0.018196,0.211003,0.012461,0.0,0.084483,0.18029,0.0,0.0,0.0,5/31/2018,2018,5
789,2018-06-01,PUNAKHA,BT-23,0.58281,0.000329,0.008659,0.002358,0.0,0.184921,0.046906,0.0,0.172302,0.0,0.026749,0.214873,0.008058,0.0,0.084969,0.194503,0.0,0.0,0.0,6/30/2018,2018,6
808,2018-07-01,PUNAKHA,BT-23,0.636163,0.000347,0.009253,0.002968,0.0,0.166255,0.051259,0.0,0.136102,0.0,0.017291,0.19326,0.013074,0.002,0.085571,0.152611,0.0,0.0,0.0,7/31/2018,2018,7
827,2018-08-01,PUNAKHA,BT-23,0.590996,0.000214,0.008962,0.002318,0.0,0.162227,0.056052,0.0,0.143123,0.0,0.014734,0.189047,0.014394,0.0,0.075088,0.153388,0.0,0.0,0.0,8/31/2018,2018,8
846,2018-09-01,PUNAKHA,BT-23,0.549712,0.000661,0.008814,0.003228,0.0,0.135817,0.04805,0.0,0.126486,0.0,0.012685,0.208821,0.011745,0.0,0.061549,0.147779,0.0,0.0,0.0,9/30/2018,2018,9
865,2018-10-01,PUNAKHA,BT-23,0.574739,0.00026,0.008194,0.002171,0.0,0.152807,0.042425,0.0,0.161329,0.0,0.015737,0.207344,0.011714,0.001,0.072905,0.169965,0.0,0.0,0.0,10/31/2018,2018,10
884,2018-11-01,PUNAKHA,BT-23,0.66832,0.000225,0.008841,0.002117,0.0,0.160676,0.060227,0.0,0.17754,0.0,0.019806,0.236382,0.006775,0.001,0.092782,0.240002,0.0,0.0,0.0,11/30/2018,2018,11
903,2018-12-01,PUNAKHA,BT-23,0.69382,0.000332,0.010015,0.003623,0.0,0.178784,0.064983,0.0,0.206668,0.0,0.01918,0.265742,0.01699,0.001,0.104046,0.296044,0.0,0.0,0.0,12/31/2018,2018,12
922,2019-01-01,PUNAKHA,BT-23,0.872136,0.000369,0.010836,0.004381,0.0,0.228062,0.088157,0.0,0.233222,0.0,0.020605,0.28637922,0.012102,0.0,0.126237,0.354029,0.0,0.0,0.0,1/31/2019,2019,1
941,2019-02-01,PUNAKHA,BT-23,0.80920179,0.000385,0.009586,0.004029,0.0,0.184873,0.081412,0.0,0.205687,0.0,0.017685,0.256764,0.011786,0.0,0.124455,0.294723,0.0,0.0,0.0,2/28/2019,2019,2
960,2019-03-01,PUNAKHA,BT-23,0.671314,0.000257,0.008624,0.004016,0.0,0.172873,0.069697,0.0,0.19381,0.0,0.018546,0.264917,0.011171,0.0,0.10168083,0.255229,0.0,0.0,0.0,3/31/2019,2019,3
979,2019-04-01,PUNAKHA,BT-23,0.644193,0.000255,0.009278,0.003158,0.0,0.141091,0.061598,0.0,0.188704,0.0,0.017537,0.262209,0.011298,0.00067,0.101174,0.305026,0.0,0.0,0.0,4/30/2019,2019,4
998,2019-05-01,PUNAKHA,BT-23,0.602136,0.000381,0.008295,0.002957,0.0,0.148268,0.062054,0.0,0.204869,0.0,0.019728,0.262183,0.011991,0.00033,0.058389,0.320518,0.0,0.0,0.0,5/31/2019,2019,5
1017,2019-06-01,PUNAKHA,BT-23,0.602701,0.000257,0.010188,0.002492,0.0,0.141537,0.04851,0.0,0.205062,0.0,0.017702,0.219215,0.010511,0.00028,0.052857,0.311157,0.0,0.0,0.0,6/30/2019,2019,6
1036,2019-07-01,PUNAKHA,BT-23,0.59662,0.000262,0.008695,0.003449,0.0,0.141862,0.047321,0.0,0.179201,0.0,0.025681,0.199842,0.011115,0.00011,0.04254,0.236291,0.0,0.0,0.0,7/31/2019,2019,7
1055,2019-08-01,PUNAKHA,BT-23,0.643273,0.000282,0.009274,0.003526,0.0,0.127464,0.044751,0.0,0.152035,0.0,0.021751,0.183413,0.010002,0.00024,0.039455,0.253114,0.0,0.0,0.0,8/31/2019,2019,8
1074,2019-09-01,PUNAKHA,BT-23,0.62877,0.000387,0.011536,0.00311,0.0,0.151654,0.046061,0.0,0.193533,0.0,0.021903,0.221313,0.010548,0.0,0.032143,0.253426,0.0,0.0,0.0,9/30/2019,2019,9
1093,2019-10-01,PUNAKHA,BT-23,0.741069,0.000229,0.012113,0.003643,0.011922,0.174454,0.058065,0.0,0.2335815,0.0,0.031379,0.232902031,0.012316,0.00086,0.05215,0.321616,0.0,0.0,0.0,10/31/2019,2019,10
1112,2019-11-01,PUNAKHA,BT-23,0.553218,0.000121,0.009937,0.002612,0.031545,0.105427,0.054775,0.0,0.178921,0.0,0.025993,0.206293039,0.010018,0.00042,0.044247,0.463255,0.0,0.0,0.0,11/30/2019,2019,11
1131,2019-12-01,PUNAKHA,BT-23,0.63081867,0.000173,0.009616,0.003475,0.0104,0.135256,0.070881,0.078307,0.149533,0.0,0.024432,0.239478025,0.010712,0.00048,0.03921,0.39501,0.0,0.0,0.0,12/31/2019,2019,12
1150,2020-01-01,PUNAKHA,BT-23,0.96862686,8.4e-05,0.014017,0.003065,0.012316,0.224476,0.101115,0.139089,0.242542,0.0,0.02692,0.319408029,0.013301,0.00057,0.064349,0.600055,0.0,0.0,0.0,1/31/2020,2020,1
1169,2020-02-01,PUNAKHA,BT-23,0.854639,0.000205,0.011335,0.003145,0.0,0.197247,0.075545,0.077647,0.14816,0.0,0.022233,0.297488101,0.010675,0.00124,0.053014,0.512518,0.0,0.0,0.0,2/29/2020,2020,2
1188,2020-03-01,PUNAKHA,BT-23,0.759634,8.8e-05,0.010959,0.003684,0.025225,0.167989,0.086589,0.092447,0.171122,0.0,0.020663,0.27073495,0.010658,0.00072,0.04119,0.44919,0.0,0.0,0.0,3/31/2020,2020,3
1207,2020-04-01,PUNAKHA,BT-23,0.684523,0.000296,0.009475,0.002533,0.031529,0.138947,0.06217831,0.044766,0.100614,0.0,0.018693,0.214426,0.011095,0.0,0.034691,0.18097169,0.0,0.0,0.0,4/30/2020,2020,4
1226,2020-05-01,PUNAKHA,BT-23,0.704465,0.000305,0.009626,0.003246,0.022209,0.135448,0.072304,0.047329,0.091861,0.0,0.01958,0.205372,0.010235,0.0,0.037498,0.196067,0.0,0.0,0.0,5/31/2020,2020,5
1245,2020-06-01,PUNAKHA,BT-23,0.644342,0.000354,0.009765,0.00226,0.035485,0.123827,0.061432,0.037439,0.08912,0.0,0.016269,0.172169,0.007766,0.0,0.0331103,0.1445,0.0,0.0,0.0,6/30/2020,2020,6
1264,2020-07-01,PUNAKHA,BT-23,0.71442026,0.000331,0.011633,0.003032,0.020603,0.1518,0.061602,0.048756,0.109137,0.0,0.022792,0.206666,0.009779,0.0,0.029647,0.171885,0.0,0.0,0.0,7/31/2020,2020,7
1283,2020-08-01,PUNAKHA,BT-23,0.64852496,0.00036359,0.01071702,0.00301573,0.02521068,0.13006256,0.0576676,0.04109671,0.09533913,0.0,0.02152074,0.2131001,0.007603,0.0,0.02753593,0.14625638,0.0,0.0,0.0,8/31/2020,2020,8
1302,2020-09-01,PUNAKHA,BT-23,0.68068779,0.00039321,0.0109484,0.00279936,0.02627922,0.1371081,0.05767129,0.04289726,0.09634809,0.0,0.02076905,0.16767194,0.00801923,0.0,0.02846744,0.15058402,0.0,0.0,0.0,9/30/2020,2020,9
1321,2020-10-01,PUNAKHA,BT-23,0.79269583,0.0002182,0.01225271,0.00223954,0.02830397,0.15992909,0.04442111,0.02753503,0.09363842,0.0,0.03200231,0.31142352,0.00138677,0.00108,0.02664442,0.1552396,0.0,0.0,0.0,10/31/2020,2020,10
1340,2020-11-01,PUNAKHA,BT-23,0.63479217,0.000133,0.011528,0.00430337,0.03668477,0.12295,0.055709,0.040585,0.110689,0.0,0.0240439,0.218611,0.008259,0.00065,0.019812,0.129675,0.0,0.0,0.0,11/30/2020,2020,11
1359,2020-12-01,PUNAKHA,BT-23,0.73993329,0.000149,0.011489,0.003586,0.02769336,0.153968,0.077363,0.044946,0.112744,0.0,0.019908,0.289988,0.00677,0.0005,0.02390396,0.227885,0.0,0.0,0.0,12/31/2020,2020,12
1377,2021-01-01,PUNAKHA,BT-23,1.05476527,0.000187,0.013676,0.006094,0.029466,0.24820587,0.13082,0.05394552,0.143353,0.0,0.02491,0.42353411,0.00825,0.0007,0.038478,0.355378,0.0,0.0,0.0,1/31/2021,2021,1
1396,2021-02-01,PUNAKHA,BT-23,0.85975873,0.000106,0.011433,0.004209,0.019756,0.168529,0.08273,0.04727048,0.117912,0.0,0.01892,0.36161589,0.005316,0.00063,0.02838141,0.2314166,0.0,0.0,0.0,2/28/2021,2021,2
1415,2021-03-01,PUNAKHA,BT-23,0.735589,9e-05,0.010446,0.003458,0.015443,0.160977,0.075261,0.044689,0.131514,0.0,0.020481,0.324937,0.007037,0.00052,0.025808,0.261815,0.0,2.833095,0.0,3/31/2021,2021,3
1434,2021-04-01,PUNAKHA,BT-23,0.753542,0.000123,0.011614,0.004757,0.021377,0.147932,0.082888,0.044039,0.126688,0.0,0.022034,0.279528,0.005066,0.0,0.026486,0.202857,0.0,0.593355,0.0,4/30/2021,2021,4
1453,2021-05-01,PUNAKHA,BT-23,0.677375,0.00012,0.012971,0.004067,0.036604,0.130657,0.067865,0.046945,0.118025,0.0,0.030665,0.275933,0.003584,0.001,0.017639,0.156974,0.0,0.0,0.0,5/31/2021,2021,5
1472,2021-06-01,PUNAKHA,BT-23,0.615518,0.00031,0.012112,0.003667,0.02678,0.122703,0.056607,0.040719,0.10951,0.0,0.02692,0.239204,0.002371,0.001,0.01677,0.139955,0.0,0.0,0.0,6/30/2021,2021,6
1491,2021-07-01,PUNAKHA,BT-23,0.709199,0.000313,0.013625,0.003703,0.02329,0.161467,0.059239,0.05185,0.146257,0.0,0.028872,0.28733,0.004282,0.00043,0.01763,0.158882,0.0,0.0,0.0,7/31/2021,2021,7
1510,2021-08-01,PUNAKHA,BT-23,0.664835,0.000403,0.013076,0.004649,0.023995,0.12763,0.051677,0.052007,0.129028,0.0,0.027416,0.237472,0.004428,0.0003,0.017927,0.135069,0.0,0.0,0.0,8/31/2021,2021,8
1529,2021-09-01,PUNAKHA,BT-23,0.686274,0.000394,0.01293,0.003641,0.037203,0.142802,0.059445,0.055415,0.145644,0.0,0.024036,0.241518,0.003545,0.00027,0.018776,0.119272,0.0,0.0,0.0,9/30/2021,2021,9
1548,2021-10-01,PUNAKHA,BT-23,0.670962,0.000436,0.013042,0.003706,0.019423,0.130965,0.0518438,0.0510024,0.132393,0.0,0.021842,0.2579016,0.005659,0.00033,0.019577,0.2068,0.0,0.0,0.0,10/31/2021,2021,10
1567,2021-11-01,PUNAKHA,BT-23,0.736364,0.000772,0.012547,0.004,0.045982,0.139631,0.0577586,0.0497164,0.13476371,0.0,0.02816,0.2657446,0.006034,0.00045,0.025183,0.1744894,0.0,0.0,0.0,11/30/2021,2021,11
1586,2021-12-01,PUNAKHA,BT-23,0.824056,0.000385,0.012497,0.003932,0.027022,0.156377,0.0750502,0.0458552,0.133218,0.0,0.028246,0.2898596,0.004743,0.00044,0.027169,0.1801742,0.0,0.0,0.0,12/31/2021,2021,12
1605,2022-01-01,PUNAKHA,BT-23,1.032222,0.003083,0.015864,0.006584,0.013959,0.211273,0.0949252,0.0780336,0.1776514,0.0,0.0244,0.3186544,0.003481,0.00066,0.029161,0.288671,0.0,1.36593,0.0,1/31/2022,2022,1
1623,2022-02-01,PUNAKHA,BT-23,1.180672,0.003365,0.016577,0.004481,0.004211,0.257724,0.1127572,0.0807426,0.2182558,0.0,0.040683,0.4129444,0.00713,0.00012,0.040827,0.3260724,0.0,1.5049125,0.0,2/28/2022,2022,2
1641,2022-03-01,PUNAKHA,BT-23,0.775748,0.001382,0.01137,0.002903,0.01502,0.160683,0.059511,0.0446496,0.125137,0.0,0.022513,0.3214982,0.004392,0.00119,0.022638,0.2497444,0.0,2.257935,0.0,3/31/2022,2022,3
1659,2022-04-01,PUNAKHA,BT-23,0.763337,0.001528,0.010837,0.003158,0.026035,0.12533836,0.0577566,0.0440452,0.1096142,0.0,0.018525,0.2372164,0.005433,0.00063,0.02189,0.1695212,0.0,2.4686025,0.0,4/30/2022,2022,4
1677,2022-05-01,PUNAKHA,BT-23,0.757126,0.002113,0.012358,0.002978,0.028752,0.14253537,0.0594176,0.0519896,0.1350668,0.0,0.025809,0.2675478,0.00568,0.00057,0.021603,0.1301612,0.0,2.8299,0.0,5/31/2022,2022,5
1695,2022-06-01,PUNAKHA,BT-23,0.67514313,0.001566,0.01076,0.002641,0.029424,0.12596327,0.0516602,0.0463954,0.1293451,0.0,0.028066,0.2760062,0.007652,0.00036,0.020593,0.1347066,0.0,2.70063,0.0,6/30/2022,2022,6
1713,2022-07-01,PUNAKHA,BT-23,0.76083939,0.001409,0.012199,0.003292,0.03341,0.1597447,0.0517356,0.054692,0.1430031,0.0,0.036115,0.2831334,0.009688,0.00024,0.024913,0.1537096,0.0,2.76972,0.0,7/31/2022,2022,7
1731,2022-08-01,PUNAKHA,BT-23,0.70916533,0.001374,0.012029,0.002892,0.032567,0.1464123,0.0481602,0.0460332,0.1484984,0.0,0.032055,0.2599036,0.00889,0.00044,0.024471,0.169981,0.0,2.6844975,0.0,8/31/2022,2022,8
1749,2022-09-01,PUNAKHA,BT-23,0.803587,0.001504,0.013386,0.002835,0.027821,0.16743703,0.0558666,0.0587092,0.167829,0.0,0.041335,0.2812026,0.011018,0.00058,0.037337,0.1583152,0.0,2.6221125,0.0,9/30/2022,2022,9
1767,2022-10-01,PUNAKHA,BT-23,0.6958398,0.001494,0.011097,0.002648,0.032223,0.13694597,0.0371024,0.0477818,0.1503226,0.0,0.033939,0.245458,0.009327,0.0,0.02996,0.2035794,0.0,2.70024,0.0,10/31/2022,2022,10
1785,2022-11-01,PUNAKHA,BT-23,0.75532135,0.001307,0.011901,0.003308,0.051664,0.130406,0.0436794,0.0471042,0.1702606,0.0,0.030455,0.2495458,0.009546,0.0,0.043412,0.377521,0.0,2.68005,0.0,11/30/2022,2022,11
1803,2022-12-01,PUNAKHA,BT-23,0.889887,0.002055,0.014052,0.003078,0.043643,0.164417,0.0594114,0.0537608,0.172229,0.0,0.034356,0.301689,0.009579,0.00032,0.047007,0.4715326,0.0,2.69865,0.0,12/31/2022,2022,12
1821,2023-01-01,PUNAKHA,BT-23,1.1146522,0.002197,0.016981,0.003123,0.041926,0.204084,0.0810972,0.0648552,0.2042346,0.0,0.03427,0.372222,0.011245,0.00064,0.046761,0.516312,0.0023728,2.630265,0.0,1/31/2023,2023,1
1839,2023-02-01,PUNAKHA,BT-23,1.0165538,0.002051,0.014236,0.004434,0.025165,0.191104,0.0681674,0.0584974,0.174156,0.0,0.034862,0.2923534,0.010138,0.00046,0.043234,0.475331,0.0024568,2.37345,0.0,2/28/2023,2023,2
1857,2023-03-01,PUNAKHA,BT-23,0.898414,0.001234,0.014233,0.004125,0.026578,0.165951,0.0738134,0.0550884,0.1770322,0.0,0.025516,0.2965076,0.010093,0.00046,0.042815,0.0028396,0.0028396,2.5126575,0.0,3/31/2023,2023,3
1875,2023-04-01,PUNAKHA,BT-23,0.821302,0.001719,0.012458,0.002702,0.037696,0.130491,0.0753616,0.0496648,0.1692512,0.0,0.031579,0.3023244,0.008459,0.00036,0.048521,0.4204572,0.003376,0.2396025,12.45576,4/30/2023,2023,4
1893,2023-05-01,PUNAKHA,BT-23,0.76743988,0.001416,0.012334,0.003398,0.044721,0.137568,0.061462,0.0503266,0.189289,0.0,0.032968,0.2949096,0.010356,0.00055,0.051407,0.4507152,0.0033972,0.0,13.8718,5/31/2023,2023,5
1911,2023-06-01,PUNAKHA,BT-23,0.75831412,0.001589,0.01245,0.003525,0.038961,0.13219,0.0500794,0.0521514,0.1862256,0.0,0.037667,0.2890874,0.009968,0.00062,0.036677,0.4135938,0.0031704,0.0,14.52072,6/30/2023,2023,6
1929,2023-07-01,PUNAKHA,BT-23,0.796609,0.001205,0.013801,0.002981,0.030865,0.149699,0.045441,0.0533428,0.194326,0.0,0.040224,0.2590134,0.008733,0.00057,0.036575,0.2856226,0.0034272,0.0,15.34178,7/31/2023,2023,7
1947,2023-08-01,PUNAKHA,BT-23,0.777325,0.000996,0.012474,0.003315,0.032468,0.137185,0.048218,0.0500504,0.1769956,0.0,0.040103,0.2486758,0.009468,0.0005,0.032726,0.2847866,0.017634,0.0,15.31468,8/31/2023,2023,8
1965,2023-09-01,PUNAKHA,BT-23,0.80365132,0.001458,0.01307,0.00261,0.042522,0.157662,0.055046,0.0546928,0.1970434,0.0,0.037373,0.3139598,0.009642,0.00057,0.048619,0.3272028,0.0242676,0.0,13.35808,9/30/2023,2023,9
1983,2023-10-01,PUNAKHA,BT-23,0.7819206,0.001525,0.012388,0.004064,0.041258,0.134908,0.047732,0.050653,0.19865967,0.0,0.035244,0.2903752,0.009259,0.00058,0.045106,0.359877,0.00336,0.0,14.1248,10/31/2023,2023,10
2001,2023-11-01,PUNAKHA,BT-23,0.80564048,0.001717,0.012009,0.003459,0.046559,0.136626,0.067522,0.055467,0.20239193,0.0,0.036895,0.279113,0.010996,0.00073,0.040724,0.4642308,0.00366,0.0,12.1637,11/30/2023,2023,11
2019,2023-12-01,PUNAKHA,BT-23,0.92677957,0.001801,0.01411,0.003638,0.031217,0.154419,0.075904,0.053324,0.2181404,0.0,0.032659,0.3679464,0.00807,0.00092,0.041161,0.556352,0.0029872,0.0,12.90297,12/31/2023,2023,12
2037,2024-01-01,PUNAKHA,BT-23,1.10559343,0.001682,0.016182,0.004768,0.038934,0.189578,0.0857684,0.0629504,0.2572188,0.0,0.039641,0.421923,0.012008,0.00087,0.04184,0.6626422,0.0037204,0.0,12.77937,1/31/2024,2024,1
2055,2024-02-01,PUNAKHA,BT-23,1.1162907,0.001586,0.015808,0.007562,0.03919365,0.20117081,0.0744834,0.063202,0.225318,0.0,0.037971,0.366606,0.010883,0.00087,0.048753,0.5881193,0.0039184,0.0,11.92901,2/29/2024,2024,2
2073,2024-03-01,PUNAKHA,BT-23,0.9787406,0.001425,0.013881,0.004009,0.02852335,0.16781503,0.0841692,0.0577052,0.235893,0.0,0.034625,0.3320416,0.010164,0.00074,0.03894,0.6846171,0.0037888,0.0,14.74634,3/31/2024,2024,3
2091,2024-04-01,PUNAKHA,BT-23,0.86350721,0.001475,0.013444,0.003435,0.027618,0.14940472,0.083095,0.0546536,0.2466524,0.0,0.042694,0.372087,0.010913,0.00088,0.040146,0.7077753,0.0032736,0.0,13.88903,4/30/2024,2024,4
2109,2024-05-01,PUNAKHA,BT-23,0.78189085,0.001289,0.012244,0.005084,0.034984,0.14107943,0.0575402,0.0558798,0.2295431,0.0,0.040723,0.3363162,0.010448,0.00069,0.031475,0.7454146,0.0034632,0.0,12.23226,5/31/2024,2024,5
2127,2024-06-01,PUNAKHA,BT-23,0.79798641,0.001227,0.013391,0.003115,0.031704,0.13973208,0.0606604,0.0527914,0.2347423,0.0,0.042184,0.3204334,0.00924,0.00067,0.035379,0.3705977,0.0045232,0.150202,12.99847,6/30/2024,2024,6
2145,2024-07-01,PUNAKHA,BT-23,0.78066533,0.001111,0.011909,0.004261,0.024438,0.14024959,0.0486804,0.04864,0.2138076,0.0,0.039167,0.3098784,0.009538,0.00047,0.035099,0.3057512,0.0030076,0.125764,13.839303,7/31/2024,2024,7
2163,2024-08-01,PUNAKHA,BT-23,0.82791845,0.001348,0.013755,0.002809,0.027962,0.15513903,0.053308,0.053296,0.213196,0.0,0.036367,0.292526,0.010701,0.00049,0.036568,0.2311227,0.0035336,0.159942,13.970777,8/31/2024,2024,8
2181,2024-09-01,PUNAKHA,BT-23,0.81315746,0.001305,0.013753,0.002996,0.02734,0.15437066,0.0590218,0.0523986,0.2170858,0.0,0.038505,0.3216544,0.009598,0.00048,0.035259,0.2784329,0.0027972,0.159046,13.560022,9/30/2024,2024,9
2199,2024-10-01,PUNAKHA,BT-23,0.83114985,0.001222,0.011991,0.002475,0.038177,0.11725211,0.0599334,0.0531764,0.2271636,0.0,0.033885,0.3118806,0.00963,0.00065,0.033918,0.2869478,0.0033416,0.284063,13.439901,10/31/2024,2024,10
2217,2024-11-01,PUNAKHA,BT-23,0.90163913,0.001299,0.014264,0.002948,0.065799,0.1178438,0.06646,0.060211,0.2548074,0.0,0.045657,0.314124,0.012744,0.00055,0.037223,0.3366055,0.003656,0.269307,12.749518,11/30/2024,2024,11
2235,2024-12-01,PUNAKHA,BT-23,0.9458476,0.001476,0.013084,0.003245,0.065369,0.12550933,0.0883334,0.0427342,0.2430172,0.0,0.030595,0.3305008,0.008334,0.00093,0.035025,0.3918603,0.0031244,0.255626,13.508052,12/31/2024,2024,12
2254,2025-01-01,PUNAKHA,BT-23,1.29468888,0.001618,0.017635,0.003191,0.067384,0.18197945,0.1026276,0.0645366,0.3023566,0.0,0.0359,0.3779768,0.011199,0.00078,0.044737,0.5245841,0.0037468,0.228497,13.250022,1/31/2025,2025,1
2273,2025-02-01,PUNAKHA,BT-23,1.34866369,0.001582,0.015511,0.00315,0.05785,0.15374134,0.0918402,0.0553528,0.2356848,0.0,0.028318,0.4412438,0.010291,0.00082,0.045687,0.4142463,0.0031516,0.201614,12.205685,2/28/2025,2025,2
2292,2025-03-01,PUNAKHA,BT-23,1.12702686,0.001286,0.014877,0.007251,0.061008,0.15027981,0.0841146,0.0561206,0.253262,0.0,0.035054,0.3462084,0.009469,0.00064,0.044429,0.3697473,0.0030692,0.200941,12.999843,3/31/2025,2025,3
2311,2025-04-01,PUNAKHA,BT-23,0.95641,0.001365,0.013258,0.006577,0.037152,0.12127299,0.0847436,0.0579078,0.2438722,,0.036596,0.3373502,0.011082,0.00076,0.033146,0.4733794,0.0037724,0.24185,11.922069,4/30/2025,2025,4
2330,2025-05-01,PUNAKHA,BT-23,0.87141357,0.001173,0.012488,0.005204,0.042683,0.11721274,0.0680358,0.0597146,0.2562796,,0.04127,0.3431416,0.010606,0.00066,0.031878,0.3392788,0.0030892,0.176272,12.102657,5/31/2025,2025,5
2349,2025-06-01,PUNAKHA,BT-23,0.84602452,0.001213,0.015266,0.006464,0.040352,0.11103727,0.0668572,0.051982,0.2548498,,0.047524,0.3339638,0.010167,0.00069,0.031877,0.3434922,0.0036088,0.186908,10.801523,6/1/2025,2025,6
2368,2025-07-01,PUNAKHA,BT-23,0.84784515,0.00139,0.02001654,0.006034,0.042128,0.12276044,0.0526732,0.0622778,0.2650058,,0.056262,0.300733,0.002375,0.00042,0.030817,0.2807065,0.0037748,0.128897,11.011256,7/1/2025,2025,7
2387,2025-08-01,PUNAKHA,BT-23,0.88773876,0.001633,0.02346546,0.003452,0.037063,0.12408599,0.053648,0.0464694,0.2686588,,0.045189,0.3235464,0.002333,0.00029,0.026069,0.2691359,0.0032744,0.125386,10.336215,8/1/2025,2025,8
2406,2025-09-01,PUNAKHA,BT-23,0.869962,0.0015,0.023684,0.004041,0.04214,0.12421199,0.0647628,0.043449,0.2694312,,0.050161,0.3241948,0.002617,0.00034,0.026108,0.2988306,0.0031576,0.122025,10.418181,9/1/2025,2025,9
2425,2025-10-01,PUNAKHA,BT-23,0.876531,0.001853,0.022548,0.003866,0.052106,0.11805868,0.0613356,0.0519614,0.300366,,0.047444,0.3566582,0.002585,0.00042,0.025548,0.3231029,0.00382,0.24012,11.067932,10/1/2025,2025,10
2444,2025-11-01,PUNAKHA,BT-23,0.903019,0.002272,0.02055,0.003797,0.075357,0.11500749,0.0693586,0.05866,0.311291,,0.04601,0.350488,0.002652,0.00023,0.032455,0.4310147,0.0055396,0.241483,10.57053,11/1/2025,2025,11
2463,2025-12-01,PUNAKHA,BT-23,1.00211067,0.001853,0.021801,0.003482,0.051285,0.12669148,0.0881424,0.0470394,0.2926444,,0.039338,0.3519838,0.002657,5e-05,0.038424,0.4232077,0.0047128,0.194464,10.582871,12/1/2025,2025,12
11,2015-01-01,SAMDRUPJONGKHAR,BT-45,0.393027,0.0,0.0,0.0,0.0,0.383095,0.0,0.0,0.036455,0.006032,0.001364,0.065299,0.025073,0.0,0.032265,0.239133,0.0,0.0,15.36,1/31/2015,2015,1
30,2015-02-01,SAMDRUPJONGKHAR,BT-45,0.380411,0.0,0.0,0.0,0.0,0.400443,0.0,0.0,0.038062,0.006728,0.001159,0.066609,0.025613,0.0,0.030721,0.247047,0.0,0.0,12.632,2/28/2015,2015,2
49,2015-03-01,SAMDRUPJONGKHAR,BT-45,0.36381,0.0,0.0,0.0,0.0,0.355799,0.0,0.0,0.03465,0.007935,0.000882,0.064261,0.015629,0.0,0.022349,0.218161,0.0,0.0,17.062,3/31/2015,2015,3
68,2015-04-01,SAMDRUPJONGKHAR,BT-45,0.357633,0.0,0.0,0.0,0.0,0.497103,0.0,0.0,0.039516,0.016081,0.001241,0.091183,0.025446,0.0,0.027567,0.276169,0.0,0.0,15.704,4/30/2015,2015,4
87,2015-05-01,SAMDRUPJONGKHAR,BT-45,0.337579,0.0,0.0,0.0,0.0,0.421642,0.0,0.0,0.036653,0.009808,0.001681,0.087739,0.024886,0.0,0.024733,0.28087,0.0,0.0,13.003,5/31/2015,2015,5
106,2015-06-01,SAMDRUPJONGKHAR,BT-45,0.348425,0.0,0.0,0.0,0.0,0.463424,0.0,0.0,0.035088,0.010085,0.001911,0.099029,0.023185,0.0,0.031447,0.312238,0.0,0.0,16.0,6/30/2015,2015,6
125,2015-07-01,SAMDRUPJONGKHAR,BT-45,0.349587,0.0,0.0,0.0,0.0,0.498791,0.0,0.0,0.043806,0.012834,0.002466,0.103741,0.025286,0.0,0.032626,0.36498,0.0,0.0,15.24,7/31/2015,2015,7
144,2015-08-01,SAMDRUPJONGKHAR,BT-45,0.396843,0.0,0.0,0.0,0.0,0.471265,0.0,0.0,0.041331,0.00939,0.002191,0.115709,0.021297,0.0,0.031202,0.320402,0.0,0.0,17.537,8/31/2015,2015,8
163,2015-09-01,SAMDRUPJONGKHAR,BT-45,0.383362,0.0,0.0,0.0,0.0,0.55333,0.0,0.0,0.045534,0.01529,0.002699,0.130179,0.023974,0.0,0.037631,0.366786,0.0,0.0,17.605,9/30/2015,2015,9
182,2015-10-01,SAMDRUPJONGKHAR,BT-45,0.409114,0.0,0.0,0.0,0.0,0.426297,0.0,0.0,0.038911,0.014856,0.002005,0.118863,0.015654,0.0,0.027724,0.306698,0.0,0.0,17.153,10/31/2015,2015,10
201,2015-11-01,SAMDRUPJONGKHAR,BT-45,0.392821,0.0,0.0,0.0,0.0,0.507514,0.0,0.0,0.043919,0.016562,0.00228,0.114345,0.031144,0.0,0.032341,0.341503,0.0,0.0,18.487,11/30/2015,2015,11
220,2015-12-01,SAMDRUPJONGKHAR,BT-45,0.394715,0.0,0.0,0.0,0.0,0.369789,0.0,0.0,0.032916,0.015064,0.004408,0.086134,0.036702,0.0,0.028546,0.298339,0.0,0.0,15.321,12/31/2015,2015,12
239,2016-01-01,SAMDRUPJONGKHAR,BT-45,0.424844,0.0,0.0,0.0,0.0,0.399946,0.0,0.0,0.03846,0.016596,0.002696,0.058842,0.020654,0.0,0.037966,0.290262,0.0,0.0,16.401,1/31/2016,2016,1
258,2016-02-01,SAMDRUPJONGKHAR,BT-45,0.450388,0.0,0.0,0.0,0.0,0.421672,0.0,0.0,0.038049,0.017428,0.002687,0.075416,0.031798,0.0,0.033166,0.320146,0.0,0.0,15.626,2/29/2016,2016,2
277,2016-03-01,SAMDRUPJONGKHAR,BT-45,0.461657,0.0,0.0,0.0,0.0,0.392161,0.0,0.0,0.037644,0.015411,0.002468,0.078799,0.019224,0.0,0.043198,0.286476,0.0,0.0,19.554,3/31/2016,2016,3
296,2016-04-01,SAMDRUPJONGKHAR,BT-45,0.392473,0.0,0.0,0.0,0.0,0.396488,0.0,0.0,0.040389,0.012819,0.002392,0.078963,0.027994,0.0,0.051227,0.309418,0.0,0.00831,16.902,4/30/2016,2016,4
315,2016-05-01,SAMDRUPJONGKHAR,BT-45,0.368326,0.0,0.0,0.0,0.0,0.460006,0.0,0.0,0.0398,0.01158,0.002439,0.089193,0.021188,0.0,0.041658,0.344215,0.0,0.00705,16.432,5/31/2016,2016,5
334,2016-06-01,SAMDRUPJONGKHAR,BT-45,0.399922,0.0,0.0,0.0,0.0,0.447105,0.0,0.0,0.042688,0.01262,0.002604,0.102226,0.017953,0.0,0.056053,0.376838,0.0,0.0057,16.777,6/30/2016,2016,6
353,2016-07-01,SAMDRUPJONGKHAR,BT-45,0.399858,0.0,0.0,0.0,0.0,0.529996,0.0,0.0,0.048548,0.01372,0.003244,0.126395,0.024486,0.0,0.05067,0.429977,0.0,0.006,17.404,7/31/2016,2016,7
372,2016-08-01,SAMDRUPJONGKHAR,BT-45,0.457181,0.0,0.0,0.0,0.0,0.526173,0.0,0.0,0.047636,0.012357,0.002989,0.126877,0.019353,0.0,0.059596,0.441252,0.0,0.0056,16.771,8/31/2016,2016,8
391,2016-09-01,SAMDRUPJONGKHAR,BT-45,0.393143,0.0,0.0,0.0,0.0,0.515088,0.0,0.0,0.046403,0.011919,0.002279,0.126073,0.017367,0.0,0.050057,0.379544,0.0,0.0068,17.044,9/30/2016,2016,9
410,2016-10-01,SAMDRUPJONGKHAR,BT-45,0.423921,0.0,0.0,0.0,0.0,0.535866,0.0,0.0,0.04604,0.016152,0.003926,0.123662,0.023334,0.0,0.050335,0.41964,0.0,0.0085,17.608,10/31/2016,2016,10
429,2016-11-01,SAMDRUPJONGKHAR,BT-45,0.474734,0.0,0.0,0.0,0.0,0.5532,0.0,0.0,0.045775,0.020134,0.001983,0.124601,0.032355,0.0,0.052378,0.426331,0.0,0.009,18.315,11/30/2016,2016,11
448,2016-12-01,SAMDRUPJONGKHAR,BT-45,0.426929,0.0,0.0,0.0,0.0,0.332698,0.0,0.0,0.039477,0.014162,0.002184,0.083811,0.023014,0.0,0.045772,0.352457,0.0,0.0072,18.387,12/31/2016,2016,12
467,2017-01-01,SAMDRUPJONGKHAR,BT-45,0.4598,0.000777,0.013882,0.009863,0.0,0.386815,0.0,0.0,0.037511,0.014463,0.002715,0.080643,0.02448,0.0,0.061386,0.31485,0.0,0.0055,19.131,1/31/2017,2017,1
486,2017-02-01,SAMDRUPJONGKHAR,BT-45,0.446804,0.000865,0.014918,0.010851,0.0,0.490424,0.0,0.0,0.04802,0.016252,0.00353,0.084989,0.031917,0.0,0.069135,0.33656,0.0,0.000392,16.182,2/28/2017,2017,2
505,2017-03-01,SAMDRUPJONGKHAR,BT-45,0.377348,0.000505,0.011004,0.007142,0.0,0.326016,0.0,0.0,0.032927,0.012355,0.002005,0.078801,0.026524,0.0,0.052318,0.284453,0.0,3.5e-05,16.267,3/31/2017,2017,3
524,2017-04-01,SAMDRUPJONGKHAR,BT-45,0.413687,0.001128,0.013161,0.008417,0.0,0.423891,0.0,0.0,0.042803,0.01417,0.002046,0.095258,0.032155,0.0,0.060629,0.338618,0.0,0.0387,18.207,4/30/2017,2017,4
543,2017-05-01,SAMDRUPJONGKHAR,BT-45,0.426973,0.001047,0.012114,0.00832,0.0,0.497114,0.0,0.0,0.049431,0.013528,0.00284,0.111771,0.031858,0.0,0.057584,0.357122,0.0,0.125,15.019,5/31/2017,2017,5
562,2017-06-01,SAMDRUPJONGKHAR,BT-45,0.437613,0.002334,0.013868,0.008423,0.0,0.377646,0.005405,0.0,0.115243,0.011348,0.000393,0.13822,0.024106,0.0,0.048087,0.363524,0.0,0.0952,16.736,6/30/2017,2017,6
581,2017-07-01,SAMDRUPJONGKHAR,BT-45,0.452092,0.002178,0.012761,0.007197,0.0,0.442457,0.007178,0.0,0.152322,0.012714,0.001114,0.149395,0.033688,0.0,0.045543,0.377046,0.0,0.2292,19.351,7/31/2017,2017,7
600,2017-08-01,SAMDRUPJONGKHAR,BT-45,0.506513,0.002925,0.014792,0.009275,0.0,0.466888,0.006253,0.0,0.147302,0.024086,0.004218,0.181518,0.020356,0.0,0.046611,0.389574,0.0,0.1132,15.528,8/31/2017,2017,8
619,2017-09-01,SAMDRUPJONGKHAR,BT-45,0.4667,0.002825,0.013173,0.008289,0.0,0.468364,0.006604,0.0,0.13072,0.029417,0.00108,0.17014,0.026372,0.0,0.051804,0.404497,0.0,0.138,16.632451,9/30/2017,2017,9
638,2017-10-01,SAMDRUPJONGKHAR,BT-45,0.471941,0.00216,0.013113,0.007434,0.0,0.407762,0.004575,0.0,0.129709,0.01879,0.00042,0.158743,0.021149,0.0,0.040855,0.356446,0.0,0.266168,14.998971,10/31/2017,2017,10
657,2017-11-01,SAMDRUPJONGKHAR,BT-45,0.459361,0.003023,0.013842,0.008929,0.0,0.365287,0.005012,0.0,0.123264,0.021638,0.000343,0.188739,0.026703,0.0,0.041571,0.336319,0.0,0.171131,17.264328,11/30/2017,2017,11
676,2017-12-01,SAMDRUPJONGKHAR,BT-45,0.431818,0.003258,0.011656,0.010416,0.0,0.319358,0.004699,0.0,0.097229,0.021162,0.000891,0.139502,0.023283,0.0,0.041224,0.275853,0.0,0.026604,19.675995,12/31/2017,2017,12
695,2018-01-01,SAMDRUPJONGKHAR,BT-45,0.393789,0.001799,0.007963,0.008494,0.0,0.279179,0.005964,0.0,0.098963,0.016914,0.002096,0.128832,0.02979,0.0,0.055281,0.22069,0.0,0.0,11.04765,1/31/2018,2018,1
714,2018-02-01,SAMDRUPJONGKHAR,BT-45,0.353974,0.001402,0.008511,0.008418,0.0,0.267653,0.00568,0.0,0.099416,0.015417,0.001579,0.128263,0.026379,0.0,0.050023,0.215276,0.0,0.0,9.604366,2/28/2018,2018,2
733,2018-03-01,SAMDRUPJONGKHAR,BT-45,0.357959,0.001091,0.007614,0.007135,0.0,0.208065,0.004546,0.0,0.064374,0.017221,0.000859,0.11036,0.021562,0.0,0.040532,0.207494,0.0,0.0,10.888234,3/31/2018,2018,3
752,2018-04-01,SAMDRUPJONGKHAR,BT-45,0.312345,0.001328,0.006825,0.006305,0.0,0.262011,0.005781,0.0,0.097884,0.014738,0.000912,0.14601,0.0239,0.0,0.042046,0.218265,0.0,0.0,10.234667,4/30/2018,2018,4
771,2018-05-01,SAMDRUPJONGKHAR,BT-45,0.346125,0.001547,0.006957,0.005852,0.0,0.276107,0.005744,0.0,0.108158,0.017777,0.001352,0.14754,0.023102,0.0,0.035017,0.242978,0.0,0.0,10.72085,5/31/2018,2018,5
790,2018-06-01,SAMDRUPJONGKHAR,BT-45,0.36744,0.001723,0.006889,0.007716,0.0,0.403347,0.005607,0.0,0.115426,0.018101,0.001167,0.193297,0.022262,0.0,0.03504,0.2864,0.0,0.0,10.393854,6/30/2018,2018,6
809,2018-07-01,SAMDRUPJONGKHAR,BT-45,0.412245,0.002545,0.007681,0.009507,0.0,0.398733,0.009483,0.0,0.149992,0.026875,0.000969,0.212956,0.022993,0.0,0.045429,0.3022,0.0,0.0,10.92602,7/31/2018,2018,7
828,2018-08-01,SAMDRUPJONGKHAR,BT-45,0.391707,0.001871,0.007898,0.008802,0.0,0.32383,0.005739,0.0,0.139191,0.01424,0.000688,0.175182,0.020684,0.0,0.043424,0.281331,0.0,0.0,10.862096,8/31/2018,2018,8
847,2018-09-01,SAMDRUPJONGKHAR,BT-45,0.364139,0.002029,0.006921,0.005676,0.0,0.395186,0.008739,0.0,0.150926,0.013819,0.000317,0.228886,0.027433,0.0,0.042787,0.335144,0.0,0.0,10.599005,9/30/2018,2018,9
866,2018-10-01,SAMDRUPJONGKHAR,BT-45,0.363993,0.001701,0.006809,0.007517,0.0,0.310242,0.013389,0.0,0.12422,0.008353,0.000325,0.176452,0.027914,0.0,0.037256,0.268713,0.0,0.0,11.037596,10/31/2018,2018,10
885,2018-11-01,SAMDRUPJONGKHAR,BT-45,0.387198,0.001738,0.007616,0.008675,0.0,0.277704,0.010021,0.0,0.110726,0.009099,0.000255,0.153192,0.027984,0.0,0.03755,0.260524,0.0,0.0,10.292575,11/30/2018,2018,11
904,2018-12-01,SAMDRUPJONGKHAR,BT-45,0.371671,0.001388,0.007713,0.008032,0.0,0.241298,0.014845,0.0,0.085818,0.008056,0.000216,0.118996,0.030651,0.0,0.036304,0.185465,0.0,0.006,11.034819,12/31/2018,2018,12
923,2019-01-01,SAMDRUPJONGKHAR,BT-45,0.413978,0.001398,0.009093,0.008659,0.0,0.273812,0.015685,0.0,0.103716,0.009902,0.000875,0.129097,0.035983,0.0,0.054883,0.222212518,0.0,0.008322,10.863423,1/31/2019,2019,1
942,2019-02-01,SAMDRUPJONGKHAR,BT-45,0.451864,0.001674,0.009251,0.011423,0.0,0.285644,0.013286,0.0,0.119658,0.010593,0.001332,0.122292,0.037618,0.0,0.046084,0.203773179,0.0,0.037288,6.82774,2/28/2019,2019,2
961,2019-03-01,SAMDRUPJONGKHAR,BT-45,0.371542,0.001187,0.007079,0.007278,0.0,0.193937,0.013467,0.0,0.078792,0.010255,0.000659,0.109717,0.024301,0.0,0.050401,0.20952407,0.0,0.016553,10.167417,3/31/2019,2019,3
980,2019-04-01,SAMDRUPJONGKHAR,BT-45,0.364704,0.001181,0.007356,0.007662,0.0,0.231977,0.012968,0.0,0.10058,0.009239,0.001025,0.137585,0.026423,0.0,0.057383,0.216713055,0.0,0.038753,10.505484,4/30/2019,2019,4
999,2019-05-01,SAMDRUPJONGKHAR,BT-45,0.357139,0.001535,0.006679,0.006947,0.0,0.291845,0.009976,0.0,0.118248,0.009383,0.000884,0.150545,0.031835,0.0,0.058254,0.301549228,0.0,0.026185,10.856736,5/31/2019,2019,5
1018,2019-06-01,SAMDRUPJONGKHAR,BT-45,0.364001,0.001417,0.006857,0.010933,0.0,0.2858219,0.012552,0.0,0.117832,0.006834,0.000735,0.161428,0.02777,0.0,0.050632,0.250646328,0.0,0.019706,10.103992,6/30/2019,2019,6
1037,2019-07-01,SAMDRUPJONGKHAR,BT-45,0.420287,0.001501,0.007947,0.00851,0.0,0.389001,0.015075,0.0,0.148283,0.009638,0.001057,0.189531,0.027539,0.0,0.065154,0.330132757,0.0,0.017573,10.916462,7/31/2019,2019,7
1056,2019-08-01,SAMDRUPJONGKHAR,BT-45,0.411719,0.001509,0.007861,0.009427,0.0,0.343314,0.014701,0.0,0.144476,0.013389,0.001325,0.172457,0.024493,0.0,0.060116,0.307766422,0.0,0.017823,10.988253,8/31/2019,2019,8
1075,2019-09-01,SAMDRUPJONGKHAR,BT-45,0.42739,0.001427,0.007932,0.008957,0.0,0.350811,0.015426,0.0,0.137567,0.011758,0.001309,0.225418,0.02583,0.0,0.060966,0.355353673,0.0,0.022466,8.899164,9/30/2019,2019,9
1094,2019-10-01,SAMDRUPJONGKHAR,BT-45,0.431206,0.001882,0.008581,0.008838,0.000207,0.39834,0.016482,0.0,0.172784,0.011764,0.000999,0.218338,0.032006,0.0,0.082588,0.386950387,0.0,0.023743,10.900842,10/31/2019,2019,10
1113,2019-11-01,SAMDRUPJONGKHAR,BT-45,0.361849,0.001017,0.006479,0.008263,0.000217,0.225586,0.013059,0.0,0.095938,0.004228,0.00101,0.13998,0.021419,0.0,0.064092,0.255507008,0.0,0.057308,11.699194,11/30/2019,2019,11
1132,2019-12-01,SAMDRUPJONGKHAR,BT-45,0.39685,0.001364,0.007153,0.011239,0.000348,0.250735,0.013023,0.0,0.107077,0.010438,0.000928,0.141875,0.032186,0.0,0.070295,0.236189,0.0,0.067847,15.582368,12/31/2019,2019,12
1151,2020-01-01,SAMDRUPJONGKHAR,BT-45,0.444458,0.001022,0.008227,0.013236,0.000524,0.2959,0.017198,0.007142,0.108648,0.0093,0.001684,0.144545,0.036014,0.0,0.068682,0.287536,0.0,0.079817,14.87524,1/31/2020,2020,1
1170,2020-02-01,SAMDRUPJONGKHAR,BT-45,0.421597,0.000794,0.008682,0.012343,0.001174,0.237559,0.016853,0.00784,0.084365,0.00608,0.001083,0.108278,0.031549,0.0,0.055274,0.251736,0.0,0.092414,16.515202,2/29/2020,2020,2
1189,2020-03-01,SAMDRUPJONGKHAR,BT-45,0.392705,0.000882,0.006899,0.010777,0.000478,0.210729,0.014158,0.008252,0.087253,0.00515,0.001105,0.115925,0.022205,0.0,0.055358,0.252523,0.0,0.066548,17.199602,3/31/2020,2020,3
1208,2020-04-01,SAMDRUPJONGKHAR,BT-45,0.416902,0.000873,0.007994,0.010579,0.00048,0.278302,0.016566,0.011456,0.091182,0.006694,0.000903,0.122667,0.026237,0.0,0.048474,0.303037,0.0,0.03042,10.251354,4/30/2020,2020,4
1227,2020-05-01,SAMDRUPJONGKHAR,BT-45,0.398764,0.000719,0.007548,0.00876,0.000812,0.287387,0.017478,0.012702,0.084998,0.004205,0.001113,0.120652,0.02792,0.0,0.047153,0.272152738,0.0,0.019083,10.840803,5/31/2020,2020,5
1246,2020-06-01,SAMDRUPJONGKHAR,BT-45,0.421261,0.00117,0.006724,0.011263,0.000427,0.294783,0.017623,0.012555,0.091414,0.005024,0.001496,0.118554,0.022751,0.0,0.062875,0.253390829,0.0,0.039199,7.58103,6/30/2020,2020,6
1265,2020-07-01,SAMDRUPJONGKHAR,BT-45,0.4628508,0.001173,0.007957,0.011676,0.000646,0.350363,0.018137,0.016875,0.119909,0.005713,0.001153,0.160467,0.021641,0.0,0.045468,0.310807342,0.0,0.037569,10.943304,7/31/2020,2020,7
1284,2020-08-01,SAMDRUPJONGKHAR,BT-45,0.44613871,0.00125101,0.00735705,0.01072604,0.000536,0.34526223,0.01706855,0.01514443,0.11469325,0.00468389,0.00109402,0.17151368,0.02253941,0.0,0.04857028,0.320131739,0.0,0.043853,10.676243,8/31/2020,2020,8
1303,2020-09-01,SAMDRUPJONGKHAR,BT-45,0.47711867,0.00141735,0.00743497,0.01153072,0.00054217,0.33528233,0.0170967,0.01549521,0.11017393,0.00519288,0.00126123,0.13399547,0.02255302,0.0,0.05401553,0.297890606,0.0,0.026276,10.719027,9/30/2020,2020,9
1322,2020-10-01,SAMDRUPJONGKHAR,BT-45,0.47255886,0.00218764,0.00810498,0.00971024,0.00036483,0.3830147,0.02437375,0.01179736,0.0970467,0.00378923,0.00109375,0.18143685,0.02552757,0.0,0.03003953,0.323999556,0.0,0.019236,11.10706,10/31/2020,2020,10
1341,2020-11-01,SAMDRUPJONGKHAR,BT-45,0.46138029,0.001339,0.007717,0.010347,0.000463,0.296923,0.019043,0.0153,0.1109398,0.005126,0.001832,0.201741,0.024589,0.0,0.03645359,0.321353368,0.0,0.017549,9.236626,11/30/2020,2020,11
1360,2020-12-01,SAMDRUPJONGKHAR,BT-45,0.43438016,0.001361,0.006532,0.009582,0.000585,0.22506,0.014329,0.014194,0.087301,0.003151,0.000521,0.14225356,0.023126,0.0,0.039354,0.218822117,0.0,0.013717,11.089982,12/31/2020,2020,12
1378,2021-01-01,SAMDRUPJONGKHAR,BT-45,0.479208,0.00114,0.008515,0.013163,0.000885,0.260624,0.020209,0.01251,0.0902063,0.003999,0.000229,0.14794944,0.02933,0.0,0.045162,0.30203411,0.0,0.010524,14.61247,1/31/2021,2021,1
1397,2021-02-01,SAMDRUPJONGKHAR,BT-45,0.41614,0.001,0.00663,0.009589,0.00051,0.228792,0.016551,0.012983,0.0815737,0.004321,0.000978,0.12714,0.021067,0.0,0.037535,0.21871809,0.0,0.009642,15.711547,2/28/2021,2021,2
1416,2021-03-01,SAMDRUPJONGKHAR,BT-45,0.393292,0.001324,0.006213,0.010363,0.00032,0.214114,0.014122,0.011413,0.087922,0.003171,0.001611,0.11913,0.023342,0.0,0.052046,0.24624063,0.0,0.013036,17.744617,3/31/2021,2021,3
1435,2021-04-01,SAMDRUPJONGKHAR,BT-45,0.392917,0.001295,0.00711,0.010469,0.000348,0.25577,0.013968,0.014732,0.105452,0.003783,0.000953,0.136337,0.022105,0.0,0.047667,0.28051658,0.0,0.012511,17.129637,4/30/2021,2021,4
1454,2021-05-01,SAMDRUPJONGKHAR,BT-45,0.409468,0.001864,0.006632,0.009701,0.000689,0.2828965,0.0141965,0.011943,0.108044,0.0041655,0.000947,0.158808,0.0198345,0.0,0.0534495,0.27507117,0.0,0.012344,14.350695,5/31/2021,2021,5
1473,2021-06-01,SAMDRUPJONGKHAR,BT-45,0.418876,0.001188,0.006587,0.0100565,0.0006185,0.333809,0.0158585,0.012093,0.1144795,0.0043515,0.00137,0.1836489,0.0233345,0.0,0.0535995,0.28979628,0.0,0.013531,16.68261,6/30/2021,2021,6
1492,2021-07-01,SAMDRUPJONGKHAR,BT-45,0.449864,0.00183,0.007876,0.0101025,0.0006185,0.3557145,0.019257,0.019319,0.1417715,0.004227,0.001117,0.201634,0.017933,0.0,0.053214,0.330277,0.0,0.017283,17.664372,7/31/2021,2021,7
1511,2021-08-01,SAMDRUPJONGKHAR,BT-45,0.4379885,0.00177,0.007164,0.011938,0.000662,0.3572757,0.019242,0.026471,0.148034,0.00528,0.001039,0.19282961,0.0162686,0.0,0.060347,0.327637,0.0,0.014416,17.184176,8/31/2021,2021,8
1530,2021-09-01,SAMDRUPJONGKHAR,BT-45,0.478723,0.001866,0.007928,0.012254,0.000395,0.34774,0.018755,0.018239,0.151818,0.004643,0.001756,0.216572,0.015969,0.0,0.068698,0.346642,0.0,0.025622,16.284681,9/30/2021,2021,9
1549,2021-10-01,SAMDRUPJONGKHAR,BT-45,0.437697,0.001631,0.007286,0.009345,0.000547,0.363402,0.01937,0.022499,0.155923,0.007298,0.001152,0.261111,0.020698,0.0,0.070162,0.304099,0.0,0.27068,16.405837,10/31/2021,2021,10
1568,2021-11-01,SAMDRUPJONGKHAR,BT-45,0.429134,0.001754,0.006747,0.011353,0.000324,0.299377,0.014267,0.020227,0.13385,0.004692,0.001501,0.236978,0.019287,0.0,0.064092,0.274721,0.0,0.623429,17.704598,11/30/2021,2021,11
1587,2021-12-01,SAMDRUPJONGKHAR,BT-45,0.426406,0.001637,0.007159,0.010509,0.000514,0.242177,0.016549,0.020185,0.102793,0.003062,0.001393,0.171331,0.02119,0.0,0.048151,0.262539,0.0,0.591379,18.472246,12/31/2021,2021,12
1606,2022-01-01,SAMDRUPJONGKHAR,BT-45,0.505951,0.001369,0.007373,0.01451,0.000654,0.262113,0.013982,0.018149,0.1356,0.003755,0.001532,0.192309,0.024544,0.0,0.050358,0.246118,0.0,0.450667,19.307329,1/31/2022,2022,1
1624,2022-02-01,SAMDRUPJONGKHAR,BT-45,0.463705,0.0010635,0.006891,0.0153615,0.000861,0.24326481,0.0186805,0.0099,0.09047035,0.003182,0.0013695,0.182327,0.0193575,0.0,0.0490785,0.2419835,0.0,0.265469,16.25284,2/28/2022,2022,2
1642,2022-03-01,SAMDRUPJONGKHAR,BT-45,0.464529,0.0006765,0.007422,0.0129655,0.000574,0.22256362,0.0186975,0.006243,0.10369365,0.0032,0.0013225,0.190199,0.0185425,0.0,0.0493835,0.2304055,0.0,0.206344,19.08379,3/31/2022,2022,3
1660,2022-04-01,SAMDRUPJONGKHAR,BT-45,0.461598,0.0012,0.006968,0.012563,0.000396,0.24526684,0.008674,0.013496,0.118342,0.003745,0.001481,0.165069,0.02115,0.0,0.04233,0.194839,0.0,0.165412,17.9854,4/30/2022,2022,4
1678,2022-05-01,SAMDRUPJONGKHAR,BT-45,0.434274,0.001219,0.006632,0.010902,0.000347,0.28818532,0.016507,0.019228,0.12960211,0.005673,0.000963,0.191805,0.021954,0.0,0.04541,0.273888,0.0,0.285304,18.130966,5/31/2022,2022,5
1696,2022-06-01,SAMDRUPJONGKHAR,BT-45,0.443046,0.001629,0.007754,0.011067,0.000363,0.29648238,0.013314,0.015906,0.159263,0.005041,0.001173,0.218572,0.023343,0.0,0.051916,0.302571,0.0,0.411528,17.156754,6/30/2022,2022,6
1714,2022-07-01,SAMDRUPJONGKHAR,BT-45,0.421628,0.001661,0.00638,0.00902,0.000232,0.35088378,0.020139,0.018693,0.161655,0.005884,0.001634,0.238994,0.020979,0.0,0.043012,0.323408,0.0,0.556997,17.418485,7/31/2022,2022,7
1732,2022-08-01,SAMDRUPJONGKHAR,BT-45,0.44415516,0.001628,0.008185,0.007924,0.000191,0.37046924,0.013664,0.02077,0.17658242,0.004362,0.001299,0.261844,0.018988,0.0,0.043106,0.346601,0.0,0.32897,18.651304,8/31/2022,2022,8
1750,2022-09-01,SAMDRUPJONGKHAR,BT-45,0.48584884,0.00196,0.009054,0.01053,0.000564,0.42316901,0.01844,0.025482,0.20229158,0.006371,0.001461,0.296074,0.020526,0.0,0.063299,0.371621,0.0,0.36756,15.569111,9/30/2022,2022,9
1768,2022-10-01,SAMDRUPJONGKHAR,BT-45,0.489965,0.001721,0.009006,0.009531,0.000563,0.420088,0.010818,0.026122,0.203463,0.005949,0.00181,0.303981,0.031341,0.0,0.052702,0.377412,0.0,0.098962,15.926366,10/31/2022,2022,10
1786,2022-11-01,SAMDRUPJONGKHAR,BT-45,0.49032492,0.001983,0.008161,0.01213013,0.000375,0.25852466,0.018543,0.015433,0.12793986,0.004777,0.000866,0.214299,0.023268,0.0,0.048496,0.271218,0.0,0.833106,18.10472,11/30/2022,2022,11
1804,2022-12-01,SAMDRUPJONGKHAR,BT-45,0.47579824,0.001422,0.008209,0.01058891,0.000361,0.26651973,0.008849,0.017433,0.13957014,0.004373,0.001338,0.202644,0.027082,0.0,0.045756,0.401177,0.0,0.455831,17.129754,12/31/2022,2022,12
1823,2023-01-01,SAMDRUPJONGKHAR,BT-45,0.50707131,0.001232,0.008959,0.01271496,0.00041,0.26827844,0.016645,0.018722,0.137957,0.004705,0.000975,0.198088,0.028357,0.0,0.049379,0.427521,0.0,0.380191,18.5745,1/31/2023,2023,1
1841,2023-02-01,SAMDRUPJONGKHAR,BT-45,0.48688185,0.001249,0.008861,0.01202399,0.000375,0.25419626,0.012569,0.016606,0.134348,0.005541,0.001515,0.158816,0.024406,0.0,0.046837,0.3188222,0.0,0.23158,16.66056,2/28/2023,2023,2
1859,2023-03-01,SAMDRUPJONGKHAR,BT-45,0.43421365,0.001027,0.008,0.00837274,0.000415,0.21538213,0.01572,0.015249,0.116447,0.00485,0.000897,0.160785,0.021236,0.0,0.047892,0.0,0.0,0.135547,16.26622,3/31/2023,2023,3
1877,2023-04-01,SAMDRUPJONGKHAR,BT-45,0.48505358,0.001329,0.008565,0.01251836,0.000546,0.2715678,0.013933,0.01801,0.15719474,0.005275,0.001008,0.210227,0.028533,0.0,0.051259,0.345385,0.0,0.736969,16.2489,4/30/2023,2023,4
1895,2023-05-01,SAMDRUPJONGKHAR,BT-45,0.47940292,0.001767,0.008379,0.01146721,0.000546,0.28987168,0.012613,0.017532,0.16608426,0.004483,0.000876,0.236925,0.028048,0.0,0.050501,0.393886,0.0,0.602434,15.776194,5/31/2023,2023,5
1913,2023-06-01,SAMDRUPJONGKHAR,BT-45,0.48825153,0.001892,0.00868,0.01081329,0.000448,0.33771812,0.01417,0.022604,0.177245,0.005639,0.001328,0.266814,0.024991,0.0,0.048602,0.429818,0.0,0.745496,17.182393,6/30/2023,2023,6
1931,2023-07-01,SAMDRUPJONGKHAR,BT-45,0.51808629,0.001801,0.008946,0.01208707,0.000296,0.36287736,0.012406,0.020565,0.184917,0.005869,0.000926,0.26213,0.024061,0.0,0.06255,0.399692,0.0,0.722628,18.343678,7/31/2023,2023,7
1949,2023-08-01,SAMDRUPJONGKHAR,BT-45,0.55429371,0.001685,0.009963,0.02767034,0.00053,0.45020382,0.015966,0.028276,0.229695,0.005556,0.001001,0.292187,0.023469,0.0,0.053933,0.460539,0.0,0.838089,18.578262,8/31/2023,2023,8
1967,2023-09-01,SAMDRUPJONGKHAR,BT-45,0.556414,0.001929,0.01109,0.01225,0.000523,0.413122,0.017518,0.023199,0.210022,0.00611,0.00103,0.306947,0.023065,0.0,0.058095,0.432215,0.0,0.493026,17.492539,9/30/2023,2023,9
1985,2023-10-01,SAMDRUPJONGKHAR,BT-45,0.50273,0.001977,0.009706,0.011083,0.00033,0.40574,0.015237,0.02301,0.211542,0.005188,0.000726,0.296481,0.027142,0.0,0.060267,0.425422,0.0,0.922612,18.181,10/31/2023,2023,10
2003,2023-11-01,SAMDRUPJONGKHAR,BT-45,0.550255,0.005172,0.0117,0.012958,0.000681,0.323983,0.013807,0.01946,0.194982,0.00422,0.000906,0.249853,0.023485,0.0,0.056488,0.363049,0.0,0.422945,18.0764,11/30/2023,2023,11
2021,2023-12-01,SAMDRUPJONGKHAR,BT-45,0.510319,0.002252,0.009054,0.015712,0.002212,0.262053,0.012919,0.015918,0.154275,0.003764,0.000943,0.193937,0.024395,0.0,0.050817,0.306003,0.0,0.443804,18.52691,12/31/2023,2023,12
2039,2024-01-01,SAMDRUPJONGKHAR,BT-45,0.541509,0.001727,0.01053,0.017528,0.001695,0.261536,0.016362,0.01983,0.149172,0.004755,0.00091,0.178864,0.026784,0.0,0.091184,0.299796,0.0,0.515768,17.00354,1/31/2024,2024,1
2057,2024-02-01,SAMDRUPJONGKHAR,BT-45,0.579133,0.001251,0.010864,0.017597,0.000982,0.25873556,0.016918,0.015579,0.153116,0.003733,0.001539,0.17796,0.027871,0.0,0.06569,0.311342,0.0,0.538733,14.00137,2/29/2024,2024,2
2075,2024-03-01,SAMDRUPJONGKHAR,BT-45,0.51846,0.001112,0.009725,0.013399,0.00111,0.25636245,0.016345,0.0185,0.155253,0.00442,0.000913,0.179956,0.026492,0.0,0.064696,0.30083,0.00072,0.696737,12.2367,3/31/2024,2024,3
2093,2024-04-01,SAMDRUPJONGKHAR,BT-45,0.48118588,0.00089,0.008674,0.011297,0.000954,0.26911599,0.014731,0.017858,0.157732,0.00369,0.001173,0.204734,0.02825,0.0,0.063092,0.292405,0.00036,0.646604,14.39927,4/30/2024,2024,4
2111,2024-05-01,SAMDRUPJONGKHAR,BT-45,0.69872712,0.001327,0.008554,0.012196,0.000589,0.33571174,0.017669,0.02328,0.203953,0.003969,0.001503,0.259796,0.031196,0.0,0.056547,0.3257706,0.00028,0.469674,18.28969,5/31/2024,2024,5
2129,2024-06-01,SAMDRUPJONGKHAR,BT-45,0.565292,0.012994,0.00948,0.002393,0.001021,0.40548186,0.018757,0.025564,0.221406,0.004918,0.001181,0.317991,0.025035,0.0,0.061299,0.3881524,0.00032,1.372358,17.74197,6/30/2024,2024,6
2147,2024-07-01,SAMDRUPJONGKHAR,BT-45,0.59976028,0.001944,0.009578,0.014461,0.0009,0.42520454,0.021147,0.023404,0.214381,0.006296,0.001047,0.325765,0.025747,0.0,0.061406,0.355137,0.0,1.324726,17.93188,7/31/2024,2024,7
2165,2024-08-01,SAMDRUPJONGKHAR,BT-45,0.64098672,0.002356,0.00924,0.013192,0.000711,0.4957519,0.024811,0.02749,0.26769,0.006134,0.001233,0.325927,0.027549,0.0,0.074222,0.417008,8e-05,0.504772,18.12963,8/31/2024,2024,8
2183,2024-09-01,SAMDRUPJONGKHAR,BT-45,0.614162,0.002107,0.009305,0.01227,0.001314,0.50695918,0.018239,0.029499,0.259875,0.006829,0.001497,0.425868,0.028225,0.0,0.126636,0.433608,0.00044,0.912933,17.181,9/30/2024,2024,9
2201,2024-10-01,SAMDRUPJONGKHAR,BT-45,0.601551,0.003339,0.007921,0.012833,0.000689,0.45826379,0.024527,0.024669,0.251261,0.009126,0.001096,0.371219,0.029987,0.0,0.092323,0.4084986,0.00032,0.898339,18.1231,10/31/2024,2024,10
2219,2024-11-01,SAMDRUPJONGKHAR,BT-45,0.556347,0.001644,0.008733,0.013938,0.000763,0.33057214,0.02203,0.019233,0.21226,0.010302,0.001001,0.287301,0.028291,0.0,0.074603,0.3395274,0.0004,1.086033,19.19438,11/30/2024,2024,11
2237,2024-12-01,SAMDRUPJONGKHAR,BT-45,0.569691,0.00162,0.00745,0.013735,0.000938,0.26379985,0.017337,0.017962,0.180222,0.00954,0.000909,0.260543,0.040209,0.0,0.075092,0.292456,0.00028,0.615777,22.59375,12/31/2024,2024,12
2256,2025-01-01,SAMDRUPJONGKHAR,BT-45,0.60353455,0.001379,0.008679,0.017672,0.001143,0.2974974,0.020689,0.019313,0.1762603,0.017375,0.001163,0.238767,0.03287,0.0,0.058562,0.303805,0.00088,1.097375,19.13445,1/31/2025,2025,1
2275,2025-02-01,SAMDRUPJONGKHAR,BT-45,0.59890009,0.00149,0.009084,0.018009,0.001578,0.26399393,0.018175,0.017846,0.1802587,0.011993,0.001166,0.238944,0.032775,0.0,0.056762,0.277943,0.00076,1.044592,19.44245,2/28/2025,2025,2
2294,2025-03-01,SAMDRUPJONGKHAR,BT-45,0.55627836,0.001284,0.008819,0.01339,0.00107,0.26835467,0.015909,0.019452,0.178189,0.014983,0.001266,0.226307,0.034994,0.0,0.04821,0.286276,0.0,1.070727,22.39365,3/31/2025,2025,3
2313,2025-04-01,SAMDRUPJONGKHAR,BT-45,0.557925,0.001298,0.007844,0.012684,0.000794,0.28647729,0.016608,0.021769,0.205188,0.018623,0.002397,0.267857,0.033901,,0.070598,0.300632,0.00024,1.354606,23.70727,4/30/2025,2025,4
2332,2025-05-01,SAMDRUPJONGKHAR,BT-45,0.548356,0.002058,0.008656,0.014033,0.000987,0.36057791,0.015086,0.026009,0.23656,0.016109,0.00151,0.318294,0.034828,,0.062104,0.328402,0.00112,1.243318,27.02809,5/31/2025,2025,5
2351,2025-06-01,SAMDRUPJONGKHAR,BT-45,0.586833,0.002675,0.008323,0.012621,0.000872,0.3549648,0.019396,0.022792,0.211194,0.014513,0.001485,0.323515,0.029597,,0.081734,0.3254,0.00028,1.359836,28.52339,6/1/2025,2025,6
2370,2025-07-01,SAMDRUPJONGKHAR,BT-45,0.641144,0.00245,0.010053,0.014166,0.002023,0.510389,0.021691,0.029012,0.282114,0.016122,0.00131,0.35969,0.033629,,0.077393,0.337787,0.0008,1.248038,30.88402,7/1/2025,2025,7
2389,2025-08-01,SAMDRUPJONGKHAR,BT-45,0.71726488,0.002295,0.010236,0.015012,0.001487,0.56068382,0.021827,0.029422,0.247199,0.018675,0.001362,0.447104,0.037236,,0.125457,0.408939,0.00144,0.789989,30.08931,8/1/2025,2025,8
2408,2025-09-01,SAMDRUPJONGKHAR,BT-45,0.66815612,0.003133,0.00948,0.015044,0.001185,0.48211218,0.022456,0.026204,0.227464,0.016981,0.001306,0.425056,0.036273,,0.093355,0.416938,0.00128,1.269489,29.41657,9/1/2025,2025,9
2427,2025-10-01,SAMDRUPJONGKHAR,BT-45,0.638982,0.002547,0.009261,0.016568,0.001431,0.47327549,0.018033,0.023652,0.215399,0.013879,0.001943,0.427405,0.032929,,0.366053,0.408727,0.00096,0.929994,31.25252,10/1/2025,2025,10
2446,2025-11-01,SAMDRUPJONGKHAR,BT-45,0.639141,0.002352,0.009241,0.016272,0.001329,0.36931924,0.021503,0.021226,0.189355,0.024948,0.001508,0.417769,0.040949,,0.125835,0.302671,0.00116,1.243994,28.28795,11/1/2025,2025,11
2465,2025-12-01,SAMDRUPJONGKHAR,BT-45,0.594839,0.00204,0.010215,0.016057,0.001946,0.27163201,0.013547,0.017023,0.145629,0.018318,0.000993,0.329525,0.039845,,0.129576,0.294538,0.00252,1.202925,31.45322,12/1/2025,2025,12
12,2015-01-01,SAMTSE,BT-14,0.708138,0.0,0.0,0.0,0.0,0.120593,0.0,0.0,0.094641,0.031865,0.01077,0.126543,0.011292,0.0,0.028023,0.326376,0.0,2.836089,4.66,1/31/2015,2015,1
31,2015-02-01,SAMTSE,BT-14,0.747781,0.0,0.0,0.0,0.0,0.114019,0.0,0.0,0.087119,0.026506,0.010677,0.11693,0.008755,0.0,0.028603,0.33187,0.0,2.510232,3.951,2/28/2015,2015,2
50,2015-03-01,SAMTSE,BT-14,0.700484,0.0,0.0,0.0,0.0,0.120968,0.0,0.0,0.087244,0.026543,0.007915,0.117317,0.009076,0.0,0.033822,0.328618,0.0,2.612142,2.706,3/31/2015,2015,3
69,2015-04-01,SAMTSE,BT-14,0.66401,0.0,0.0,0.0,0.0,0.149938,0.0,0.0,0.105261,0.032718,0.008186,0.144362,0.012066,0.0,0.043189,0.36432,0.0,2.575991,2.595,4/30/2015,2015,4
88,2015-05-01,SAMTSE,BT-14,0.615149,0.0,0.0,0.0,0.0,0.124985,0.0,0.0,0.092089,0.128526,0.005456,0.128526,0.009163,0.0,0.026024,0.319769,0.0,2.500736,3.898,5/31/2015,2015,5
107,2015-06-01,SAMTSE,BT-14,0.687895,0.0,0.0,0.0,0.0,0.140889,0.0,0.0,0.096897,0.025251,0.007111,0.147973,0.008926,0.0,0.029471,0.323156,0.0,2.108732,4.021,6/30/2015,2015,6
126,2015-07-01,SAMTSE,BT-14,0.696504,0.0,0.0,0.0,0.0,0.141922,0.0,0.0,0.105809,0.024233,0.005522,0.143586,0.007441,0.0,0.02245,0.312231,0.0,2.5151,3.829,7/31/2015,2015,7
145,2015-08-01,SAMTSE,BT-14,0.69588,0.0,0.0,0.0,0.0,0.155612,0.0,0.0,0.107482,0.026882,0.004723,0.157023,0.010037,0.0,0.027143,0.319395,0.0,2.224487,4.143,8/31/2015,2015,8
164,2015-09-01,SAMTSE,BT-14,0.767027,0.0,0.0,0.0,0.0,0.166205,0.0,0.0,0.114435,0.031818,0.005477,0.172233,0.010617,0.0,0.037741,0.360179,0.0,2.630663,4.096,9/30/2015,2015,9
183,2015-10-01,SAMTSE,BT-14,0.786433,0.0,0.0,0.0,0.0,0.158088,0.0,0.0,0.114875,0.028508,0.006456,0.167652,0.008875,0.0,0.036178,0.37691,0.0,2.647764,4.651,10/31/2015,2015,10
202,2015-11-01,SAMTSE,BT-14,0.871805,0.0,0.0,0.0,0.0,0.154425,0.0,0.0,0.10467,0.025649,0.007155,0.154382,0.012093,0.0,0.035786,0.364559,0.0,2.583786,3.078,11/30/2015,2015,11
221,2015-12-01,SAMTSE,BT-14,0.799188,0.0,0.0,0.0,0.0,0.134695,0.0,0.0,0.107385,0.027792,0.007621,0.144928,0.014173,0.0,0.028692,0.358211,0.0,2.904165,3.614,12/31/2015,2015,12
240,2016-01-01,SAMTSE,BT-14,0.871975,0.0,0.0,0.0,0.0,0.129728,0.0,0.0,0.111628,0.034388,0.010725,0.133819,0.014075,0.0,0.030881,0.369154,0.0,2.493969,4.759,1/31/2016,2016,1
259,2016-02-01,SAMTSE,BT-14,0.84163,0.0,0.0,0.0,0.0,0.130341,0.0,0.0,0.097932,0.038515,0.012306,0.130552,0.01551,0.0,0.034033,0.34298,0.0,2.666231,4.142,2/29/2016,2016,2
278,2016-03-01,SAMTSE,BT-14,0.751817,0.0,0.0,0.0,0.0,0.112185,0.0,0.0,0.090361,0.027924,0.008895,0.119296,0.012828,0.0,0.027726,0.098888,0.0,2.520923,4.527,3/31/2016,2016,3
297,2016-04-01,SAMTSE,BT-14,0.747366,0.0,0.0,0.0,0.0,0.15213,0.0,0.0,0.106997,0.047427,0.007306,0.152443,0.012529,0.0,0.044227,0.347785,0.0,2.591693,3.895,4/30/2016,2016,4
316,2016-05-01,SAMTSE,BT-14,0.780945,0.0,0.0,0.0,0.0,0.120182,0.0,0.0,0.103809,0.027609,0.007579,0.145951,0.011692,0.0,0.034507,0.330158,0.0,2.844783,4.987,5/31/2016,2016,5
335,2016-06-01,SAMTSE,BT-14,0.767052,0.0,0.0,0.0,0.0,0.148394,0.0,0.0,0.107843,0.037793,0.005602,0.173437,0.01203,0.0,0.043412,0.355534,0.0,2.558042,4.039,6/30/2016,2016,6
354,2016-07-01,SAMTSE,BT-14,0.859505,0.0,0.0,0.0,0.0,0.159258,0.0,0.0,0.124499,0.032391,0.004664,0.188209,0.012171,0.0,0.040155,0.349979,0.0,1.950698,3.038,7/31/2016,2016,7
373,2016-08-01,SAMTSE,BT-14,0.78178,0.0,0.0,0.0,0.0,0.149442,0.0,0.0,0.108681,0.029398,0.005216,0.183729,0.010117,0.0,0.029422,0.328463,0.0,2.856303,3.192,8/31/2016,2016,8
392,2016-09-01,SAMTSE,BT-14,0.835831,0.0,0.0,0.0,0.0,0.168034,0.0,0.0,0.113978,0.034806,0.005579,0.217831,0.009782,0.0,0.033887,0.400046,0.0,2.173938,4.011,9/30/2016,2016,9
411,2016-10-01,SAMTSE,BT-14,0.890734,0.0,0.0,0.0,0.0,0.151579,0.0,0.0,0.11322,0.028108,0.0059,0.192005,0.010881,0.0,0.037852,0.378477,0.0,2.62943,4.322,10/31/2016,2016,10
430,2016-11-01,SAMTSE,BT-14,0.867873,0.0,0.0,0.0,0.0,0.144551,0.0,0.0,0.105642,0.029391,0.006205,0.187432,0.011155,0.0,0.041257,0.357576,0.0,2.871721,3.771,11/30/2016,2016,11
449,2016-12-01,SAMTSE,BT-14,0.867625,0.0,0.0,0.0,0.0,0.14476,0.0,0.0,0.10419,0.034179,0.007903,0.153978,0.013966,0.0,0.043745,0.371075,0.0,2.914952,4.08,12/31/2016,2016,12
468,2017-01-01,SAMTSE,BT-14,0.896921,0.0,0.0,0.0,0.0,0.123978,0.00236,0.0,0.105143,0.028672,0.010123,0.160869,0.011668,0.0,0.042512,0.340004,0.0,2.841383,3.5,1/31/2017,2017,1
487,2017-02-01,SAMTSE,BT-14,0.845819,0.000482,0.0,0.0,0.0,0.117801,0.002477,0.0,0.099805,0.033384,0.01044,0.13935,0.01225,0.0,0.037291,0.342007,0.0,2.582135,4.368,2/28/2017,2017,2
506,2017-03-01,SAMTSE,BT-14,0.797681,0.000531,0.000146,0.0,0.0,0.120979,0.001605,0.0,0.093975,0.031961,0.008128,0.137255,0.011952,0.0,0.04033,0.350766,0.0,2.817864,4.485,3/31/2017,2017,3
525,2017-04-01,SAMTSE,BT-14,0.84006,0.000515,3.3e-05,0.0,0.0,0.127314,0.00246,0.0,0.092425,0.039415,0.008094,0.151449,0.011901,0.0,0.042569,0.351639,0.0,3.0388,3.68,4/30/2017,2017,4
544,2017-05-01,SAMTSE,BT-14,0.784508,0.000316,3e-05,0.000278,0.0,0.146003,0.002582,0.0,0.098766,0.035625,0.006961,0.174202,0.013739,0.0,0.044961,0.350089,0.0,2.911822,3.352,5/31/2017,2017,5
563,2017-06-01,SAMTSE,BT-14,0.858756,0.000293,0.002877,0.000234,0.0,0.15933,0.003453,0.0,0.108711,0.032864,0.006335,0.181264,0.011925,0.0,0.047789,0.328319,0.0,2.6983715,1.84,6/30/2017,2017,6
582,2017-07-01,SAMTSE,BT-14,0.88019,0.000311,0.002695,0.000132,0.0,0.179924,0.00358,0.0,0.112779,0.039471,0.006504,0.187729,0.012947,0.0,0.046023,0.370573,0.0,2.3952775,2.668,7/31/2017,2017,7
601,2017-08-01,SAMTSE,BT-14,0.880073,0.000254,0.002844,0.000288,0.0,0.17183,0.003376,0.0,0.111675,0.031079,0.005551,0.18845,0.011008,0.0,0.045666,0.329582,0.0,2.57130175,2.738,8/31/2017,2017,8
620,2017-09-01,SAMTSE,BT-14,0.889331,0.001347,0.003382,3.6e-05,0.0,0.17764,0.003093,0.0,0.107317,0.027645,0.004999,0.198081,0.011406,0.0,0.046566,0.388416,0.0,2.61110375,3.414,9/30/2017,2017,9
639,2017-10-01,SAMTSE,BT-14,0.891987,0.000456,0.003125,8e-06,0.0,0.182627,0.00335,0.0,0.102097,0.037606,0.005421,0.191861,0.013265,0.0,0.038287,0.376728,0.0,2.5955735,2.776,10/31/2017,2017,10
658,2017-11-01,SAMTSE,BT-14,0.926725,0.000529,0.003002,7.5e-05,0.0,0.167888,0.002793,0.0,0.106446,0.037299,0.006319,0.191518,0.014392,0.0,0.048587,0.369972,0.0,2.830259,2.841,11/30/2017,2017,11
677,2017-12-01,SAMTSE,BT-14,0.885536,0.000449,0.003014,0.0001,0.0,0.143326,0.002383,0.0,0.090797,0.028417,0.008273,0.150681,0.013143,0.0,0.045608,0.320854,0.0,2.950964,4.433,12/31/2017,2017,12
696,2018-01-01,SAMTSE,BT-14,0.924022,0.000724,0.004086,0.000495,0.0,0.134435,0.002211,0.0,0.095726,0.029346,0.010061,0.145985,0.013158,0.0,0.052142,0.35935,0.0,2.446344,4.253,1/31/2018,2018,1
715,2018-02-01,SAMTSE,BT-14,0.933407,0.001413,0.003149,0.000359,0.0,0.14666,0.00223,0.0,0.09573,0.037461,0.011555,0.149866,0.014507,0.0,0.053237,0.37002,0.0,2.95476,3.706,2/28/2018,2018,2
734,2018-03-01,SAMTSE,BT-14,0.863401,0.000945,0.003783,0.000372,0.0,0.126009,0.002678,0.0,0.088866,0.023942,0.011348,0.13457,0.013386,0.0,0.044071,0.365154,0.0,3.019393,3.343,3/31/2018,2018,3
753,2018-04-01,SAMTSE,BT-14,0.845854,0.000715,0.003627,0.000438,0.0,0.1432,0.002624,0.0,0.095465,0.029983,0.008211,0.152038,0.014496,0.0,0.044905,0.391425,0.0,2.94184,1.331,4/30/2018,2018,4
772,2018-05-01,SAMTSE,BT-14,0.816499,0.000573,0.003868,0.000184,0.0,0.156838,0.002892,0.0,0.094941,0.032037,0.005332,0.164764,0.013847,0.0,0.03968,0.387963,0.0,3.072882,3.881,5/31/2018,2018,5
791,2018-06-01,SAMTSE,BT-14,0.87093,0.000627,0.003529,0.000554,0.0,0.16203,0.003163,0.0,0.117607,0.038781,0.005939,0.191001,0.013502,0.0,0.042618,0.407341,0.0,2.816019,3.209,6/30/2018,2018,6
810,2018-07-01,SAMTSE,BT-14,0.89511,0.000532,0.003561,0.00046,0.0,0.193477,0.003486,0.0,0.114602,0.039148,0.005723,0.192723,0.01455,0.0,0.045133,0.409079,0.0,2.796501,3.269,7/31/2018,2018,7
829,2018-08-01,SAMTSE,BT-14,0.881356,0.000557,0.003603,0.000357,0.0,0.173012,0.003248,0.0,0.114443,0.036904,0.005006,0.17939,0.012011,0.0,0.039368,0.357761,0.0,2.959094,3.675,8/31/2018,2018,8
848,2018-09-01,SAMTSE,BT-14,0.959396,0.000812,0.004057,0.000498,0.0,0.191638,0.003531,0.0,0.119962,0.050197,0.005358,0.220809,0.012614,0.0,0.040682,0.458522,0.0,2.66906,3.482,9/30/2018,2018,9
867,2018-10-01,SAMTSE,BT-14,0.887769,0.000669,0.003733,0.000396,0.0,0.177894,0.00295,0.0,0.106924,0.042566,0.005433,0.197756,0.014002,0.0,0.035137,0.435784,0.0,2.875657,3.487,10/31/2018,2018,10
886,2018-11-01,SAMTSE,BT-14,0.947534,0.000837,0.004219,0.000676,0.0,0.160866,0.002797,0.0,0.107064,0.037344,0.005984,0.178915,0.015919,0.0,0.037734,0.416172,0.0,2.736529,2.302,11/30/2018,2018,11
905,2018-12-01,SAMTSE,BT-14,0.945582,0.000521,0.003487,0.000618,0.0,0.13864,0.002256,0.0,0.097709,0.037842,0.009087,0.144641,0.015641,0.0,0.040646,0.391907,0.0,2.935594,3.84,12/31/2018,2018,12
924,2019-01-01,SAMTSE,BT-14,0.949063,0.001495,0.003668,0.001375,0.0,0.168341,0.001796,0.0,0.098686,0.040069,0.009661,0.187558932,0.022082,0.0,0.046577471,0.440953644,0.0,2.688811,4.338,1/31/2019,2019,1
943,2019-02-01,SAMTSE,BT-14,0.953774,0.000675,0.003087,0.000583,0.0,0.154346,0.001516,0.0,0.101221,0.054405,0.01108,0.14701694,0.018696,0.0,0.038326954,0.419699,0.0,2.784711,3.687,2/28/2019,2019,2
962,2019-03-01,SAMTSE,BT-14,0.846623,0.000565,0.003605,0.000579,0.0,0.101289,0.001447,0.0,0.084436,0.024191,0.007774,0.132514237,0.012795,0.0,0.034179272,0.376732,0.0,3.037985,3.135,3/31/2019,2019,3
981,2019-04-01,SAMTSE,BT-14,0.81759,0.00109,0.003803,0.000703,0.0,0.150816,0.001638,0.0,0.099002,0.04774,0.006366,0.152882756,0.015684,0.0,0.037414979,0.457592326,0.0,2.757849,3.359,4/30/2019,2019,4
1000,2019-05-01,SAMTSE,BT-14,0.833682,0.000764,0.004221,0.000519,0.0,0.170914,0.001835,0.0,0.115362,0.04243,0.005872,0.189166202,0.015299,0.0,0.041039418,0.506936148,0.0,3.03867,3.261,5/31/2019,2019,5
1019,2019-06-01,SAMTSE,BT-14,0.834964,0.000903,0.004047,0.000725,0.0,0.165803,0.001988,0.0,0.119943,0.046037,0.006512,0.188805822,0.012164,0.0,0.039963298,0.482007482,0.0,2.699823,3.394,6/30/2019,2019,6
1038,2019-07-01,SAMTSE,BT-14,0.899541,0.001035,0.003934,0.000517,0.0,0.189154,0.002271,0.0,0.124642,0.052226,0.00572,0.207451963,0.010531,0.0,0.04225319,0.485583999,0.0,2.744676,2.906818,7/31/2019,2019,7
1057,2019-08-01,SAMTSE,BT-14,0.899125,0.000935,0.004064,0.000484,0.0,0.182317,0.002241,0.0,0.123818,0.03459,0.006366,0.196966807,0.012924,0.0,0.037407663,0.467663108,0.0,2.889427,0.960865,8/31/2019,2019,8
1076,2019-09-01,SAMTSE,BT-14,0.918693,0.000868,0.004615,0.00061,0.0,0.193589,0.002417,0.0,0.127319,0.048674,0.005606,0.2338344,0.013241,0.0,0.043487851,0.5535195,0.0,2.827453,2.634,9/30/2019,2019,9
1095,2019-10-01,SAMTSE,BT-14,0.930214,0.001108,0.00442,0.000579,0.0,0.187712,0.002223,0.0,0.132044,0.035313,0.008217,0.211107008,0.014872,0.0,0.043359412,0.5270155,0.0,2.301961,4.004,10/31/2019,2019,10
1114,2019-11-01,SAMTSE,BT-14,0.86759,0.000812,0.003893,0.000786,0.0,0.159671,0.001806,0.0,0.108908,0.035543,0.005391665,0.173879845,0.014613,0.0,0.036297144,0.436255,0.0,2.799393,3.7298,11/30/2019,2019,11
1133,2019-12-01,SAMTSE,BT-14,0.85336,0.000638,0.003828,0.000842,0.0,0.133319,0.001453,0.006142,0.10054,0.025782,0.006664248,0.15278592,0.015562,0.0,0.035099436,0.4845045,0.0,2.787213,4.0738,12/31/2019,2019,12
1152,2020-01-01,SAMTSE,BT-14,0.914852,0.000653,0.004305,0.000865,0.0,0.146318,0.001949,0.011623,0.089699,0.033578,0.00899,0.154859681,0.017195,0.0,0.039604191,0.454831,0.0,2.925197,3.8367,1/31/2020,2020,1
1171,2020-02-01,SAMTSE,BT-14,0.951674,0.001434,0.003517,0.001045,0.0,0.167741,0.001844,0.012765,0.10099,0.042341,0.008037666,0.166653939,0.018693,0.0,0.042151487,0.458676,0.0,2.889152,1.7254,2/29/2020,2020,2
1190,2020-03-01,SAMTSE,BT-14,0.921248,0.00223,0.004027,0.001485,0.0,0.141237,0.001768,0.015678,0.088683,0.034759,0.008198463,0.15445663,0.016152,0.0,0.036714312,0.490745,0.0,2.619164,2.8717,3/31/2020,2020,3
1209,2020-04-01,SAMTSE,BT-14,0.888065,0.001622,0.003892,0.001313,0.0,0.154656,0.002188,0.014403,0.093345,0.036937,0.008036964,0.154538857,0.016366,0.0,0.033488113,0.4426315,0.0,1.393199,0.6565,4/30/2020,2020,4
1228,2020-05-01,SAMTSE,BT-14,0.873218,0.002716,0.003635,0.000986,0.0,0.168492,0.002071,0.014037,0.089098,0.022844,0.006008999,0.155435905,0.015957,0.0,0.028219163,0.3515405,0.0,0.612053,1.5115,5/31/2020,2020,5
1247,2020-06-01,SAMTSE,BT-14,0.91725,0.002094,0.004169,0.000825,0.0,0.180534,0.002226,0.015415,0.102573,0.018705,0.005871,0.170599559,0.018095,0.0,0.032448009,0.361865,0.0,1.72925,1.0676,6/30/2020,2020,6
1266,2020-07-01,SAMTSE,BT-14,0.9994686,0.001992,0.00428267,0.00081786,0.0,0.209447,0.002686,0.014528,0.117031,0.025069,0.005495,0.19956267,0.01383,0.0,0.032879189,0.368131,0.0,1.707979,1.3052,7/31/2020,2020,7
1285,2020-08-01,SAMTSE,BT-14,0.95790166,0.00140055,0.00393828,0.00107923,0.0,0.19906404,0.00303469,0.01354033,0.10685329,0.02245549,0.00572347,0.189872192,0.01504169,0.0,0.033234453,0.37716536,0.0,0.740755,1.0507,8/31/2020,2020,8
1304,2020-09-01,SAMTSE,BT-14,0.98239081,0.00219636,0.00422656,0.00102971,0.0,0.20114175,0.00267765,0.01463042,0.11000757,0.0223167,0.00583516,0.191710867,0.01582571,0.0,0.034237543,0.36285275,0.0,1.404627,1.2319,9/30/2020,2020,9
1323,2020-10-01,SAMTSE,BT-14,1.05854661,0.00191409,0.00367916,0.00123706,0.0,0.21352826,0.00335166,0.01066501,0.09154296,0.01904881,0.00482837,0.214896139,0.0129646,0.0,0.038345485,0.39079316,0.0,2.090661,1.2225,10/31/2020,2020,10
1342,2020-11-01,SAMTSE,BT-14,0.99651993,0.002156,0.004064,0.000835,0.0,0.178648,0.003001,0.011853,0.1186,0.029419,0.006967,0.212550802,0.013998,0.0,0.031521582,0.40620073,0.0,1.830503,1.6241,11/30/2020,2020,11
1361,2020-12-01,SAMTSE,BT-14,0.979324,0.001672,0.003276,0.001237,0.0,0.151221,0.002174,0.01046,0.099681,0.027718,0.007341,0.181038404,0.012878,0.0,0.02976594,0.350549,0.0,2.179762,2.9509,12/31/2020,2020,12
1379,2021-01-01,SAMTSE,BT-14,1.092082,0.001252,0.003857,0.001298,0.0,0.175334,0.002241,0.012254,0.099566,0.029473,0.013748,0.19380159,0.014577,0.0,0.03780674,0.4167,0.0,2.210479,3.5634,1/31/2021,2021,1
1398,2021-02-01,SAMTSE,BT-14,0.931074,0.001317,0.003539,0.001234,0.0,0.141229,0.001914,0.010616,0.084774,0.031513,0.010681,0.16854842,0.011021,0.0,0.0325302,0.400808,0.0,2.412198,1.9475,2/28/2021,2021,2
1417,2021-03-01,SAMTSE,BT-14,0.886131,0.000991,0.003594,0.000995,0.0,0.137361,0.002062,0.012627,0.090955,0.032393,0.00907,0.16288457,0.011059,0.0,0.03607072,0.375017,0.0,2.335217,4.0569,3/31/2021,2021,3
1436,2021-04-01,SAMTSE,BT-14,0.930792,0.000907,0.004477,0.000797,0.0,0.166309,0.002183,0.017103,0.109137,0.041825,0.009377,0.19989068,0.013579,0.0,0.03721783,0.5297005,0.0,2.30396,2.9819,4/30/2021,2021,4
1455,2021-05-01,SAMTSE,BT-14,0.9106715,0.000998,0.004411,0.000913,0.0,0.198152,0.002708,0.0144145,0.108237,0.0331985,0.00631261,0.21696511,0.0141785,0.0,0.03300435,0.473673,0.0,2.295619,3.1154,5/31/2021,2021,5
1474,2021-06-01,SAMTSE,BT-14,0.9239595,0.001052,0.003774,0.00081,0.0,0.161582,0.002907,0.0135005,0.096068,0.0416815,0.005829,0.198497,0.0142975,0.0,0.03347977,0.4451465,0.0,0.972251,0.645,6/30/2021,2021,6
1493,2021-07-01,SAMTSE,BT-14,1.017023,0.000786,0.0046,0.001144,0.0,0.2364325,0.00312,0.013253,0.1283955,0.024544,0.007645,0.25016114,0.013961,0.0,0.04103781,0.401882,0.0,1.90013,0.712,7/31/2021,2021,7
1512,2021-08-01,SAMTSE,BT-14,0.996733,0.001354,0.004384,0.001037,0.0,0.1743705,0.002941,0.011911,0.1002455,0.023908,0.005374,0.22607692,0.010689,0.0,0.03167388,0.3622125,0.0,2.118999,2.37,8/31/2021,2021,8
1531,2021-09-01,SAMTSE,BT-14,1.017896,0.001275,0.005107,0.000775,0.0,0.205317,0.003286,0.016984,0.123819,0.041363,0.007242,0.2481093,0.012617,0.0,0.03278,0.474684,0.0,1.701521,2.382,9/30/2021,2021,9
1550,2021-10-01,SAMTSE,BT-14,0.971172,0.001298,0.005365,0.001097,0.0,0.191676,0.003377,0.017009,0.126929,0.032898,0.007669,0.27789988,0.012753,0.0,0.033479,0.4613825,0.0,1.818316,1.0387,10/31/2021,2021,10
1569,2021-11-01,SAMTSE,BT-14,1.022068,0.000796,0.005483,0.00135,0.0,0.19271,0.003329,0.014946,0.135412,0.028686,0.008983,0.24355756,0.012435,0.0,0.040834,0.4960005,0.0,1.546967,3.1722,11/30/2021,2021,11
1588,2021-12-01,SAMTSE,BT-14,0.986374,0.00123,0.00529,0.001836,0.0,0.145813,0.002505,0.013296,0.104186,0.026282,0.009702,0.1906991,0.011101,0.0,0.037776,0.4315452,0.0,2.045028,2.5554,12/31/2021,2021,12
1607,2022-01-01,SAMTSE,BT-14,1.066154,0.000928,0.004789,0.001508,0.0,0.148762,0.002579,0.014348,0.115791,0.025909,0.012013662,0.186299445,0.01523,0.0,0.047822,0.46518,0.0,2.073279,1.48257,1/31/2022,2022,1
1625,2022-02-01,SAMTSE,BT-14,0.990026,0.000883,0.0047085,0.001974,0.0,0.132945,0.002389,0.012694,0.09755689,0.024254,0.010367481,0.176582101,0.014841,0.0,0.0534345,0.467279,0.0,1.828928,0.22772,2/28/2022,2022,2
1643,2022-03-01,SAMTSE,BT-14,0.973973,0.001115,0.0041435,0.001493,0.0,0.174146,0.002825,0.012219,0.10294449,0.02013,0.0096325,0.201971547,0.014683,0.0,0.0515835,0.424535,0.0,1.9394,0.44431,3/31/2022,2022,3
1661,2022-04-01,SAMTSE,BT-14,1.03666523,0.001172,0.004336,0.001548,0.0,0.17282528,0.002231,0.011867,0.11100987,0.036785,0.009495,0.213070243,0.015946,0.0,0.05546,0.4470339,0.0,2.169128,1.1385,4/30/2022,2022,4
1679,2022-05-01,SAMTSE,BT-14,0.96571281,0.000853,0.004898,0.001313,0.0,0.17582531,0.002389,0.014819,0.12413292,0.031262,0.008823,0.229269582,0.014679,0.0,0.047206,0.4279931,0.0,2.035623,1.5472,5/31/2022,2022,5
1697,2022-06-01,SAMTSE,BT-14,0.97221828,0.001351,0.005733,0.001458,0.0,0.19626591,0.002949,0.017287,0.14199646,0.035019,0.010214,0.268479155,0.018843,0.0,0.049237,0.480772,0.0,1.413519,0.4605,6/30/2022,2022,6
1715,2022-07-01,SAMTSE,BT-14,1.03397278,0.001149,0.005453,0.001473,0.0,0.2140233,0.003367,0.016518,0.14164214,0.031732,0.008859,0.267994741,0.013592,0.0,0.051776,0.4795885,0.0,1.436335,0.6657,7/31/2022,2022,7
1733,2022-08-01,SAMTSE,BT-14,1.02173295,0.000647,0.005622,0.001486,0.0,0.22359859,0.003583,0.018376,0.14937139,0.034496,0.006615999,0.287792709,0.013313,0.0,0.05834,0.498863,0.0,1.645422,2.2611,8/31/2022,2022,8
1751,2022-09-01,SAMTSE,BT-14,1.11026095,0.001014,0.005731,0.001582,0.0,0.22778161,0.003742,0.018459,0.18678028,0.047442,0.008677,0.30298586,0.014677,0.0,0.059022,0.5151465,0.0,1.376655,1.9181,9/30/2022,2022,9
1769,2022-10-01,SAMTSE,BT-14,1.067219,0.000824,0.006325,0.00128,0.0,0.198725,0.005559,0.017301,0.149448,0.034318,0.009921,0.283479337,0.01251,0.0,0.061957,0.492326,0.0,1.579339,1.907,10/31/2022,2022,10
1787,2022-11-01,SAMTSE,BT-14,0.997871,0.000948,0.005229,0.001472,0.0,0.18453125,0.004553,0.0159889,0.13896809,0.042546,0.008956,0.246426165,0.014416,0.0,0.052496,0.442458,0.0,1.544914,1.928,11/30/2022,2022,11
1805,2022-12-01,SAMTSE,BT-14,0.988332,0.001383,0.004932,0.002145,0.0,0.149516,0.004042,0.0143451,0.13411824,0.035791,0.011797,0.217844191,0.012481,0.0,0.055529,0.4845075,0.0,2.132519,2.3138,12/31/2022,2022,12
1822,2023-01-01,SAMTSE,BT-14,1.054898,0.001061,0.005936,0.002345,0.0,0.1512898,0.004415,0.015178,0.14353438,0.041107,0.015265798,0.200263425,0.014206,0.0,0.066475,0.470878,0.0,2.057011,3.1631,1/31/2023,2023,1
1840,2023-02-01,SAMTSE,BT-14,1.090512,0.001504,0.005064,0.002208,0.0,0.16844503,0.00479,0.015376,0.15029806,0.041668,0.01586221,0.2112543,0.018202,0.0,0.066144,0.4971705,0.0,1.906463,3.99309,2/28/2023,2023,2
1858,2023-03-01,SAMTSE,BT-14,0.96011077,0.000982,0.004599,0.001769,0.0,0.13144531,0.003416,0.01359,0.122663,0.02621,0.011451,0.1872699,0.014015,0.0,0.063009,0.0,0.0,1.936111,4.14789,3/31/2023,2023,3
1876,2023-04-01,SAMTSE,BT-14,0.99057323,0.000881,0.005425,0.001581,0.0,0.15746205,0.004333,0.015661,0.133463,0.036999,0.01071249,0.22880189,0.016237,0.0,0.060588,0.5033355,0.0,2.110365,4.02632,4/30/2023,2023,4
1894,2023-05-01,SAMTSE,BT-14,1.037634,0.000911,0.006322,0.001335,0.0,0.18336112,0.004302,0.016757,0.149257,0.040484,0.011268197,0.243281822,0.019366,0.0,0.060817,0.5212675,0.0,2.21291,3.1367,5/31/2023,2023,5
1912,2023-06-01,SAMTSE,BT-14,1.03387104,0.00063,0.006749,0.001057,0.0,0.20378899,0.004849,0.018102,0.163909,0.050793,0.01245198,0.27429806,0.018102,0.0,0.062172,0.556927,0.0,1.961768,3.8549,6/30/2023,2023,6
1930,2023-07-01,SAMTSE,BT-14,1.03321696,0.000941,0.00661,0.001139,0.0,0.20737334,0.005013,0.019242,0.161551,0.048695,0.00965867,0.26726578,0.016846,0.0,0.059142,0.5087505,0.0,1.572108,2.8075,7/31/2023,2023,7
1948,2023-08-01,SAMTSE,BT-14,1.14985149,0.000742,0.007024,0.001363,0.0,0.21370917,0.005441,0.018528,0.176402,0.043388,0.01136,0.27889455,0.018968,0.0,0.060235,0.494009,0.0,1.904674,0.9764,8/31/2023,2023,8
1966,2023-09-01,SAMTSE,BT-14,1.11212551,0.000852,0.007104,0.001206,0.0,0.22341254,0.005686,0.023264,0.183129,0.045323,0.010107,0.30854028,0.017571,0.0,0.056989,0.595216,0.0,1.633788,2.3248,9/30/2023,2023,9
1984,2023-10-01,SAMTSE,BT-14,1.12271209,0.0008,0.007254,0.001416,0.0,0.21710535,0.005969,0.022507,0.18652365,0.047118,0.010342,0.43871115,0.016863,0.0,0.16611,0.355731,0.0,2.309653,3.2842,10/31/2023,2023,10
2002,2023-11-01,SAMTSE,BT-14,1.08073046,0.000887,0.007315,0.001329,0.0,0.18881837,0.004629,0.018977,0.17152335,0.093631,0.01388,0.40107118,0.018422,0.0,0.142879,0.3306065,0.0,2.170635,3.5122,11/30/2023,2023,11
2020,2023-12-01,SAMTSE,BT-14,1.07628945,0.001057,0.005682,0.001422,0.0,0.16740541,0.003978,0.017185,0.153163,0.03776,0.016528129,0.322523472,0.016714,0.0,0.144755,0.2869315,0.00156,2.283537,3.89637,12/31/2023,2023,12
2038,2024-01-01,SAMTSE,BT-14,1.15434416,0.001028,0.007145,0.00195,0.0,0.15817128,0.003615,0.019302,0.153016,0.162276,0.02017682,0.315240974,0.025959,0.0,0.162206,0.255897,0.00078,2.040834,1.45437,1/31/2024,2024,1
2056,2024-02-01,SAMTSE,BT-14,1.14584684,0.000851,0.006315,0.001435,0.0,0.16373135,0.005338,0.017348,0.1493579,0.1910415,0.02049858,0.32744169,0.01811,0.0,0.16686,0.242972,0.0012,1.95373,4.01742,2/29/2024,2024,2
2074,2024-03-01,SAMTSE,BT-14,1.103826,0.000975,0.006682,0.001541,0.0,0.16989458,0.003996,0.016901,0.1615071,0.145118,0.01681381,0.33800485,0.019,0.0,0.170992,0.259238,0.00102,1.532998,4.36976,3/31/2024,2024,3
2092,2024-04-01,SAMTSE,BT-14,1.06702686,0.000862,0.008342,0.001325,0.0,0.17691219,0.00428,0.017981,0.1659,0.165408,0.01478524,0.34746651,0.01991,0.0,0.178859,0.28019,0.00144,1.960209,4.15119,4/30/2024,2024,4
2110,2024-05-01,SAMTSE,BT-14,1.09701158,0.001131,0.008914,0.001568,0.0,0.20313101,0.005969,0.019989,0.195433,0.1572995,0.01372822,0.40480904,0.01753,0.0,0.172716,0.301131,0.00084,2.233186,2.37856,5/31/2024,2024,5
2128,2024-06-01,SAMTSE,BT-14,1.13831873,0.001119,0.009497,0.001615,0.0,0.24580096,0.006296,0.021634,0.201544,0.1539075,0.01232255,0.44291249,0.019193,0.0,0.221882,0.329795,0.00042,1.821471,3.70107,6/30/2024,2024,6
2146,2024-07-01,SAMTSE,BT-14,1.19502387,0.001187,0.009288,0.001298,0.0,0.23308562,0.005815,0.020097,0.20820962,0.133269,0.01287863,0.41764562,0.015653,0.0,0.197493,0.277408,0.00024,1.856412,3.62526,7/31/2024,2024,7
2164,2024-08-01,SAMTSE,BT-14,1.25209402,0.000949,0.010253,0.001196,0.0,0.24655383,0.006565,0.020934,0.22752938,0.1780995,0.013027,0.44641085,0.015615,0.0,0.234177,0.28474,0.0003,1.940161,2.80986,8/31/2024,2024,8
2182,2024-09-01,SAMTSE,BT-14,1.23608079,0.001462,0.010571,0.00158,0.0,0.27184964,0.006369,0.019781,0.241769,0.183968,0.01566464,0.51836983,0.019325,0.0,0.269143,0.360759,0.0003,1.454306,3.23652,9/30/2024,2024,9
2200,2024-10-01,SAMTSE,BT-14,1.19169395,0.001713,0.009904,0.001621,0.0,0.24900335,0.00579,0.02016,0.24082598,0.157661,0.01470427,0.51286447,0.017486,0.0,0.266327,0.357317,0.0003,1.374028,3.45377,10/31/2024,2024,10
2218,2024-11-01,SAMTSE,BT-14,1.19191132,0.001969,0.0096,0.001789,0.0,0.20438884,0.005107,0.021886,0.21286502,0.1541435,0.015726,0.49073483,0.019327,0.0,0.294315,0.319434,0.00036,1.762289,3.77747,11/30/2024,2024,11
2236,2024-12-01,SAMTSE,BT-14,1.09686238,0.001568,0.008411,0.001725,0.0,0.18875565,0.004321,0.019827,0.194593,0.1511505,0.01555101,0.40387689,0.019672,0.0,0.284265,0.332246,0.00084,2.61461294,4.115855,12/31/2024,2024,12
2255,2025-01-01,SAMTSE,BT-14,1.17738305,0.00156,0.009584,0.002549,0.0,0.18838496,0.003852,0.021393,0.205787,0.1863635,0.02238061,0.3557173,0.018104,0.0,0.25022,0.307749,0.00168,1.97795648,16.66494,1/31/2025,2025,1
2274,2025-02-01,SAMTSE,BT-14,1.20623086,0.001514,0.00895,0.002525,0.0,0.1912362,0.004042,0.021857,0.210186,0.184278,0.01946764,0.40228929,0.018009,0.0,0.305502,0.315444,0.00144,1.8587601,31.04149,2/28/2025,2025,2
2293,2025-03-01,SAMTSE,BT-14,1.20668539,0.00146,0.007695,0.001449,0.0,0.16064522,0.003712,0.01985,0.186009,0.1493045,0.01275344,0.39044024,0.01663,0.0,0.244694,0.302455,0.00156,2.286307,35.36907,3/31/2025,2025,3
2312,2025-04-01,SAMTSE,BT-14,1.15357611,0.002037,0.008966,0.001445,,0.19548715,0.004541,0.025352,0.212688,0.161172,0.01337921,0.4216223,0.019356,,0.277716,0.3394,0.00156,2.10898165,31.16483,4/30/2025,2025,4
2331,2025-05-01,SAMTSE,BT-14,2.14480309,0.001791,0.009422,0.001515,,0.22715,0.004607,0.024552,0.249268,0.182784,0.01433497,0.4787846,0.025817,,0.279753,0.364838,0.00126,1.942783,33.0316,5/31/2025,2025,5
2350,2025-06-01,SAMTSE,BT-14,1.21690398,0.001541,0.009788,0.001317,,0.237981,0.005219,0.028294,0.267246,0.1743865,0.01320825,0.4925363,0.021154,,0.296881,0.393516,0.00114,2.056868,33.72476,6/1/2025,2025,6
2369,2025-07-01,SAMTSE,BT-14,1.25371852,0.001858,0.010096,0.00117,,0.26881722,0.005926,0.025541,0.309586,0.1883675,0.01366,0.59574537,0.020469,,0.345171,0.371379,0.001773,2.110717,34.21615,7/1/2025,2025,7
2388,2025-08-01,SAMTSE,BT-14,1.31231194,0.001738,0.010005,0.001378,,0.28375278,0.006089,0.023222,0.335335,0.2025815,0.015169,0.55749264,0.015347,,0.326026,0.347382,0.00204,1.977837,32.56223,8/1/2025,2025,8
2407,2025-09-01,SAMTSE,BT-14,1.48106536,0.001907,0.010686,0.001815,,0.274974,0.005929,0.025044,0.323214,0.246913,0.015142,0.60889949,0.017763,,0.347291,0.39438,0.00168,1.917872,34.72988,9/1/2025,2025,9
2426,2025-10-01,SAMTSE,BT-14,1.32673917,0.002175,0.010197,0.001809,,0.312995,0.00583,0.0281,0.292879,0.265776,0.017192,0.61483272,0.038065,,0.267695,0.446713,0.003,1.611492,43.01104,10/1/2025,2025,10
2445,2025-11-01,SAMTSE,BT-14,1.2443632,0.002036,0.009011,0.001368,,0.219709,0.005308,0.026193,0.250838,0.2319155,0.016198,0.53029574,0.013582,,0.226829,0.354978,0.003523,1.4969899,48.58427,11/1/2025,2025,11
2464,2025-12-01,SAMTSE,BT-14,1.21522442,0.001811,0.009079,0.001882,,0.196293,0.004939,0.022697,0.230323,0.273261,0.016433,0.43785288,0.016477,,0.233596,0.352061,0.00366,1.77156255,57.74485501,12/1/2025,2025,12
4,2015-01-01,SARPANG,BT-31,0.53715,0.0,0.0,0.0,0.0,0.380047,0.0,0.0,0.182476,0.010368,0.072807,0.153959,0.020729,0.00058,0.074956,0.142571,0.0,0.320926,0.0,1/31/2015,2015,1
23,2015-02-01,SARPANG,BT-31,0.533174,0.0,0.0,0.0,0.0,0.364463,0.0,0.0,0.189686,0.009887,0.071739,0.143516,0.018149,0.00048,0.088162,0.12114,0.0,0.274614,0.0,2/28/2015,2015,2
42,2015-03-01,SARPANG,BT-31,0.463446,0.0,0.0,0.0,0.0,0.351004,0.0,0.0,0.165716,0.008718,0.070245,0.143353,0.014648,0.00044,0.053826,0.123149,0.0,0.222632,0.0,3/31/2015,2015,3
61,2015-04-01,SARPANG,BT-31,0.528583,0.0,0.0,0.0,0.0,0.397669,0.0,0.0,0.187143,0.007886,0.058685,0.178539,0.01607,0.00014,0.05626,0.134237,0.0,0.450802,0.0,4/30/2015,2015,4
80,2015-05-01,SARPANG,BT-31,0.484756,0.0,0.0,0.0,0.0,0.393758,0.0,0.0,0.186661,0.005221,0.057683,0.189061,0.014964,0.00048,0.053866,0.139085,0.0,0.434649,0.0,5/31/2015,2015,5
99,2015-06-01,SARPANG,BT-31,0.59394,0.0,0.0,0.0,0.0,0.450286,0.0,0.0,0.207329,0.007223,0.074932,0.206581,0.012354,0.00018,0.065102,0.152713,0.0,0.20612,0.0,6/30/2015,2015,6
118,2015-07-01,SARPANG,BT-31,0.607886,0.0,0.0,0.0,0.0,0.500525,0.0,0.0,0.224513,0.026709,0.07943,0.200237,0.022233,0.00036,0.064049,0.224528,0.0,0.211252,0.0,7/31/2015,2015,7
137,2015-08-01,SARPANG,BT-31,0.618923,0.0,0.0,0.0,0.0,0.481576,0.0,0.0,0.218006,0.01592,0.070703,0.217016,0.01513,0.00024,0.062316,0.214745,0.0,0.241038,0.0,8/31/2015,2015,8
156,2015-09-01,SARPANG,BT-31,0.588868,0.0,0.0,0.0,0.0,0.496293,0.0,0.0,0.220281,0.019263,0.053978,0.23168,0.017286,0.00024,0.073848,0.196559,0.0,0.271252,0.0,9/30/2015,2015,9
175,2015-10-01,SARPANG,BT-31,0.599366,0.0,0.0,0.0,0.0,0.456016,0.0,0.0,0.221369,0.016554,0.046288,0.232812,0.017908,0.00018,0.089291,0.196453,0.0,0.378292,0.0,10/31/2015,2015,10
194,2015-11-01,SARPANG,BT-31,0.592137,0.0,0.0,0.0,0.0,0.44504,0.0,0.0,0.200042,0.015352,0.056299,0.214255,0.021446,0.0002,0.059154,0.201441,0.0,0.46413,0.0,11/30/2015,2015,11
213,2015-12-01,SARPANG,BT-31,0.519725,0.0,0.0,0.0,0.0,0.343195,0.0,0.0,0.179678,0.0161,0.043853,0.153952,0.017823,0.00018,0.055999,0.146382,0.0,0.471106,0.0,12/31/2015,2015,12
232,2016-01-01,SARPANG,BT-31,0.626229,0.0,0.0,0.0,0.0,0.377264,0.0,0.0,0.209743,0.015916,0.055112,0.17308,0.023468,0.00016,0.078859,0.152909,0.0,0.460478,0.0,1/31/2016,2016,1
251,2016-02-01,SARPANG,BT-31,0.594838,0.0,0.0,0.0,0.0,0.401606,0.0,0.0,0.204867,0.016678,0.054556,0.17339,0.023632,0.00034,0.076358,0.162452,0.0,0.445432,0.0,2/29/2016,2016,2
270,2016-03-01,SARPANG,BT-31,0.535159,0.0,0.0,0.0,0.0,0.354135,0.0,0.0,0.174583,0.013006,0.043165,0.164259,0.01715,0.00012,0.061241,0.136174,0.0,0.515287,0.0,3/31/2016,2016,3
289,2016-04-01,SARPANG,BT-31,0.606767,0.0,0.0,0.0,0.0,0.432858,0.0,0.0,0.207803,0.014643,0.049342,0.225275,0.018599,0.00028,0.07367,0.169063,0.0,0.416378,0.0,4/30/2016,2016,4
308,2016-05-01,SARPANG,BT-31,0.575044,0.0,0.0,0.0,0.0,0.409824,0.0,0.0,0.198955,0.010225,0.039047,0.219003,0.014722,0.00022,0.063172,0.17448,0.0,0.505466,0.0,5/31/2016,2016,5
327,2016-06-01,SARPANG,BT-31,0.652537,0.0,0.0,0.0,0.0,0.491368,0.0,0.0,0.212869,0.018746,0.047081,0.269417,0.015729,0.0003,0.08597,0.181297,0.0,0.529319,0.0,6/30/2016,2016,6
346,2016-07-01,SARPANG,BT-31,0.524537,0.0,0.0,0.0,0.0,0.673676,0.0,0.0,0.230975,0.020248,0.058491,0.243808,0.015168,0.00032,0.086685,0.213261,0.0,0.392513,0.0,7/31/2016,2016,7
365,2016-08-01,SARPANG,BT-31,0.602277,0.0,0.0,0.0,0.0,0.492325,0.0,0.0,0.202159,0.019655,0.042244,0.236571,0.014021,0.00026,0.072191,0.188925,0.0,0.209609,0.0,8/31/2016,2016,8
384,2016-09-01,SARPANG,BT-31,0.534491,0.0,0.0,0.0,0.0,0.728241,0.0,0.0,0.241629,0.017528,0.031695,0.278033,0.012532,0.00032,0.085723,0.218321,0.0,0.523014,0.0,9/30/2016,2016,9
403,2016-10-01,SARPANG,BT-31,0.639486,0.0,0.0,0.0,0.0,0.463824,0.0,0.0,0.21767,0.015946,0.061279,0.241474,0.012346,0.00018,0.071607,0.188637,0.0,0.512912,0.0,10/31/2016,2016,10
422,2016-11-01,SARPANG,BT-31,0.616179,0.0,0.0,0.0,0.0,0.430319,0.0,0.0,0.230469,0.017346,0.053857,0.235258,0.012728,0.00024,0.077809,0.195768,0.0,0.50528,0.0,11/30/2016,2016,11
441,2016-12-01,SARPANG,BT-31,0.594447,0.0,0.0,0.0,0.0,0.404774,0.0,0.0,0.196244,0.013676,0.05985,0.192332,0.014264,0.0003,0.077182,0.162172,0.0,0.497634,0.0,12/31/2016,2016,12
460,2017-01-01,SARPANG,BT-31,0.615515,0.007226,0.019161,0.001081,0.0,0.402406,0.015322,0.0,0.211777,0.016127,0.086897,0.186316,0.014877,0.00046,0.084704,0.158229,0.0,0.476751,0.0,1/31/2017,2017,1
479,2017-02-01,SARPANG,BT-31,0.58456,0.0049,0.017652,0.001078,0.0,0.366725,0.013656,0.0,0.208014,0.014101,0.053257,0.168338,0.014839,0.0009,0.099975,0.155007,0.0,0.315581,0.0,2/28/2017,2017,2
498,2017-03-01,SARPANG,BT-31,0.541448,0.005051,0.017389,0.001419,0.0,0.379572,0.01391,0.0,0.189614,0.000384,0.064794,0.176165,0.014577,0.00046,0.113878,0.164265,0.0,0.460141,0.0,3/31/2017,2017,3
517,2017-04-01,SARPANG,BT-31,0.576567,0.005714,0.018817,0.001141,0.0,0.387116,0.014423,0.0,0.185469,0.000424,0.059563,0.198854,0.01322,0.00032,0.128804,0.155345,0.0,0.330958,0.0,4/30/2017,2017,4
536,2017-05-01,SARPANG,BT-31,0.592278,0.005187,0.020319,0.001365,0.0,0.435429,0.012676,0.0,0.220699,0.000473,0.052973,0.234679,0.012584,0.00026,0.106296,0.190426,0.0,0.307208,0.0,5/31/2017,2017,5
555,2017-06-01,SARPANG,BT-31,0.707724,0.004783,0.028591,0.001427,0.0,0.552663,0.013774,0.0,0.231098,0.000572,0.056085,0.26842,0.012719,0.00036,0.084757,0.211709,0.0,0.474915,0.0,6/30/2017,2017,6
574,2017-07-01,SARPANG,BT-31,0.771515,0.004205,0.032085,0.001951,0.0,0.418918,0.011946,0.0,0.19617,0.000296,0.053714,0.244334,0.01085,0.00016,0.07052,0.221172,0.0,0.456915,0.0,7/31/2017,2017,7
593,2017-08-01,SARPANG,BT-31,0.735913,0.003929,0.031156,0.001567,0.0,0.533995,0.01221,0.0,0.221824,0.000524,0.063887,0.259204,0.012973,0.0002,0.087129,0.227277,0.0,0.526407,0.0,8/31/2017,2017,8
612,2017-09-01,SARPANG,BT-31,0.706457,0.003909,0.031271,0.003411,0.0,0.410805,0.009771,0.0,0.179116,0.00032,0.047864,0.253781,0.012361,0.00014,0.070612,0.189787,0.0,0.20518,0.0,9/30/2017,2017,9
631,2017-10-01,SARPANG,BT-31,0.747978,0.004338,0.033871,0.002937,0.0,0.492471,0.012257,0.0,0.205992,0.000404,0.059118,0.26273,0.013945,0.00014,0.083135,0.222843,0.0,0.477001,0.0,10/31/2017,2017,10
650,2017-11-01,SARPANG,BT-31,0.708877,0.00517,0.031132,0.002163,0.0,0.414556,0.012572,0.0,0.212223,0.000446,0.067117,0.247987,0.015534,0.00024,0.089918,0.214874,0.0,0.366539,0.0,11/30/2017,2017,11
669,2017-12-01,SARPANG,BT-31,0.645874,0.006793,0.029894,0.004992,0.0,0.375619,0.014625,0.0,0.15893,0.003328,0.058781,0.181328,0.016229,0.0003,0.094138,0.172196,0.0,0.472588,0.0,12/31/2017,2017,12
688,2018-01-01,SARPANG,BT-31,0.673274,0.008094,0.031093,0.004745,0.0,0.382034,0.013096,0.0,0.194015,0.000524,0.072162,0.195947,0.018468,0.0003,0.106451,0.191533,0.0,0.283166,0.0,1/31/2018,2018,1
707,2018-02-01,SARPANG,BT-31,0.735227,0.006115,0.03191,0.005054,0.0,0.350688,0.010276,0.0,0.200748,0.000597,0.058895,0.197625,0.017056,0.00028,0.100124,0.198046,0.0,0.311329,0.0,2/28/2018,2018,2
726,2018-03-01,SARPANG,BT-31,0.621349,0.006017,0.027519,0.004139,0.0,0.330435,0.009961,0.0,0.150789,0.000423,0.058482,0.168752,0.01753,0.00022,0.07939,0.156294,0.0,0.294415,0.0,3/31/2018,2018,3
745,2018-04-01,SARPANG,BT-31,0.688737,0.005536,0.032024,0.003906,0.0,0.426396,0.01102,0.0,0.205634,0.000613,0.06693,0.24632,0.021259,0.0,0.103566,0.230295,0.0,0.31101,0.0,4/30/2018,2018,4
764,2018-05-01,SARPANG,BT-31,0.677955,0.006201,0.031561,0.0047,0.0,0.410923,0.010766,0.0,0.182035,0.000985,0.055367,0.225027,0.016049,0.0002,0.088029,0.231814,0.0,0.343178,0.0,5/31/2018,2018,5
783,2018-06-01,SARPANG,BT-31,0.760194,0.006453,0.038624,0.004828,0.0,0.479323,0.011903,0.0,0.226197,0.000831,0.050207,0.278558,0.01535,0.00036,0.092304,0.278418,0.0,0.434149,0.0,6/30/2018,2018,6
802,2018-07-01,SARPANG,BT-31,0.815855,0.005881,0.040305,0.003772,0.0,0.518073,0.013906,0.0,0.220414,0.00053,0.062359,0.273628,0.01525,0.00052,0.099316,0.280282,0.0,0.419284,0.0,7/31/2018,2018,7
821,2018-08-01,SARPANG,BT-31,0.789986,0.006734,0.039425,0.004672,0.0,0.501671,0.01213,0.0,0.2205,0.000682,0.05041,0.232377,0.012123,0.00026,0.103948,0.383322,0.0,0.401818,0.0,8/31/2018,2018,8
840,2018-09-01,SARPANG,BT-31,0.857138,0.007917,0.043102,0.005492,0.0,0.548196,0.013511,0.0,0.253324,0.000743,0.057724,0.329282,0.017968,0.00046,0.091762,0.397611,0.0,0.158028,0.0,9/30/2018,2018,9
859,2018-10-01,SARPANG,BT-31,0.74328,0.006124,0.036469,0.004845,0.0,0.463759,0.010591,0.0,0.237115,0.000775,0.063909,0.294696,0.018529,0.00034,0.088066,0.350057,0.0,0.312651,0.0,10/31/2018,2018,10
878,2018-11-01,SARPANG,BT-31,0.751326,0.006542,0.036434,0.005603,0.0,0.399396,0.01008,0.0,0.221892,0.000904,0.05987,0.247752,0.018129,0.00032,0.090283,0.316551,0.0,0.287006,0.0,11/30/2018,2018,11
897,2018-12-01,SARPANG,BT-31,0.677481,0.008796,0.033867,0.005793,0.0,0.327733,0.010133,0.0,0.181139,0.000553,0.068144,0.179718,0.015839,0.00022,0.092664,0.261074,0.0,0.476677,0.0,12/31/2018,2018,12
916,2019-01-01,SARPANG,BT-31,0.761565,0.006804,0.037136,0.004971,0.0,0.401936,0.0117,0.0,0.230289,0.000509,0.067716,0.199307963,0.019008,0.00014,0.111981,0.258305,0.0,0.310231,0.0,1/31/2019,2019,1
935,2019-02-01,SARPANG,BT-31,0.789609,0.00756,0.038767,0.004196,0.0,0.409105,0.010842,0.0,0.235075,0.000531,0.069953,0.194161594,0.019829,0.0001,0.108692,0.284863,0.0,0.415063,0.0,2/28/2019,2019,2
954,2019-03-01,SARPANG,BT-31,0.62885,0.004471,0.028341,0.004175,0.0,0.313668,0.00966,0.0,0.171969,0.000607,0.067454,0.159569217,0.012988,0.02176,0.089905,0.220338,0.0,0.47268,0.0,3/31/2019,2019,3
973,2019-04-01,SARPANG,BT-31,0.70698,0.005361,0.034346,0.005225,0.0,0.387205,0.01097,0.0,0.235412,0.000568,0.059726,0.231357024,0.01527,0.02678,0.107711,0.320493,0.0,0.327216,0.0,4/30/2019,2019,4
992,2019-05-01,SARPANG,BT-31,0.796015,0.006411,0.040565,0.00436,0.0,0.423152,0.012202,0.0,0.251598,0.000377,0.047689,0.263734793,0.012189,0.03154,0.089501,0.299811,0.0,0.356685,0.0,5/31/2019,2019,5
1011,2019-06-01,SARPANG,BT-31,0.818155,0.006349,0.041572,0.004493,0.0,0.472585,0.011743,0.0,0.271572,0.000937,0.054494,0.291746199,0.013284,0.03546,0.107169,0.38254,0.0,0.392121,0.0,6/30/2019,2019,6
1030,2019-07-01,SARPANG,BT-31,0.880177,0.007168,0.042831,0.004564,0.0,0.521178,0.012412,0.0,0.292631,0.001124,0.049823,0.291268552,0.015146,0.04236,0.120506,0.356204,0.0,0.15837,0.0,7/31/2019,2019,7
1049,2019-08-01,SARPANG,BT-31,0.848058,0.006339,0.042602,0.005113,0.0,0.490884,0.012412,0.0,0.272867,0.001079,0.066759,0.260039462,0.012279,0.03888,0.115934,0.288978,0.0,0.232681,0.0,8/31/2019,2019,8
1068,2019-09-01,SARPANG,BT-31,0.922575,0.006802,0.046622,0.005992,0.0,0.56845,0.012894,0.0,0.294532,0.009055,0.056466,0.360397429,0.013405,0.04002,0.122081,0.509926,0.0,0.281449,0.0,9/30/2019,2019,9
1087,2019-10-01,SARPANG,BT-31,0.853825,0.006563,0.03982,0.005632,0.0,0.484059,0.010967,0.0,0.270822,0.001073,0.064897,0.295068731,0.014026,0.03484,0.125035,0.332549,0.0,0.42522,0.0,10/31/2019,2019,10
1106,2019-11-01,SARPANG,BT-31,0.775044,0.005651,0.036628,0.004318,0.0,0.435086,0.010104,0.0,0.264144,0.001473,0.056987,0.26307967,0.015088,0.03752,0.121706,0.305315,0.0,0.397095,0.0,11/30/2019,2019,11
1125,2019-12-01,SARPANG,BT-31,0.718624,0.006238,0.034642,0.004815,0.0,0.368559,0.011509,6.8e-05,0.221838,0.001495,0.059122,0.201198908,0.017343,0.02864,0.114533,0.26027,0.0,0.419705,0.0,12/31/2019,2019,12
1144,2020-01-01,SARPANG,BT-31,0.813874,0.012786,0.035372,0.00447,0.0,0.395892,0.012414,0.0,0.236769,0.003712,0.073783,0.185741516,0.023368,0.03198,0.133135,0.25463,0.0,0.389757,0.0,1/31/2020,2020,1
1163,2020-02-01,SARPANG,BT-31,0.763852,0.007276,0.033408,0.003612,0.0,0.406766,0.012371,8.2e-05,0.231697,0.005127,0.067768,0.184816115,0.024956,0.02648,0.12666,0.256841,0.0,0.371909,0.0,2/29/2020,2020,2
1182,2020-03-01,SARPANG,BT-31,0.779071,0.007031,0.034569,0.004287,0.0,0.379757,0.011575,0.0005,0.21583,0.007067,0.072164,0.193204611,0.023203,0.02624,0.107284,0.269488,0.0,0.383555,0.0,3/31/2020,2020,3
1201,2020-04-01,SARPANG,BT-31,0.7797396,0.005243,0.032136,0.004066,0.0,0.465417,0.012504,0.000213,0.207758,0.005397,0.055453,0.189791399,0.020203,0.02572,0.093178,0.309971,0.0,0.066294,0.0,4/30/2020,2020,4
1220,2020-05-01,SARPANG,BT-31,0.838744,0.005813,0.034933,0.004264,0.0,0.48411,0.013721,0.000147,0.203556,0.005417,0.04933,0.211357858,0.02167,0.035,0.091344,0.304306,0.0,0.053662,0.0,5/31/2020,2020,5
1239,2020-06-01,SARPANG,BT-31,0.884621,0.006018,0.037139,0.005535,0.0,0.507238,0.01118,0.000698,0.200166,0.00449,0.052149,0.226780889,0.021369,0.0353,0.094132,0.333728,0.0,0.071656,0.0,6/30/2020,2020,6
1258,2020-07-01,SARPANG,BT-31,0.97339735,0.008798,0.040645,0.005088,0.0,0.570129,0.014476,0.062765,0.181681,0.005431,0.065009,0.25920372,0.024364,0.04162,0.088523,0.380109,0.0,0.178647,0.0,7/31/2020,2020,7
1277,2020-08-01,SARPANG,BT-31,0.92347328,0.00649223,0.03845583,0.00467157,0.0,0.54440015,0.01371328,0.05477302,0.1889066,0.00550846,0.05802649,0.279666402,0.0245083,0.0273,0.08817356,0.364721476,0.0,0.141308,0.0,8/31/2020,2020,8
1296,2020-09-01,SARPANG,BT-31,0.94218784,0.00717993,0.0391718,0.00515353,0.0,0.551139,0.01345666,0.0544724,0.1786991,0.00519896,0.05931526,0.259547253,0.02466937,0.0351178,0.08841122,0.36156877,0.0,0.182666,0.0,9/30/2020,2020,9
1315,2020-10-01,SARPANG,BT-31,1.00875396,0.00714107,0.03921237,0.0036749,0.0,0.59395408,0.0116011,0.05168458,0.15200091,0.00412358,0.05708125,0.385749204,0.02306243,0.0451822,0.06269156,0.39185743,0.0,0.339982,0.0,10/31/2020,2020,10
1334,2020-11-01,SARPANG,BT-31,0.8613719,0.005145,0.035294,0.003894,0.0,0.493608,0.01023496,0.054653,0.192735,0.005014,0.064572,0.318014092,0.031936,0.0306,0.073868,0.345298,0.0,0.476208,0.0,11/30/2020,2020,11
1353,2020-12-01,SARPANG,BT-31,0.75044303,0.00674597,0.02972857,0.00405553,0.0,0.385124,0.01071816,0.038154,0.15834507,0.00443365,0.06880132,0.222676518,0.035335,0.0203,0.05864498,0.26747,0.0,0.09432,0.0,12/31/2020,2020,12
1380,2021-01-01,SARPANG,BT-31,0.85605097,0.01075403,0.03298643,0.00411147,0.0,0.413647,0.01233925,0.037641,0.14820693,0.00476135,0.06347268,0.21083308,0.042257,0.00818,0.06554902,0.268975,0.0,0.055895,0.0,1/31/2021,2021,1
1399,2021-02-01,SARPANG,BT-31,0.760837,0.007499,0.029473,0.003505,0.0,0.410188,0.013104,0.03093,0.129728,0.004403,0.068667,0.19695073,0.041087,0.01942,0.068972,0.239041,0.0,0.320378,0.0,2/28/2021,2021,2
1418,2021-03-01,SARPANG,BT-31,0.682314,0.006898,0.027704,0.003742,0.0,0.382551,0.011091,0.03913,0.138273,0.00443,0.059335,0.18615212,0.039055,0.0179,0.057584,0.259228,0.0,0.452521,0.0,3/31/2021,2021,3
1437,2021-04-01,SARPANG,BT-31,0.823258,0.006417,0.035524,0.006981,0.0,0.473517,0.012747,0.04723,0.171358,0.005373,0.067107,0.24465247,0.043833,0.02434,0.080393,0.329612,0.0,0.34115,0.0,4/30/2021,2021,4
1456,2021-05-01,SARPANG,BT-31,0.83888,0.005475,0.036385,0.004786,0.0,0.509716,0.012952,0.051935,0.192619,0.004401,0.0517,0.28812257,0.041862,0.03208,0.07429,0.398391,0.0,0.334409,0.0,5/31/2021,2021,5
1475,2021-06-01,SARPANG,BT-31,0.894873,0.004981,0.039478,0.005663,0.0,0.55396,0.012835,0.061336,0.199958,0.004918,0.059588,0.30786679,0.043945,0.03288,0.088066,0.411305,0.0,0.465504,0.0,6/30/2021,2021,6
1494,2021-07-01,SARPANG,BT-31,0.995991,0.005892,0.042343,0.004642,0.0,0.602415,0.013637,0.065048,0.211028,0.005899,0.052731,0.36195212,0.055932,0.04154,0.089589,0.410272,0.0,0.439909,0.0,7/31/2021,2021,7
1513,2021-08-01,SARPANG,BT-31,1.012306,0.00622,0.044714,0.004842,0.0,0.658857,0.011752,0.069056,0.226509,0.005658,0.05336,0.34009953,0.051001,0.03794,0.098438,0.437766,0.0,0.470853,0.0,8/31/2021,2021,8
1532,2021-09-01,SARPANG,BT-31,0.945328,0.006513,0.0425,0.004325,0.0,0.572579,0.013373,0.065991,0.210506,0.005388,0.037539,0.33622507,0.052326,0.02684,0.088047,0.418631,0.0,0.405317,0.0,9/30/2021,2021,9
1551,2021-10-01,SARPANG,BT-31,1.046423,0.006723,0.044464,0.004823,0.0,0.669688,0.015063,0.076265,0.247086,0.005177,0.044821,0.38917174,0.063814,0.02676,0.088942,0.455625,0.0,0.471953,0.0,10/31/2021,2021,10
1570,2021-11-01,SARPANG,BT-31,0.830698,0.006028,0.035591,0.005264,0.0,0.51361,0.011344,0.0617,0.211139,0.004025,0.054251,0.31944538,0.055978,0.01854,0.076998,0.36553,0.0,0.450324,0.0,11/30/2021,2021,11
1589,2021-12-01,SARPANG,BT-31,0.805595,0.011866,0.03308,0.005371,0.0,0.423391,0.012091,0.042145,0.169595,0.00507,0.05866,0.23248923,0.055029,0.01862,0.081492,0.292073,0.0,0.285009,0.0,12/31/2021,2021,12
2248,2025-01-01,SARPANG,BT-31,1.148314,0.006214,0.036562,0.009346,0.0,0.65457792,0.017254,0.050204,0.224708,0.0293798,0.024739,0.29617052,0.100623,0.023755,0.086023,0.495665,0.00426,3.6979695,0.0,1/31/2025,2025,1
2267,2025-02-01,SARPANG,BT-31,1.0285,0.00555,0.033743,0.008386,0.0,0.57247108,0.016158,0.042263,0.19795,0.019298,0.022671,0.27850998,0.083674,0.017304,0.067978,0.494663,0.00564,4.594169,0.0,2/28/2025,2025,2
2286,2025-03-01,SARPANG,BT-31,0.948236,0.006178,0.030818,0.007712,0.0,0.596814,0.013724,0.045387,0.204442,0.013161,0.020992,0.27168807,0.084142,0.018942,0.05937,0.471482,0.00516,4.8829915,0.0,3/31/2025,2025,3
2305,2025-04-01,SARPANG,BT-31,1.03053,0.005717,0.034684,0.010149,,0.748751,0.019044,0.060057,0.247393,0.008439,0.021357,0.35824952,0.090631,0.014687,0.082948,0.588134,0.00912,0.136922,13.6972698,4/30/2025,2025,4
2324,2025-05-01,SARPANG,BT-31,1.095318,0.00623,0.039233,0.011298,,0.778924,0.01885,0.057957,0.276955,0.045533,0.019416,0.39606696,0.079888,0.029102,0.090314,0.64759,0.0096,0.131428,17.381561,5/31/2025,2025,5
2343,2025-06-01,SARPANG,BT-31,1.21306285,0.006826,0.043994,0.010072,,0.867389,0.01896,0.056994,0.278363,0.011285,0.018462,0.43388088,0.076442,0.020466,0.119644,0.730987,0.00228,0.1129695,15.147194,6/1/2025,2025,6
2362,2025-07-01,SARPANG,BT-31,1.32644015,0.007061,0.047598,0.01049,,1.100639,0.020488,0.08073,0.34956,0.018122,0.019123,0.51023259,0.076188,0.029693,0.117416,0.768528,0.006,0.1067565,32.508431,7/1/2025,2025,7
2381,2025-08-01,SARPANG,BT-31,1.334786,0.007028,0.047357,0.008993,,1.069208,0.022078,0.080836,0.377432,0.008357,0.01561,0.55755978,0.072606,0.027887,0.109388,0.777063,0.012,0.1489,96.16097,8/1/2025,2025,8
2400,2025-09-01,SARPANG,BT-31,1.32292555,0.00653,0.046772,0.01358,,1.111139,0.026007,0.077799,0.356203,0.010331,0.017621,0.54463215,0.081679,0.019658,0.11603,0.762298,0.00984,0.157686,164.81503,9/1/2025,2025,9
2419,2025-10-01,SARPANG,BT-31,1.27795645,0.006238,0.044806,0.009908,,0.982365,0.021401,0.067545,0.34863,0.010948,0.01566,0.51862958,0.082131,0.03326,0.131845,0.782221,0.01434,0.139907,231.7475,10/1/2025,2025,10
2438,2025-11-01,SARPANG,BT-31,1.107673,0.006357,0.038558,0.011107,,0.854835,0.021868,0.063204,0.310443,0.012964,0.016298,0.47561113,0.089189,0.027253,0.124197,0.640886,0.01548,0.149719,273.31629,11/1/2025,2025,11
2457,2025-12-01,SARPANG,BT-31,0.99942,0.005241,0.034974,0.010204,,0.611802,0.017049,0.05022,0.250846,0.010416,0.015201,0.3545722,0.082234,0.029983,0.110516,0.517825,0.01464,0.1733235,307.18248,12/1/2025,2025,12
13,2015-01-01,THIMPHU,BT-15,0.844122,0.0,0.0,0.0,0.0,9.949586,0.0,0.0,2.529622,0.190695,0.033654,2.407686,0.189442,0.059085,0.958573,2.543131,0.0,0.0,0.0,1/31/2015,2015,1
32,2015-02-01,THIMPHU,BT-15,0.837443,0.0,0.0,0.0,0.0,9.595157,0.0,0.0,2.461984,0.227297,0.028193,2.338369,0.188064,0.057884,0.826605,2.82243,0.0,0.0,0.0,2/28/2015,2015,2
51,2015-03-01,THIMPHU,BT-15,0.709625,0.0,0.0,0.0,0.0,7.531054,0.0,0.0,2.090051,0.154885,0.01001,1.981906,0.160764,0.050258,0.682816,2.244201,0.0,0.0,0.0,3/31/2015,2015,3
70,2015-04-01,THIMPHU,BT-15,0.75594,0.0,0.0,0.0,0.0,7.060311,0.0,0.0,1.970711,0.231846,0.048411,1.972359,0.166821,0.048645,0.814531,2.143555,0.0,0.0,0.0,4/30/2015,2015,4
89,2015-05-01,THIMPHU,BT-15,0.640288,0.0,0.0,0.0,0.0,6.139779,0.0,0.0,1.737169,0.186204,0.016224,1.623318,0.167091,0.040948,0.742181,1.801903,0.0,0.0,0.0,5/31/2015,2015,5
108,2015-06-01,THIMPHU,BT-15,0.588827,0.0,0.0,0.0,0.0,4.888864,0.0,0.0,1.53776,0.202596,0.022535,1.364643,0.141923,0.038499,0.902277,1.340809,0.0,0.0,0.0,6/30/2015,2015,6
127,2015-07-01,THIMPHU,BT-15,0.551358,0.0,0.0,0.0,0.0,4.751805,0.0,0.0,1.332132,0.267726,0.028627,1.232606,0.137592,0.033547,0.665149,1.171423,0.0,0.0,0.0,7/31/2015,2015,7
146,2015-08-01,THIMPHU,BT-15,0.568548,0.0,0.0,0.0,0.0,4.658493,0.0,0.0,1.413821,0.118068,0.026591,1.234488,0.123079,0.033895,0.699749,1.211888,0.0,0.0,0.0,8/31/2015,2015,8
165,2015-09-01,THIMPHU,BT-15,0.546177,0.0,0.0,0.0,0.0,4.755929,0.0,0.0,1.383174,0.223944,0.026668,1.354715,0.125703,0.035414,0.788464,1.218123,0.0,0.0,0.0,9/30/2015,2015,9
184,2015-10-01,THIMPHU,BT-15,0.58853,0.0,0.0,0.0,0.0,4.859631,0.0,0.0,1.472261,0.20549,0.026454,1.315395,0.089546,0.037377,0.821775,1.377907,0.0,0.0,0.0,10/31/2015,2015,10
203,2015-11-01,THIMPHU,BT-15,0.730638,0.0,0.0,0.0,0.0,6.882287,0.0,0.0,1.977886,0.248858,0.028041,1.909745,0.153432,0.047604,1.050482,2.091893,0.0,0.0,0.0,11/30/2015,2015,11
222,2015-12-01,THIMPHU,BT-15,0.884082,0.0,0.0,0.0,0.0,8.575935,0.0,0.0,2.127191,0.196668,0.029975,2.263407,0.116856,0.04783,0.94839,2.700612,0.0,0.0,0.0,12/31/2015,2015,12
241,2016-01-01,THIMPHU,BT-15,1.076188,0.0,0.0,0.0,0.0,11.251985,0.0,0.0,2.691263,0.28528,0.033178,2.607555,0.180453,0.066256,1.086613,2.986477,0.0,0.0,0.0,1/31/2016,2016,1
260,2016-02-01,THIMPHU,BT-15,0.921399,0.0,0.0,0.0,0.0,10.10014,0.0,0.0,2.56498,0.196727,0.025139,2.559291,0.142459,0.051261,0.909544,3.192582,0.0,0.0,0.0,2/29/2016,2016,2
279,2016-03-01,THIMPHU,BT-15,0.807519,0.0,0.0,0.0,0.0,8.272662,0.0,0.0,2.131092,0.237813,0.027162,2.272146,0.161323,0.04807,0.813868,2.536326,0.0,0.0,0.0,3/31/2016,2016,3
298,2016-04-01,THIMPHU,BT-15,0.789558,0.0,0.0,0.0,0.0,7.247451,0.0,0.0,2.102188,0.235305,0.026163,2.189462,0.127624,0.046094,0.897793,2.212195,0.0,0.0,0.0,4/30/2016,2016,4
317,2016-05-01,THIMPHU,BT-15,0.643775,0.0,0.0,0.0,0.0,5.615499,0.0,0.0,1.694785,0.253891,0.025114,1.615482,0.150725,0.039926,0.753905,1.704895,0.0,0.0,0.0,5/31/2016,2016,5
336,2016-06-01,THIMPHU,BT-15,0.631942,0.0,0.0,0.0,0.0,5.302862,0.0,0.0,1.698004,0.224357,0.021226,1.549994,0.139304,0.042648,0.753252,1.5639,0.0,0.0,0.0,6/30/2016,2016,6
355,2016-07-01,THIMPHU,BT-15,0.63405,0.0,0.0,0.0,0.0,4.708191,0.0,0.0,1.527552,0.221358,0.020154,1.33863,0.095631,0.034753,0.613757,1.378857,0.0,0.0,0.0,7/31/2016,2016,7
374,2016-08-01,THIMPHU,BT-15,0.605765,0.0,0.0,0.0,0.0,4.759706,0.0,0.0,1.459085,0.219454,0.024699,1.390672,0.140973,0.033593,0.611447,1.293433,0.0,0.0,0.0,8/31/2016,2016,8
393,2016-09-01,THIMPHU,BT-15,0.643372,0.0,0.0,0.0,0.0,4.848249,0.0,0.0,1.535534,0.234434,0.02581,1.451259,0.130123,0.034835,0.697653,1.311789,0.0,0.0,0.0,9/30/2016,2016,9
412,2016-10-01,THIMPHU,BT-15,0.674916,0.0,0.0,0.0,0.0,5.125117,0.0,0.0,1.620834,0.239485,0.024911,1.489769,0.13309,0.041553,0.67015,1.503425,0.0,0.0,0.0,10/31/2016,2016,10
431,2016-11-01,THIMPHU,BT-15,0.835769,0.0,0.0,0.0,0.0,7.289821,0.0,0.0,2.114174,0.238686,0.020124,1.97623,0.144408,0.038706,0.949176,2.291799,0.0,0.0,0.0,11/30/2016,2016,11
450,2016-12-01,THIMPHU,BT-15,0.98226,0.0,0.0,0.0,0.0,9.1435,0.0,0.0,2.323846,0.23513,0.020074,2.567419,0.14783,0.05057,1.102687,2.64348,0.0,0.0,0.0,12/31/2016,2016,12
469,2017-01-01,THIMPHU,BT-15,1.039984,0.0,0.000547,0.006675,0.0,10.900272,0.0,0.0,2.880689,0.227512,0.020631,2.730392,0.150073,0.060764,1.12797,2.990357,0.0,0.0,0.0,1/31/2017,2017,1
488,2017-02-01,THIMPHU,BT-15,1.012089,0.0,0.0005,0.004951,0.0,10.141711,0.0,0.0,2.722583,0.229792,0.020595,2.680029,0.141484,0.056802,0.88774,2.726992,0.0,0.0,0.0,2/28/2017,2017,2
507,2017-03-01,THIMPHU,BT-15,0.909065,0.0,0.000677,0.003872,0.0,9.14763,0.0,0.0,2.360185,0.256897,0.020145,2.312205,0.124702,0.05532,0.904909,2.596028,0.0,0.0,0.0,3/31/2017,2017,3
526,2017-04-01,THIMPHU,BT-15,0.924368,0.000986,0.006597,0.016251,0.0,7.989274,0.0,0.0,2.660114,0.191752,0.017302,2.362374,0.120926,0.041999,1.056182,2.41991,0.0,0.0,0.0,4/30/2017,2017,4
545,2017-05-01,THIMPHU,BT-15,0.718945,0.000897,0.017833,0.014161,0.0,5.886648,0.0,0.0,2.219922,0.245017,0.019185,1.801486,0.116565,0.045954,0.910861,1.80009,0.0,0.0,0.0,5/31/2017,2017,5
564,2017-06-01,THIMPHU,BT-15,0.679356,0.00284,0.033397,0.015358,0.0,4.929173,0.003029,0.0,2.113025,0.224974,0.021447,1.55852,0.110425,0.036284,0.808092,1.427475,0.0,0.0,0.0,6/30/2017,2017,6
583,2017-07-01,THIMPHU,BT-15,0.626061,0.004487,0.031616,0.013307,0.0,4.423101,0.0,0.0,1.891514,0.233808,0.02125,1.444189,0.102788,0.035731,0.686289,1.294309,0.0,0.0,0.0,7/31/2017,2017,7
602,2017-08-01,THIMPHU,BT-15,0.633526,0.001649,0.029564,0.018585,0.0,4.558456,0.0,0.0,1.885416,0.29828,0.024674,1.481852,0.133574,0.032369,0.743177,1.246119,0.0,0.237627,0.0,8/31/2017,2017,8
621,2017-09-01,THIMPHU,BT-15,0.663465,0.001536,0.030579,0.015027,0.0,4.540162,0.0,0.0,1.891538,0.245938,0.016351,1.510369,0.117199,0.032191,0.747605,1.147439,0.0,0.266169,0.0,9/30/2017,2017,9
640,2017-10-01,THIMPHU,BT-15,0.670571,0.001817,0.030725,0.014659,0.0,4.557575,0.0,0.0,1.965522,0.244445,0.018178,1.515855,0.113505,0.033585,0.760509,1.256817,0.0,0.254774,0.0,10/31/2017,2017,10
659,2017-11-01,THIMPHU,BT-15,0.885729,0.002334,0.041427,0.02394,0.0,7.011107,0.0,0.0,2.565636,0.262279,0.019742,2.175922,0.127586,0.035151,1.20056,2.144446,0.0,0.206051,0.0,11/30/2017,2017,11
678,2017-12-01,THIMPHU,BT-15,1.065974,0.003011,0.049859,0.027688,0.0,9.154972,0.0,0.0,3.154126,0.240868,0.018177,2.710705,0.140715,0.050716,1.445278,2.698076,0.0,0.39031,0.0,12/31/2017,2017,12
697,2018-01-01,THIMPHU,BT-15,1.112391,0.003707,0.051545,0.026642,0.0,10.205972,1e-05,0.0,3.526399,0.238206,0.015833,2.886225,0.142527,0.061572,1.334288,2.894499,0.0,0.342647,0.0,1/31/2018,2018,1
716,2018-02-01,THIMPHU,BT-15,1.116397,0.003161,0.048599,0.029227,0.0,10.224025,0.0,0.0,3.310465,0.256409,0.014937,2.745692,0.148032,0.056701,1.080557,2.789022,0.0,0.231533,0.0,2/28/2018,2018,2
735,2018-03-01,THIMPHU,BT-15,1.048566,0.002063,0.038956,0.025926,0.0,8.398725,1.9e-05,0.0,2.891355,0.200131,0.014859,2.511354,0.127532,0.043845,1.034247,2.299376,0.0,0.319203,0.0,3/31/2018,2018,3
754,2018-04-01,THIMPHU,BT-15,0.987787,0.002104,0.044957,0.023289,0.0,8.093008,0.0,0.0,3.144484,0.24397,0.015806,2.562597,0.135377,0.048613,1.425162,2.248297,0.0,0.308466,0.0,4/30/2018,2018,4
773,2018-05-01,THIMPHU,BT-15,0.866762,0.00185,0.040951,0.025625,0.0,6.461382,0.0,0.0,2.605031,0.196937,0.012813,2.033447,0.131354,0.039222,1.255684,1.748207,0.0,0.276863,0.0,5/31/2018,2018,5
792,2018-06-01,THIMPHU,BT-15,0.781602,0.001883,0.036483,0.020434,0.0,5.340199,0.001386,0.0,2.347315,0.233199,0.014452,1.674738,0.124453,0.03458,1.050916,1.292621,0.0,0.494736,0.0,6/30/2018,2018,6
811,2018-07-01,THIMPHU,BT-15,0.671471,0.001407,0.030426,0.018671,0.0,4.530178,0.00089,0.0,1.971803,0.260783,0.013582,1.394728,0.113069,0.03227,0.909398,0.928487,0.0,0.492939,0.0,7/31/2018,2018,7
830,2018-08-01,THIMPHU,BT-15,0.725296,0.001669,0.030603,0.020789,0.0,4.597717,0.000779,0.0,2.050906,0.289892,0.01395,1.494644,0.114815,0.031964,0.915153,0.963182,0.0,0.473708,0.0,8/31/2018,2018,8
849,2018-09-01,THIMPHU,BT-15,0.731614,0.001419,0.031268,0.01957,0.0,4.660237,0.000842,0.0,2.065558,0.260085,0.019578,1.502691,0.137464,0.033913,0.914528,0.981714,0.0,0.417236,0.0,9/30/2018,2018,9
868,2018-10-01,THIMPHU,BT-15,0.765821,0.001494,0.035964,0.020717,0.0,5.028457,0.000859,0.0,2.136047,0.275451,0.022268,1.559341,0.125538,0.037056,1.096194,1.24821,0.0,0.526923,0.0,10/31/2018,2018,10
887,2018-11-01,THIMPHU,BT-15,1.082757,0.001372,0.042028,0.030227,0.0,7.768727,0.006257,0.0,3.005493,0.263666,0.021859,2.366203,0.146826,0.0475,1.495314,2.050649,0.0,0.547371,0.0,11/30/2018,2018,11
906,2018-12-01,THIMPHU,BT-15,1.214088,0.001108,0.04788,1.038315,0.0,10.352803,0.013446,0.0,3.620316,0.244456,0.022875,2.768951,0.153258,0.058846,1.757616,2.45514,0.0,0.514716,0.0,12/31/2018,2018,12
925,2019-01-01,THIMPHU,BT-15,1.280742,0.001232,0.049693808,0.039383,0.0,11.826338,0.014213,0.0,4.059312253,0.246355,0.024907,3.040552301,0.148854,0.054275,1.665447,3.045087,0.0,0.522535,0.0,1/31/2019,2019,1
944,2019-02-01,THIMPHU,BT-15,1.347621,0.00167,0.046753361,0.041796,0.0,11.75663601,0.011537,0.0,3.96584956,0.302975,0.0213,3.014061902,0.1472,0.059349,1.295402,3.090852,0.0,0.449417,0.0,2/28/2019,2019,2
963,2019-03-01,THIMPHU,BT-15,1.229966,0.001298,0.041776584,0.035937,0.0,9.977462406,0.012507,0.0,3.401377417,0.272099,0.018002,2.912324119,0.129015,0.047967,1.35103,2.434576,0.0,0.58568,0.0,3/31/2019,2019,3
982,2019-04-01,THIMPHU,BT-15,1.09132539,0.001164,0.042717353,0.036875,0.0,8.725182465,0.012548,0.0,3.334846982,0.307824,0.015726,2.652719615,0.144727,0.047211,1.675467,2.251681,0.0,0.491211,0.0,4/30/2019,2019,4
1001,2019-05-01,THIMPHU,BT-15,0.87038,0.001293,0.036306591,0.029822,0.0,6.145593591,0.017987,0.0,2.598779169,0.26261,0.013751,2.033514195,0.136116,0.036987,1.382106,1.579025,0.0,0.395139,0.0,5/31/2019,2019,5
1020,2019-06-01,THIMPHU,BT-15,0.859118,0.001829,0.035184808,0.021613,0.0,5.335378108,0.006587,0.0,2.488279091,0.27358,0.009454,1.7537738,0.128488,0.036695,1.287527,1.324935,0.0,0.479367,0.0,6/30/2019,2019,6
1039,2019-07-01,THIMPHU,BT-15,0.746677,0.002452,0.033173469,0.024952,0.0,4.686480047,0.005163,0.0,2.086610007,0.265768,0.01169,1.46003219,0.122959,0.032394,1.028688,1.345265,0.0,0.534553,0.0,7/31/2019,2019,7
1058,2019-08-01,THIMPHU,BT-15,0.765121,0.002092,0.033114493,0.02733,0.0,4.808957515,0.001659,0.0,2.099217683,0.27872,0.006388,1.512053968,0.138639,0.03176,1.050089,1.194069,0.0,0.620889,0.0,8/31/2019,2019,8
1077,2019-09-01,THIMPHU,BT-15,0.779965,0.001226,0.033760233,0.025127,0.0,4.91468307,0.001627,0.0,2.196001683,0.270005,0.008736,1.704680055,0.146228,0.034285,0.946544,1.234321,0.0,0.475716,0.0,9/30/2019,2019,9
1096,2019-10-01,THIMPHU,BT-15,0.920039,0.000758,0.034345746,0.025353,0.0,5.673266716,0.004319,0.0,2.499436693,0.314779,0.011695,1.720601222,0.170812,0.036116,1.277166,1.462513,0.0,0.578013,0.0,10/31/2019,2019,10
1115,2019-11-01,THIMPHU,BT-15,0.998653,0.000741,0.04180774,0.03416,0.0,7.177174196,0.008343,0.0,2.812670058,0.317977,0.010829,2.24145064,0.158371,0.045135,1.607335,2.253335,0.0,0.623674,0.0,11/30/2019,2019,11
1134,2019-12-01,THIMPHU,BT-15,1.402692,0.000664,0.047654126,0.036556,0.0,10.46581352,0.011009,0.121716,3.22870388,0.269846,0.010925,2.757011588,0.167583,0.049128,1.84384,2.824282,0.0,0.696046,0.0,12/31/2019,2019,12
1153,2020-01-01,THIMPHU,BT-15,1.598667,0.000705,0.054018148,0.050985,0.0,13.43829084,0.018216,0.200396,4.211231123,0.233903,0.013032,3.14554506,0.194104,0.056346,1.686984,3.347959,0.0,0.668693,0.0,1/31/2020,2020,1
1172,2020-02-01,THIMPHU,BT-15,1.63494382,0.000711,0.053944139,0.037748,0.0,13.37341845,0.007753,0.221616,4.005870969,0.255594,0.010494,3.391310419,0.173404,0.058415,1.082757,3.58778,0.0,0.529743,0.0,2/29/2020,2020,2
1191,2020-03-01,THIMPHU,BT-15,1.518051,0.000896,0.045698664,0.041145,0.0,11.62841307,0.009819,0.213339,3.161486017,0.264884,0.009678,2.874057994,0.159358,0.048871,0.949381,2.828662,0.0,0.416269,0.0,3/31/2020,2020,3
1210,2020-04-01,THIMPHU,BT-15,1.434725,0.000876,0.036989951,0.042435,0.0,10.0667753,0.009735,0.144419,2.33912143,0.260719,0.010554,2.290921505,0.162652,0.04828,0.867173,2.539378,0.0,0.267828,0.0,4/30/2020,2020,4
1229,2020-05-01,THIMPHU,BT-15,1.259349,0.000791,0.028952732,0.038537,0.0,8.128291016,0.006143,0.113202,2.097353,0.27138,0.008615,1.834220144,0.148119,0.041336,0.741017,1.822099,0.0,0.22672,0.0,5/31/2020,2020,5
1248,2020-06-01,THIMPHU,BT-15,1.048562,0.000909,0.027823464,0.030655,0.0,6.614218976,0.003524,0.106248,1.737240442,0.245147,0.007349,1.565550173,0.146654,0.040858,0.56635,1.270691,0.0,0.159776,0.0,6/30/2020,2020,6
1267,2020-07-01,THIMPHU,BT-15,0.96496396,0.001675,0.02930443,0.030485,0.0,5.60591418,0.014478,0.112786,1.75721213,0.270667,0.011543,1.448060456,0.144443,0.068925,0.4589266,1.208383,0.0,0.246138,0.0,7/31/2020,2020,7
1286,2020-08-01,THIMPHU,BT-15,1.05456443,0.00125243,0.028797481,0.03282,0.0,6.367479823,0.00774905,0.11978791,1.85832495,0.26816465,0.00891293,1.5469362,0.14281176,0.03145414,0.49597932,1.13336054,0.0,0.148985,0.0,8/31/2020,2020,8
1305,2020-09-01,THIMPHU,BT-15,1.04655093,0.00125883,0.028961204,0.03120049,0.0,6.318069882,0.00867664,0.11728962,1.887718221,0.26356093,0.00908682,1.544970613,0.14573791,0.03574498,0.49306984,1.42714609,0.0,0.161378,0.0,9/30/2020,2020,9
1324,2020-10-01,THIMPHU,BT-15,1.01401408,0.00066174,0.025008201,0.02272055,0.0,4.908249153,0.00248031,0.08264083,1.529634342,0.17900042,0.01139229,1.289242141,0.15185804,0.02761988,0.29579438,1.13654583,0.0,0.223818,0.0,10/31/2020,2020,10
1343,2020-11-01,THIMPHU,BT-15,1.37289847,0.000551,0.04015166,0.042609,0.0,8.08209606,0.012492,0.138383,2.13069504,0.261107,0.01243196,1.95242489,0.17836029,0.035839,0.44563412,2.020265,0.0,0.243073,0.0,11/30/2020,2020,11
1362,2020-12-01,THIMPHU,BT-15,1.51092167,0.00070931,0.040900544,0.03808542,0.0,11.30652811,0.00824505,0.17240189,2.762184421,0.25551635,0.0147976,2.732373144,0.1647855,0.03844942,0.66972396,1.78942402,0.0,0.200143,0.0,12/31/2020,2020,12
1381,2021-01-01,THIMPHU,BT-15,1.69598489,0.00074736,0.04223032,0.04781842,0.0,13.20943333,0.00993523,0.12305443,2.4882835,0.18308594,0.01626764,2.69614211,0.16855567,0.03608657,0.60314115,2.00226952,0.0,0.153281,0.0,1/31/2021,2021,1
1400,2021-02-01,THIMPHU,BT-15,2.67015063,0.00178833,0.05470691,0.07917762,0.0,19.1699536,0.01105072,0.13323878,3.11730647,0.23091571,0.01847576,3.28147014,0.17518584,0.06971701,0.94733559,4.38781546,0.0,1.348337,0.0,2/28/2021,2021,2
1419,2021-03-01,THIMPHU,BT-15,1.8548327,0.000811,0.05341936,0.04736,0.0,13.37726593,0.008312,0.192377,3.22280753,0.28282,0.008457,3.14298737,0.156958,0.042106,0.60685647,2.502076,0.0,2.216141,0.0,3/31/2021,2021,3
1438,2021-04-01,THIMPHU,BT-15,1.30667929,0.000124,0.03623678,0.04383,0.0,9.94763738,0.006454,0.154779,2.50518129,0.185446,0.005239,2.34107455,0.15395177,0.03349,0.438036,1.904774,0.0,2.717927,0.0,4/30/2021,2021,4
1457,2021-05-01,THIMPHU,BT-15,1.284064,0.000821,0.03698292,0.034994,0.0,8.43963582,0.010549,0.163768,2.44961004,0.243645,0.005992,2.17336295,0.145265,0.028444,0.394369,1.603461,0.0,0.901878,0.0,5/31/2021,2021,5
1476,2021-06-01,THIMPHU,BT-15,1.053016,0.001,0.03314633,0.028112,0.0,6.66725895,0.003126,0.128399,2.04816057,0.284665,0.004351,1.71229422,0.141335,0.034878,0.379245,1.114035,0.0,0.840434,26.7794,6/30/2021,2021,6
1495,2021-07-01,THIMPHU,BT-15,1.02164881,0.000875,0.03162151,0.023293,0.0,5.72427196,0.009937,0.127761,2.09061052,0.290936,0.003999,1.44118749,0.133957,0.029545,0.259012,0.907495,0.0,0.577558,33.4126,7/31/2021,2021,7
1514,2021-08-01,THIMPHU,BT-15,0.98334,0.000811,0.03061434,0.021635,0.0,5.73983033,0.007217,0.127369,2.0589309,0.248365,0.004257,1.46446587,0.138879,0.028954,0.315654,1.167982,0.0,0.689772,41.676325,8/31/2021,2021,8
1533,2021-09-01,THIMPHU,BT-15,1.056901,0.000626,0.0336417,0.023482,0.0,5.95801129,0.007147,0.133915,2.12785356,0.319516,0.008038,1.5385939,0.154615,0.031251,0.28632,0.987835,0.0,0.681109,52.886973,9/30/2021,2021,9
1552,2021-10-01,THIMPHU,BT-15,1.128915,0.000818,0.03297376,0.025304,0.0,6.30149341,0.005923,0.129478,2.13387884,0.336258,0.008441,1.5994928,0.16016,0.029902,0.29012,1.16807,0.0,0.795183,55.937582,10/31/2021,2021,10
1571,2021-11-01,THIMPHU,BT-15,1.587137,0.001284,0.03947062,0.036132,0.0,9.22049463,0.00737,0.154397,2.6616391,0.275541,0.01106,2.21788225,0.162209,0.03632,0.408985,1.789836,0.0,0.798931,55.50849,11/30/2021,2021,11
1590,2021-12-01,THIMPHU,BT-15,2.032244,0.001026,0.04908321,0.047806,0.0,13.39489538,0.010778,0.180416,3.3130332,0.292103,0.009982,3.08517497,0.168029,0.039789,0.59423,2.8118714,0.0,0.961213,58.676542,12/31/2021,2021,12
1608,2022-01-01,THIMPHU,BT-15,2.442186,0.002035,0.056868494,0.049131,0.0,17.59891953,0.00955,0.236624,3.891397282,0.256368,0.011529,3.131632968,0.181403,0.052508,0.811849,3.1615526,0.0,0.782764,58.404785,1/31/2022,2022,1
1626,2022-02-01,THIMPHU,BT-15,2.63068882,0.001473,0.045752409,0.060964,0.0,18.50435492,0.008546,0.161483,3.147459821,0.237513,0.009819,3.218149299,0.159264,0.039277,0.856956,3.184438,0.0,1.12114,48.645867,2/28/2022,2022,2
1644,2022-03-01,THIMPHU,BT-15,2.14024835,0.001371,0.036341164,0.047964,0.0,14.21566316,0.010563,0.125238,2.594371602,0.227639,0.00791,2.540636087,0.147047,0.0439,0.696655,2.4791282,0.0,0.480336,58.098613,3/31/2022,2022,3
1662,2022-04-01,THIMPHU,BT-15,1.49441462,0.001836,0.033254219,0.046459,0.0,9.834385357,0.007461,0.142534,3.039141977,0.251529,0.009594,2.14436003,0.154377,0.034026,0.515955,2.116772,0.0,0.563704,54.96005,4/30/2022,2022,4
1680,2022-05-01,THIMPHU,BT-15,1.40406689,0.000985,0.034481724,0.03082,0.0,7.487601681,0.006916,0.153939,2.452483519,0.177798,0.00921,1.839598184,0.148371,0.033159,0.529066,1.4505728,0.0,0.618499,57.2513,5/31/2022,2022,5
1698,2022-06-01,THIMPHU,BT-15,1.24798878,0.002196,0.036745845,0.035693,0.032132,7.095706128,0.003812,0.155823,2.704920667,0.304913,0.007948,1.742952154,0.141213,0.031655,0.538049,1.395756,0.0,0.561829,54.21605,6/30/2022,2022,6
1716,2022-07-01,THIMPHU,BT-15,1.19174479,0.002134,0.033164,0.029067,0.004752,6.428295259,0.00805,0.15958776,2.278304611,0.326061,0.00877,1.656498802,0.133942,0.02724,0.410531,1.10002,0.0,0.6293,55.7172,7/31/2022,2022,7
1734,2022-08-01,THIMPHU,BT-15,1.19041457,0.001891,0.03378263,0.03102,0.0,6.408376206,0.005032,0.16168224,2.363168604,0.303122,0.00831,1.59836631,0.144822,0.02758,0.42465,1.149722,0.0,0.686218,56.19455,8/31/2022,2022,8
1752,2022-09-01,THIMPHU,BT-15,1.28457172,0.001798,0.036338408,0.031281,0.0,6.747623132,0.006103,0.171465,2.495517708,0.358867,0.009965,1.737110321,0.148373,0.031066,0.420753,1.196111,0.0,0.58804,53.48505,9/30/2022,2022,9
1770,2022-10-01,THIMPHU,BT-15,1.352796,0.001441,0.035167576,0.030226,0.002996,6.920753721,0.004391,0.150763,2.376283618,0.294102,0.008308,1.673695311,0.147458,0.029814,0.622291,1.327103,0.0,0.79756,56.86615,10/31/2022,2022,10
1788,2022-11-01,THIMPHU,BT-15,2.0157989,0.001848,0.04505249,0.046781,0.001277,11.9200921,0.005507,0.212664,3.122923904,0.310907,0.012826,2.784418235,0.169709,0.033416,0.819129,2.291365,0.0,0.980945,54.515,11/30/2022,2022,11
1806,2022-12-01,THIMPHU,BT-15,2.39245411,0.002765,0.05483482,0.054851,0.002211,15.44920337,0.006713,0.250699,3.671044415,0.271937,0.014774,3.31358495,0.164146,0.038344,0.975589,2.798591,0.0,1.050965,56.25085,12/31/2022,2022,12
1824,2023-01-01,THIMPHU,BT-15,2.59966769,0.001457,0.056092012,0.056889,0.002033,17.62922246,0.008679,0.275883,4.200754929,0.288912,0.014405,3.729478205,0.161716,0.040688,1.124909,3.244472,0.048421,0.956935,53.67415,1/31/2023,2023,1
1842,2023-02-01,THIMPHU,BT-15,2.4699581,0.001403,0.05782257,0.060454,0.002934,16.93205548,0.0064,0.285431,4.067615979,0.284482,0.011747,3.62993773,0.172717,0.039944,0.986044,3.222619,0.058795,0.80402,50.051381,2/28/2023,2023,2
1860,2023-03-01,THIMPHU,BT-15,2.08554158,0.001621,0.04384511,0.04865,0.003411,13.83697683,0.007311,0.213349,3.4320979,0.242525,0.009042,3.05652459,0.148493,0.038898,0.723957,0.05357,0.05357,0.81591,72.336776,3/31/2023,2023,3
1878,2023-04-01,THIMPHU,BT-15,2.16631132,0.002156,0.048049,0.057519,0.002554,13.59670422,0.009632,0.232849,3.60422069,0.358941,0.009468,3.169386246,0.164282,0.03409399,0.79441,2.656031,0.057834,0.75585,138.779725,4/30/2023,2023,4
1896,2023-05-01,THIMPHU,BT-15,1.76348917,0.002015,0.036207,0.0517,0.000849,9.707330489,0.006516,0.184488,2.950399419,0.298172,0.006024,2.289506453,0.148067,0.02795998,0.640636,1.917086,0.062801,0.81582,151.11643,5/31/2023,2023,5
1914,2023-06-01,THIMPHU,BT-15,1.50647143,0.00175,0.035363,0.04224,0.002027,8.21393107,0.007105,0.183906,2.8266732,0.343898,0.004522,2.0917521,0.147759,0.02625998,0.532739,1.606844,0.070602,0.796743,158.48045,6/30/2023,2023,6
1932,2023-07-01,THIMPHU,BT-15,1.25377773,0.002102,0.03091,0.035535,0.000778,6.54297939,0.00447,0.153409,2.45001686,0.341404,0.003901,1.69602347,0.13646,0.02153798,0.378844,1.269189,0.067653,0.723401,166.175169,7/31/2023,2023,7
1950,2023-08-01,THIMPHU,BT-15,1.2986436,0.00232,0.036851,0.033665,0.000411,6.81959356,0.003644,0.160491,2.61220074,0.356568,0.003801,1.79360204,0.143806,0.02325198,0.376161,1.2645,0.058166,0.741363,169.538951,8/31/2023,2023,8
1968,2023-09-01,THIMPHU,BT-15,1.0555938,0.001907,0.027861,0.026911,0.000508,6.265572981,0.004103,0.15098572,2.41928244,0.264383,0.003283,1.7926796,0.142892,0.02110598,0.338032,1.26073,0.066132,0.766017,162.719862,9/30/2023,2023,9
1986,2023-10-01,THIMPHU,BT-15,1.42353247,0.001651,0.039152,0.041268,0.001367,7.288375864,0.004119,0.17284428,2.6787555,0.339979,0.004616,1.9051527,0.150727,0.02555197,0.456254,1.3770955,0.061068,0.895005,179.331038,10/31/2023,2023,10
2004,2023-11-01,THIMPHU,BT-15,2.10625986,0.002654,0.043039,0.054936,0.001383,11.50529809,0.004849,0.19545,3.2811837,0.407684,0.004281,2.856582653,0.162977,0.03029298,0.639596,2.299534,0.0641741,0.902892,171.98475,11/30/2023,2023,11
2022,2023-12-01,THIMPHU,BT-15,2.64007919,0.003061,0.049994,0.071615,0.000818,15.84815014,0.004593,0.232768,3.9796946,0.296053,0.006338,3.65553992,0.170842,0.03494798,0.796384,2.9505481,0.0568221,0.99158,174.300541,12/31/2023,2023,12
2040,2024-01-01,THIMPHU,BT-15,2.97603602,0.002393,0.055803,0.076121,0.001534,18.39369669,0.005989,0.274465,4.6455758,0.232665,0.007101,3.663138888,0.189298,0.030943975,0.841352,3.2279685,0.0470468,0.915496,172.688935,1/31/2024,2024,1
2058,2024-02-01,THIMPHU,BT-15,2.85436349,0.001918,0.05513,0.083215,0.001776,18.57191939,0.007166,0.263011,4.55759981,0.369185,0.007576,3.6456951,0.18817,0.04360198,0.76437,3.2700898,0.044443,0.858952,172.683343,2/29/2024,2024,2
2076,2024-03-01,THIMPHU,BT-15,2.60932441,0.00137,0.048258,0.073867,0.00139,16.46605231,0.009614,0.253851,4.12308339,0.271165,0.005171,3.528176684,0.169659,0.03368397,0.692801,2.9908259,0.041111,0.93416,188.722335,3/31/2024,2024,3
2094,2024-04-01,THIMPHU,BT-15,2.46524282,0.002962,0.049147,0.071271,0.0,13.64248121,0.006565,0.222442,3.95608661,0.317951,0.005773,3.1271628,0.169491,0.02884998,0.668732,2.9847573,0.039423,0.823794,176.681839,4/30/2024,2024,4
2112,2024-05-01,THIMPHU,BT-15,1.99860075,0.003651,0.036698,0.057252,0.00404,10.1780017,0.003896,0.193109,3.29920622,0.240546,0.004295,2.51708227,0.166584,0.02685998,0.565905,2.0155139,0.037905,0.899405,179.388675,5/31/2024,2024,5
2130,2024-06-01,THIMPHU,BT-15,1.67450658,0.003129,0.036251,0.048399,0.001344,8.122978879,0.006661,0.189824,3.10177697,0.373616,0.004529,2.15915411,0.152554,0.02373999,0.493649,1.6889543,0.042783,0.812142,176.072684,6/30/2024,2024,6
2148,2024-07-01,THIMPHU,BT-15,1.40491273,0.00321,0.035063,0.039474,0.000899,6.85840461,0.003835,0.16335278,2.79768792,0.349204,0.006403,1.99364318,0.146754,0.02431897,0.386935,1.453912,0.041085,0.812662,190.303296,7/31/2024,2024,7
2166,2024-08-01,THIMPHU,BT-15,1.29638014,0.002177,0.03196,0.04052,0.0,6.89386428,0.004045,0.16888322,2.82440218,0.341184,0.00493,1.96186987,0.149733,0.02307898,0.416306,1.4416278,0.04085,0.790859,190.896454,8/31/2024,2024,8
2184,2024-09-01,THIMPHU,BT-15,1.47795238,0.002095,0.03585,0.040649,0.007067,7.03931928,0.004982,0.17229,2.88819711,0.317563,0.007019,2.02304264,0.155046,0.02618698,0.374354,1.4900188,0.101059,0.784129,181.662342,9/30/2024,2024,9
2202,2024-10-01,THIMPHU,BT-15,1.47721326,0.00218412,0.03412526,0.03959037,0.001416,7.29490298,0.003691,0.17232391,2.92578336,0.401778,0.005786,2.03963435,0.161187,0.02439198,0.45299912,1.5241372,0.079991,0.814588,191.351716,10/31/2024,2024,10
2220,2024-11-01,THIMPHU,BT-15,2.00061655,0.00213788,0.04041474,0.05527463,0.000786,10.20193591,0.01241,0.19190409,3.36764634,0.291395,0.00713,2.77990344,0.171291,0.02825798,0.58205488,2.1862128,0.087679,0.90533,187.688825,11/30/2024,2024,11
2238,2024-12-01,THIMPHU,BT-15,2.92223329,0.003204,0.053531,0.072766,0.001368,16.66709142,0.011721,0.23373543,4.39306692,0.368642,0.011954,3.73709924,0.172681,0.03393198,0.841851,3.0496293,0.085582,1.041461,194.532697,12/31/2024,2024,12
2257,2025-01-01,THIMPHU,BT-15,3.13786143,0.003467,0.047369,0.07881,0.000631,19.79241294,0.013108,0.27776257,4.89525495,0.289103,0.012348,3.76003184,0.180697,0.03165598,0.862313,3.8595267,0.094015,0.519673,193.150065,1/31/2025,2025,1
2276,2025-02-01,THIMPHU,BT-15,3.37756646,0.004599,0.072979,0.079891,0.001785,19.1651165,0.011757,0.274671,4.90504882,0.328149,0.012599,3.862380762,0.171988,0.04548398,0.820988,3.6354448,0.086137,0.834466,175.349871,2/28/2025,2025,2
2295,2025-03-01,THIMPHU,BT-15,2.88994112,0.003763,0.050858,0.071382,0.005856,16.92395325,0.007432,0.237247,4.3794048,0.282264,0.008211,3.77777008,0.177418,0.03403398,0.660347,3.3306566,0.089365,0.924347,191.633176,3/31/2025,2025,3
2314,2025-04-01,THIMPHU,BT-15,2.53676473,0.003061,0.047937,0.062625,0.006436,14.15290686,0.009521,0.237813,4.1409126,0.192826,0.008823,3.52052926,0.172002,0.03379497,0.733127,3.0171964,0.088046,0.867746,182.218893,4/30/2025,2025,4
2333,2025-05-01,THIMPHU,BT-15,2.15715753,0.00282,0.042974,0.057726,0.006874,11.32251185,0.009716,0.20101,3.678386,0.23674,0.007047,2.8623636,0.166545,0.02887297,0.614178,2.3538922,0.098518,0.905815,189.364783,5/31/2025,2025,5
2352,2025-06-01,THIMPHU,BT-15,1.87624509,0.003307,0.040803,0.047634,0.004953,9.11218337,0.00828,0.185009,3.338102,0.353634,0.006562,2.5036693,0.15107,0.02420998,0.538944,1.9281266,0.103216,0.764392,179.692982,6/1/2025,2025,6
2371,2025-07-01,THIMPHU,BT-15,1.55243592,0.003563,0.035751,0.039762,0.003576,7.57592843,0.006427,0.169072,3.0639348,0.31059,0.007283,2.07930079,0.154879,0.02407798,0.454271,1.5720021,0.10273,0.787904,183.058199,7/1/2025,2025,7
2390,2025-08-01,THIMPHU,BT-15,1.59131055,0.002829,0.036842,0.041396,0.002317,7.51635346,0.006867,0.173656,3.113445,0.36431,0.004317,2.09887152,0.149069,0.02565398,0.43643,1.565959,0.109783,0.707754,180.269059,8/1/2025,2025,8
2409,2025-09-01,THIMPHU,BT-15,1.66136505,0.00348,0.037466,0.041225,0.002882,7.74133122,0.008657,0.180936,3.2302462,0.414744,0.006331,2.25893584,0.170134,0.02674898,0.467062,1.6734076,0.110625,0.771458,160.733414,9/1/2025,2025,9
2428,2025-10-01,THIMPHU,BT-15,1.76066356,0.002718,0.037772,0.040012,0.002837,8.37756663,0.008532,0.180089,3.3692234,0.322936,0.007191,2.4504284,0.166287,0.02612298,0.495162,1.7258743,0.110169,0.863492,171.730726,10/1/2025,2025,10
2447,2025-11-01,THIMPHU,BT-15,2.52815265,0.002345,0.042312,0.051307,0.003891,12.93492591,0.010304,0.21044,4.14348012,0.412098,0.008219,3.11400084,0.176169,0.03586395,0.71341,2.4408102,0.13937,0.915122,166.807969,11/1/2025,2025,11
2466,2025-12-01,THIMPHU,BT-15,3.21749524,0.003093,0.05395,0.075818,0.003298,18.0149672,0.012266,0.2501,5.06518088,0.323664,0.013931,3.85423262,0.179156,0.03711298,0.919615,3.2196894,0.12035,0.982544,168.911701,12/1/2025,2025,12
15,2015-01-01,TRASHIGANG,BT-41,0.566489,0.0,0.0,0.0,0.0,0.248072,0.0,0.0,0.096032,0.004049,0.002922,0.209887,0.010327,0.002952,0.02351,0.096881,0.0,0.0,0.0,1/31/2015,2015,1
34,2015-02-01,TRASHIGANG,BT-41,0.548204,0.0,0.0,0.0,0.0,0.23979,0.0,0.0,0.091762,0.003635,0.003477,0.210839,0.007336,0.003024,0.015125,0.088358,0.0,0.0,0.0,2/28/2015,2015,2
53,2015-03-01,TRASHIGANG,BT-41,0.602419,0.0,0.0,0.0,0.0,0.214336,0.0,0.0,0.077343,0.003224,0.003481,0.210805,0.008127,0.002736,0.014259,0.111906,0.0,0.0,0.0,3/31/2015,2015,3
72,2015-04-01,TRASHIGANG,BT-41,0.572202,0.0,0.0,0.0,0.0,0.257197,0.0,0.0,0.08614,0.005127,0.002728,0.261986,0.006392,0.002772,0.01601,0.156499,0.0,0.0,0.0,4/30/2015,2015,4
91,2015-05-01,TRASHIGANG,BT-41,0.519744,0.0,0.0,0.0,0.0,0.234301,0.0,0.0,0.075561,0.004859,0.00234,0.22607,0.004133,0.00264,0.01614,0.141432,0.0,0.0,0.0,5/31/2015,2015,5
110,2015-06-01,TRASHIGANG,BT-41,0.522497,0.0,0.0,0.0,0.0,0.221837,0.0,0.0,0.084882,0.004036,0.00243,0.204691,0.007132,0.00276,0.014718,0.1241,0.0,0.0,0.0,6/30/2015,2015,6
129,2015-07-01,TRASHIGANG,BT-41,0.531073,0.0,0.0,0.0,0.0,0.218916,0.0,0.0,0.076918,0.003264,0.002587,0.18989,0.008485,0.002076,0.016689,0.109419,0.0,0.0,0.0,7/31/2015,2015,7
148,2015-08-01,TRASHIGANG,BT-41,0.552135,0.0,0.0,0.0,0.0,0.21898,0.0,0.0,0.074445,0.003145,0.002325,0.206055,0.005876,0.002148,0.019427,0.113369,0.0,0.0,0.0,8/31/2015,2015,8
167,2015-09-01,TRASHIGANG,BT-41,0.566498,0.0,0.0,0.0,0.0,0.248045,0.0,0.0,0.080039,0.003997,0.003057,0.233088,0.007034,0.002472,0.017414,0.118893,0.0,0.0,0.0,9/30/2015,2015,9
186,2015-10-01,TRASHIGANG,BT-41,0.531555,0.0,0.0,0.0,0.0,0.220866,0.0,0.0,0.079479,0.00355,0.00257,0.202732,0.006815,0.0024,0.016092,0.116681,0.0,0.0,0.0,10/31/2015,2015,10
205,2015-11-01,TRASHIGANG,BT-41,0.576276,0.0,0.0,0.0,0.0,0.257029,0.0,0.0,0.105007,0.003325,0.002203,0.233414,0.008721,0.002292,0.018277,0.127575,0.0,0.0,0.0,11/30/2015,2015,11
224,2015-12-01,TRASHIGANG,BT-41,0.632023,0.0,0.0,0.0,0.0,0.280979,0.0,0.0,0.093233,0.003467,0.004252,0.270909,0.009635,0.003516,0.017269,0.144089,0.0,0.0,0.0,12/31/2015,2015,12
243,2016-01-01,TRASHIGANG,BT-41,0.629774,0.0,0.0,0.0,0.0,0.303542,0.0,0.0,0.116831,0.005309,0.003553,0.240133,0.009835,0.002748,0.034599,0.129766,0.0,0.0,0.0,1/31/2016,2016,1
262,2016-02-01,TRASHIGANG,BT-41,0.631857,0.0,0.0,0.0,0.0,0.279065,0.0,0.0,0.099378,0.004651,0.003083,0.232134,0.008588,0.003072,0.035424,0.119626,0.0,0.0,0.0,2/29/2016,2016,2
281,2016-03-01,TRASHIGANG,BT-41,0.535601,0.0,0.0,0.0,0.0,0.242918,0.0,0.0,0.084493,0.003249,0.003322,0.238144,0.007107,0.002256,0.027699,0.125229,0.0,0.0,0.0,3/31/2016,2016,3
300,2016-04-01,TRASHIGANG,BT-41,0.54986,0.0,0.0,0.0,0.0,0.258165,0.0,0.0,0.08738,0.00426,0.003185,0.232639,0.010011,0.00264,0.023074,0.136033,0.0,0.0,0.0,4/30/2016,2016,4
319,2016-05-01,TRASHIGANG,BT-41,0.496126,0.0,0.0,0.0,0.0,0.237353,0.0,0.0,0.075876,0.004994,0.00304,0.225834,0.01005,0.002988,0.022673,0.13122,0.0,0.0,0.0,5/31/2016,2016,5
338,2016-06-01,TRASHIGANG,BT-41,0.536948,0.0,0.0,0.0,0.0,0.215866,0.0,0.0,0.077146,0.004969,0.002902,0.294779,0.007193,0.002412,0.022761,0.123239,0.0,0.0,0.0,6/30/2016,2016,6
357,2016-07-01,TRASHIGANG,BT-41,0.573165,0.0,0.0,0.0,0.0,0.231662,0.0,0.0,0.11337,0.004514,0.003017,0.207173,0.008469,0.002496,0.026977,0.104953,0.0,0.0,0.0,7/31/2016,2016,7
376,2016-08-01,TRASHIGANG,BT-41,0.546317,0.0,0.0,0.0,0.0,0.220705,0.0,0.0,0.078388,0.00725,0.002973,0.208893,0.00675,0.003096,0.025911,0.113545,0.0,0.0,0.0,8/31/2016,2016,8
395,2016-09-01,TRASHIGANG,BT-41,0.558493,0.0,0.0,0.0,0.0,0.242229,0.0,0.0,0.087998,0.005617,0.003312,0.324329,0.009631,0.002644,0.031223,0.122001,0.0,0.0,0.0,9/30/2016,2016,9
414,2016-10-01,TRASHIGANG,BT-41,0.559868,0.0,0.0,0.0,0.0,0.227883,0.0,0.0,0.086585,0.005054,0.002518,0.230902,0.008584,0.003012,0.030213,0.115886,0.0,0.0,0.0,10/31/2016,2016,10
433,2016-11-01,TRASHIGANG,BT-41,0.592359,0.0,0.0,0.0,0.0,0.255624,0.0,0.0,0.094795,0.005684,0.003673,0.250168,0.010264,0.003048,0.027529,0.124784,0.0,0.0,0.0,11/30/2016,2016,11
452,2016-12-01,TRASHIGANG,BT-41,0.637471,0.0,0.0,0.0,0.0,0.295159,0.0,0.0,0.120373,0.006977,0.004696,0.285235,0.008537,0.002988,0.037622,0.165386,0.0,0.0,0.0,12/31/2016,2016,12
471,2017-01-01,TRASHIGANG,BT-41,0.60332,0.004538,0.006841,0.012111,0.0,0.254205,0.035593,0.0,0.101445,0.007735,0.003789,0.221625,0.011585,0.002722,0.039298,0.116396,0.0,0.0,0.0,1/31/2017,2017,1
490,2017-02-01,TRASHIGANG,BT-41,0.576917,0.004233,0.005335,0.009554,0.0,0.250661,0.021491,0.0,0.09604,0.008609,0.003581,0.217085,0.011324,0.003276,0.039747,0.111332,0.0,0.0,0.0,2/28/2017,2017,2
509,2017-03-01,TRASHIGANG,BT-41,0.549249,0.003265,0.005755,0.008855,0.0,0.242693,0.044326,0.0,0.096928,0.008263,0.003079,0.238901,0.008008,0.002316,0.036461,0.139468,0.0,0.0,0.0,3/31/2017,2017,3
528,2017-04-01,TRASHIGANG,BT-41,0.57187,0.002654,0.005524,0.008541,0.0,0.280534,0.031442,0.0,0.099596,0.00757,0.003611,0.262267,0.010089,0.002802,0.033127,0.152051,0.0,0.0,0.0,4/30/2017,2017,4
547,2017-05-01,TRASHIGANG,BT-41,0.530877,0.003825,0.007352,0.02624,0.0,0.229681,0.022516,0.0,0.103513,0.004919,0.002903,0.23707,0.009146,0.003258,0.033832,0.131139,0.0,0.0,0.0,5/31/2017,2017,5
566,2017-06-01,TRASHIGANG,BT-41,0.542518,0.002483,0.011183,0.023753,0.0,0.200771,0.025294,0.0,0.101324,0.004028,0.003418,0.214902,0.008076,0.002112,0.031416,0.118175,0.0,0.0,0.0,6/30/2017,2017,6
585,2017-07-01,TRASHIGANG,BT-41,0.586359,0.002928,0.011449,0.022747,0.0,0.192453,0.022851,0.0,0.1059,0.004359,0.003106,0.173713,0.008963,0.002304,0.029342,0.120273,0.0,0.0,0.0,7/31/2017,2017,7
604,2017-08-01,TRASHIGANG,BT-41,0.604934,0.003527,0.011748,0.025387,0.0,0.191542,0.02483,0.0,0.096822,0.004851,0.00377,0.1625,0.008388,0.002928,0.025674,0.156079,0.0,0.0,0.0,8/31/2017,2017,8
623,2017-09-01,TRASHIGANG,BT-41,0.610103,0.003365,0.0111,0.021492,0.0,0.200171,0.021861,0.0,0.099653,0.005039,0.005007,0.18766,0.009693,0.00244,0.026182,0.186584,0.0,0.0,0.0,9/30/2017,2017,9
642,2017-10-01,TRASHIGANG,BT-41,0.61292,0.002913,0.014163,0.019259,0.0,0.187464,0.02258,0.0,0.089511,0.004761,0.008461,0.169887,0.011015,0.002581,0.02206,0.163439,0.0,0.0,0.0,10/31/2017,2017,10
661,2017-11-01,TRASHIGANG,BT-41,0.637401,0.005187,0.015907,0.033265,0.0,0.200001,0.029152,0.0,0.094126,0.005115,0.00998,0.232435,0.011835,0.002484,0.023986,0.195386,0.0,0.0,0.0,11/30/2017,2017,11
680,2017-12-01,TRASHIGANG,BT-41,0.650626,0.005122,0.015547,0.028225,0.0,0.221141,0.025223,0.0,0.095064,0.005934,0.010036,0.245285,0.014368,0.002695,0.031036,0.214418,0.0,0.0,0.0,12/31/2017,2017,12
699,2018-01-01,TRASHIGANG,BT-41,0.678653,0.004535,0.018635,0.031917,0.0,0.209816,0.026797,0.0,0.099093,0.005812,0.014419,0.162901,0.009917,0.003125,0.03386,0.182333,0.0,0.0,0.0,1/31/2018,2018,1
718,2018-02-01,TRASHIGANG,BT-41,0.724427,0.004973,0.018856,0.030467,0.0,0.214885,0.032286,0.0,0.085737,0.006031,0.014033,0.193906,0.013679,0.002993,0.032685,0.1874,0.0,0.0,0.0,2/28/2018,2018,2
737,2018-03-01,TRASHIGANG,BT-41,0.657981,0.003062,0.01681,0.033755,0.0,0.203823,0.02771,0.0,0.089628,0.005709,0.010518,0.22849,0.011999,0.002599,0.025351,0.199014,0.0,0.0,0.0,3/31/2018,2018,3
756,2018-04-01,TRASHIGANG,BT-41,0.635524,0.003472,0.015836,0.027212,0.0,0.202307,0.023411,0.0,0.088617,0.007259,0.004289,0.224119,0.014398,0.003175,0.025969,0.194054,0.0,0.0,0.0,4/30/2018,2018,4
775,2018-05-01,TRASHIGANG,BT-41,0.616341,0.004577,0.014826,0.027198,0.0,0.181104,0.025086,0.0,0.084851,0.006468,0.003939,0.200199,0.009076,0.004646,0.021188,0.176211,0.0,0.0,0.0,5/31/2018,2018,5
794,2018-06-01,TRASHIGANG,BT-41,0.59667,0.003813,0.014826,0.028417,0.0,0.187832,0.028102,0.0,0.087206,0.007933,0.003987,0.19938,0.010366,0.002374,0.022978,0.175875,0.0,0.0,0.0,6/30/2018,2018,6
813,2018-07-01,TRASHIGANG,BT-41,0.589474,0.003079,0.01475,0.024755,0.0,0.178533,0.022514,0.0,0.087266,0.005766,0.004009,0.168262,0.010626,0.002238,0.020059,0.151624,0.0,0.0,0.0,7/31/2018,2018,7
832,2018-08-01,TRASHIGANG,BT-41,0.641449,0.004099,0.015377,0.025893,0.0,0.173993,0.030334,0.0,0.09201,0.00372,0.00496,0.170432,0.010523,0.003326,0.024315,0.189206,0.0,0.0,0.0,8/31/2018,2018,8
851,2018-09-01,TRASHIGANG,BT-41,0.624445,0.003737,0.015496,0.024931,0.0,0.184027,0.023323,0.0,0.085726,0.00333,0.004915,0.198967,0.011527,0.003204,0.017413,0.177322,0.0,0.0,0.0,9/30/2018,2018,9
870,2018-10-01,TRASHIGANG,BT-41,0.642821,0.003041,0.015398,0.024987,0.0,0.186574,0.022541,0.0,0.082712,0.003582,0.004519,0.204975,0.011851,0.003229,0.017244,0.192761,0.0,0.0,0.0,10/31/2018,2018,10
889,2018-11-01,TRASHIGANG,BT-41,0.662417,0.002256,0.016689,0.029841,0.0,0.184932,0.028624,0.0,0.090879,0.013654,0.004415,0.243106,0.011221,0.00336,0.0178,0.202088,0.0,0.0,0.0,11/30/2018,2018,11
908,2018-12-01,TRASHIGANG,BT-41,0.67062,0.002037,0.015941,0.037424,0.0,0.227655,0.033814,0.0,0.093107,0.004928,0.005719,0.270967,0.014068,0.003262,0.021177,0.230501,0.0,0.0,0.0,12/31/2018,2018,12
927,2019-01-01,TRASHIGANG,BT-41,0.744403,0.002475,0.019073,0.037422,0.0,0.225728,0.034642,0.0,0.089423,0.008018,0.006423,0.196852,0.014746,0.003461,0.02853,0.219535,0.0,0.0,0.0,1/31/2019,2019,1
946,2019-02-01,TRASHIGANG,BT-41,0.722124,0.002533,0.018047,0.040057,0.0,0.223939,0.039203,0.0,0.082065,0.004847,0.005853,0.172714,0.014044,0.002943,0.018872,0.194693,0.0,0.0,0.0,2/28/2019,2019,2
965,2019-03-01,TRASHIGANG,BT-41,0.597491,0.00226,0.014758,0.034048,0.0,0.21324,0.032351,0.0,0.067804,0.009577,0.003964,0.23405,0.010363,0.003002,0.01899,0.207572,0.0,0.0,0.0,3/31/2019,2019,3
984,2019-04-01,TRASHIGANG,BT-41,0.636018,0.00367,0.016597,0.03043,0.0,0.197004,0.029856,0.0,0.080014,0.0076,0.004345,0.25281,0.011822,0.003497,0.017697,0.241472,0.0,0.0,0.0,4/30/2019,2019,4
1003,2019-05-01,TRASHIGANG,BT-41,0.600681,0.002032,0.015722,0.020444,0.0,0.179844,0.027368,0.0,0.081369,0.002081,0.006134,0.213336,0.012565,0.00315,0.009101,0.220244,0.0,0.0,0.0,5/31/2019,2019,5
1022,2019-06-01,TRASHIGANG,BT-41,0.612465,0.001979,0.016343,0.022542,0.0,0.188442,0.023696,0.0,0.085578,0.005534,0.005022,0.210098,0.012236,0.002902,0.007471,0.211121,0.0,0.0,0.0,6/30/2019,2019,6
1041,2019-07-01,TRASHIGANG,BT-41,0.620513,0.001929,0.018989,0.021312,0.0,0.17994,0.017914,0.0,0.077815,0.00405,0.005748,0.174109,0.012316,0.002489,0.00605,0.19163,0.0,0.0,0.0,7/31/2019,2019,7
1060,2019-08-01,TRASHIGANG,BT-41,0.681413,0.001878,0.019471,0.020482,0.0,0.181824,0.016189,0.0,0.079279,0.005452,0.004675,0.170427,0.011852,0.002909,0.005287,0.184893,0.0,0.0,0.0,8/31/2019,2019,8
1079,2019-09-01,TRASHIGANG,BT-41,0.642775,0.001753,0.017841,0.020755,0.0,0.184173,0.014796,0.0,0.087954,0.00482,0.005691,0.195991,0.012012,0.002699,0.004632,0.225019,0.0,0.0,0.0,9/30/2019,2019,9
1098,2019-10-01,TRASHIGANG,BT-41,0.595108,0.001376,0.017199,0.020223,0.044492,0.175824,0.013451,0.0,0.08002,0.005144,0.004663,0.191659,0.01196,0.002714,0.008614,0.217307,0.0,0.0,0.0,10/31/2019,2019,10
1117,2019-11-01,TRASHIGANG,BT-41,0.706405,0.001719,0.016676,0.021975,0.040862,0.100125,0.023083,0.0,0.078968,0.004753,0.005032,0.210689,0.012836,0.003285,0.011977,0.244304,0.0,0.0,0.0,11/30/2019,2019,11
1136,2019-12-01,TRASHIGANG,BT-41,0.7393,0.002368,0.018059,0.026715,0.026485,0.117732,0.025837,0.017428,0.07143,0.004356,0.004674,0.229649,0.012882,0.003252,0.007514,0.247511,0.0,0.0,0.0,12/31/2019,2019,12
1155,2020-01-01,TRASHIGANG,BT-41,0.808024,0.001601,0.021255,0.031446,0.027505,0.152864,0.037733,0.0242,0.074599,0.002406,0.00508,0.160566,0.012327,0.003574,0.019742,0.251289,0.0,0.0,0.0,1/31/2020,2020,1
1174,2020-02-01,TRASHIGANG,BT-41,0.811673,0.001396,0.020838,0.026913,0.046058,0.146497,0.02989,0.023549,0.074239,0.005924,0.006978,0.17071,0.011314,0.003883,0.016442,0.208048,0.0,0.0,0.0,2/29/2020,2020,2
1193,2020-03-01,TRASHIGANG,BT-41,0.790708,0.001363,0.018149,0.027687,0.030296,0.130193,0.023921,0.024371,0.065212,0.003396,0.005793,0.241313,0.012389,0.003682,0.011734,0.244353,0.0,0.0,0.0,3/31/2020,2020,3
1212,2020-04-01,TRASHIGANG,BT-41,0.798888,0.001247,0.01822,0.024189,0.033565,0.118663,0.026673,0.021969,0.067439,0.001512,0.005224,0.175696,0.009198,0.003351,0.011625,0.195613,0.0,0.0,0.0,4/30/2020,2020,4
1231,2020-05-01,TRASHIGANG,BT-41,0.757845,0.000897,0.017022,0.02259,0.049134,0.100714,0.023023,0.020455,0.057098,0.001708,0.004143,0.123864,0.010248,0.003133,0.009658,0.163889,0.0,0.0,0.0,5/31/2020,2020,5
1250,2020-06-01,TRASHIGANG,BT-41,0.756868,0.001504,0.017248,0.019388,0.037127,0.110295,0.024515,0.021619,0.062335,0.002725,0.006042,0.13093,0.00929,0.003226,0.009674,0.154905,0.0,0.0,0.0,6/30/2020,2020,6
1269,2020-07-01,TRASHIGANG,BT-41,0.72941907,0.001478,0.016592,0.01886768,0.036597,0.11014,0.024888,0.0213,0.066106,0.001683,0.004279,0.138075,0.007835,0.002843,0.007359,0.149879,0.0,0.0,0.0,7/31/2020,2020,7
1288,2020-08-01,TRASHIGANG,BT-41,0.7478323,0.00143737,0.01691956,0.0201894,0.03929977,0.1110064,0.02453414,0.02236885,0.06666261,0.00154295,0.00468954,0.14600787,0.00946322,0.00293543,0.00652886,0.15503118,0.0,0.0,0.0,8/31/2020,2020,8
1307,2020-09-01,TRASHIGANG,BT-41,0.74550974,0.00151878,0.01723771,0.01985338,0.03822105,0.11163794,0.02443272,0.02206983,0.06576742,0.00186807,0.00455976,0.13945207,0.00898846,0.0030341,0.00744638,0.15546968,0.0,0.0,0.0,9/30/2020,2020,9
1326,2020-10-01,TRASHIGANG,BT-41,0.87490248,0.00079285,0.01889273,0.02201929,0.05222918,0.12373385,0.02171192,0.01556232,0.05686719,0.00031898,0.0046547,0.15269105,0.00984732,0.00261047,0.00571574,0.15943877,0.0,0.0,0.0,10/31/2020,2020,10
1345,2020-11-01,TRASHIGANG,BT-41,0.76342044,0.001049,0.016355,0.022467,0.038071,0.108113,0.022144,0.022746,0.064071,0.000609,0.004199,0.181472,0.010002,0.002801,0.00748,0.171235,0.0,0.0,0.0,11/30/2020,2020,11
1364,2020-12-01,TRASHIGANG,BT-41,0.831481,0.001244,0.017049,0.0305,0.032629,0.135131,0.031183,0.027267,0.080534,0.000918,0.004343,0.241196,0.012246,0.002789,0.00897,0.202017,0.0,0.0,0.0,12/31/2020,2020,12
1382,2021-01-01,TRASHIGANG,BT-41,0.98888,0.00125,0.020756,0.031297,0.045675,0.163746,0.043024,0.021479,0.074491,0.000687,0.004087,0.319179,0.013495,0.00311,0.011427,0.230936,0.0,0.0,0.0,1/31/2021,2021,1
1401,2021-02-01,TRASHIGANG,BT-41,0.893832,0.001097,0.019563,0.029638,0.043794,0.158286,0.035013,0.025739,0.077487,0.001222,0.004721,0.314045,0.012161,0.003372,0.009275,0.217939,0.0,0.0,0.0,2/28/2021,2021,2
1420,2021-03-01,TRASHIGANG,BT-41,0.77613,0.001131,0.017317,0.026719,0.05569,0.135679,0.028982,0.024989,0.072177,0.001291,0.004385,0.275364,0.009292,0.002535,0.008052,0.211554,0.0,0.0,0.0,3/31/2021,2021,3
1439,2021-04-01,TRASHIGANG,BT-41,0.810482,0.001376,0.018294,0.028032,0.062209,0.114709,0.027785,0.02606,0.072839,0.000656,0.004813,0.242984,0.011006,0.003168,0.01323,0.170086,0.0,0.0,0.0,4/30/2021,2021,4
1458,2021-05-01,TRASHIGANG,BT-41,0.718163,0.001285,0.016513,0.025952,0.04423,0.100894,0.021377,0.025383,0.074824,0.000642,0.00444,0.209797,0.008914,0.002616,0.014458,0.168109,0.0,0.0,0.0,5/31/2021,2021,5
1477,2021-06-01,TRASHIGANG,BT-41,0.734262,0.001501,0.016876,0.020348,0.047573,0.105104,0.027801,0.020054,0.06719,0.000693,0.011003,0.195593,0.016035,0.002646,0.010596,0.17376,0.0,0.0,0.0,6/30/2021,2021,6
1496,2021-07-01,TRASHIGANG,BT-41,0.689754,0.002073,0.016312,0.01938,0.038894,0.11225,0.023416,0.023128,0.073545,0.000461,0.009436,0.18584,0.008877,0.002161,0.009926,0.174809,0.0,0.0,0.0,7/31/2021,2021,7
1515,2021-08-01,TRASHIGANG,BT-41,0.71782,0.001763,0.017128,0.020889,0.044272,0.111326,0.024146,0.025431,0.073792,0.000563,0.005251,0.168207,0.008551,0.002379,0.007171,0.168178,0.0,0.0,0.0,8/31/2021,2021,8
1534,2021-09-01,TRASHIGANG,BT-41,0.780645,0.001543,0.018655,0.022239,0.06118,0.115201,0.023691,0.02706,0.081303,0.000954,0.009451,0.212258,0.009376,0.002397,0.007291,0.17464,0.0,0.0,0.0,9/30/2021,2021,9
1553,2021-10-01,TRASHIGANG,BT-41,0.683118,0.001493,0.017644,0.018931,0.04617,0.102956,0.022058,0.025277,0.073754,0.000518,0.002429,0.190074,0.008662,0.00232,0.005007,0.167734,0.0,0.0,0.0,10/31/2021,2021,10
1572,2021-11-01,TRASHIGANG,BT-41,0.745661,0.001386,0.018297,0.022492,0.064198,0.109503,0.026005,0.025656,0.071797,0.000513,0.003979,0.223269,0.010013,0.002735,0.007148,0.179244,0.0,0.0,0.0,11/30/2021,2021,11
1591,2021-12-01,TRASHIGANG,BT-41,0.858836,0.001343,0.019352,0.027162,0.043669,0.116378,0.035277,0.026043,0.081366,0.000564,0.004032,0.263078,0.011197,0.002906,0.009882,0.209437,0.0,0.0,0.0,12/31/2021,2021,12
1610,2022-01-01,TRASHIGANG,BT-41,1.006555,0.001418,0.023833,0.036215,0.040833,0.175888,0.046764,0.023774,0.095631,0.000419,0.003579,0.216381,0.011078,0.003106,0.012579,0.215257,0.0,0.0,0.0,1/31/2022,2022,1
1628,2022-02-01,TRASHIGANG,BT-41,1.03579,0.001403,0.025338,0.0364,0.046422,0.19599,0.046437,0.026462,0.098434,0.00121,0.003775,0.22380871,0.012176,0.003368,0.012173,0.245147,0.0,0.0,0.0,2/28/2022,2022,2
1646,2022-03-01,TRASHIGANG,BT-41,0.893785,0.001442,0.020784,0.027837,0.037479,0.175166,0.03083,0.023104,0.084546,0.000628,0.003788,0.20171929,0.010585,0.003035,0.014071,0.228386,0.0,0.0,0.0,3/31/2022,2022,3
1664,2022-04-01,TRASHIGANG,BT-41,0.831956,0.001372,0.019127,0.025604,0.055384,0.116102,0.02646,0.024243,0.073529,0.000569,0.002724,0.25587138,0.011518,0.002737,0.029799,0.160109,0.0,0.0,0.0,4/30/2022,2022,4
1682,2022-05-01,TRASHIGANG,BT-41,0.736393,0.001355,0.01752,0.023069,0.038234,0.097906,0.02546,0.023573,0.06924,0.000604,0.003453,0.20462371,0.008776,0.002476,0.018192,0.158924,0.0,0.0,0.0,5/31/2022,2022,5
1700,2022-06-01,TRASHIGANG,BT-41,0.776949,0.002173,0.019791,0.024187,0.053469,0.107697,0.025893,0.025761,0.085887,0.000329,0.005522,0.21386755,0.011303,0.00298,0.015451,0.170584,0.0,0.0,0.0,6/30/2022,2022,6
1718,2022-07-01,TRASHIGANG,BT-41,0.781473,0.001401,0.019854,0.023697,0.04887,0.114016,0.024316,0.026927,0.074832,0.000481,0.00325,0.21021165,0.00916,0.002674,0.013661,0.182716,0.0,0.0,0.0,7/31/2022,2022,7
1736,2022-08-01,TRASHIGANG,BT-41,0.763497,0.001663,0.019064,0.020047,0.054896,0.12182271,0.026116,0.02622,0.079649,0.000398,0.003187,0.19950974,0.00961,0.00276,0.011052,0.177057,0.0,0.0,0.0,8/31/2022,2022,8
1754,2022-09-01,TRASHIGANG,BT-41,0.837374,0.001791,0.022037,0.022191,0.05337,0.12771629,0.022781,0.026743,0.084939,0.000843,0.002788,0.20654297,0.00903,0.002922,0.015483,0.17783,0.0,0.0,0.0,9/30/2022,2022,9
1772,2022-10-01,TRASHIGANG,BT-41,0.733361,0.001288,0.018685,0.018678,0.051197,0.115048,0.022428,0.024737,0.075995,0.000471,0.002702,0.206229,0.010274,0.00275,0.012924,0.161937,0.0,0.0,0.0,10/31/2022,2022,10
1790,2022-11-01,TRASHIGANG,BT-41,0.834042,0.001377,0.021569,0.02974,0.057377,0.1185,0.022002,0.025258,0.07886841,0.000569,0.003555,0.24599535,0.01184,0.005091,0.018504,0.208233,0.0,0.0,0.0,11/30/2022,2022,11
1808,2022-12-01,TRASHIGANG,BT-41,0.891436,0.001658,0.021836,0.032583,0.062087,0.15542788,0.031265,0.027062,0.09544139,0.000576,0.003646,0.29264225,0.012148,0.001058,0.019642,0.247457,0.0,0.0,0.0,12/31/2022,2022,12
1826,2023-01-01,TRASHIGANG,BT-41,0.954202,0.001669,0.022253,0.032367,0.045162,0.18362093,0.044176,0.026011,0.0997842,0.000777,0.004055,0.2239135,0.013996,0.002654,0.031177,0.260132,0.0,0.0,0.0,1/31/2023,2023,1
1844,2023-02-01,TRASHIGANG,BT-41,0.975891,0.003116,0.023316,0.038441,0.039946,0.16998763,0.029463,0.025756,0.09953514,0.000776,0.004523,0.22585893,0.014548,0.003218,0.026581,0.221804,0.0,0.0,0.0,2/28/2023,2023,2
1862,2023-03-01,TRASHIGANG,BT-41,0.849386,0.002254,0.02145,0.029806,0.050519,0.12806626,0.022277,0.024219,0.07336886,0.000647,0.003488,0.2737467,0.009479,0.003057,0.026109,0.0,0.0,0.0,0.0,3/31/2023,2023,3
1880,2023-04-01,TRASHIGANG,BT-41,0.879617,0.001849,0.020574,0.032079,0.064365,0.12123049,0.029149,0.024885,0.090503,0.000745,0.003453,0.29009384,0.011017,0.003017,0.02097,0.260774,0.0,0.0,0.0,4/30/2023,2023,4
1898,2023-05-01,TRASHIGANG,BT-41,0.782357,0.001884,0.01922,0.027988,0.084365,0.1065657,0.024029,0.024825,0.077382,0.000591,0.003386,0.24193874,0.011004,0.003037,0.019803,0.194929,0.0,0.0,0.0,5/31/2023,2023,5
1916,2023-06-01,TRASHIGANG,BT-41,0.752173,0.002275,0.019344,0.027044,0.063216,0.10932311,0.026572,0.027441,0.079323,0.000417,0.005428,0.23790269,0.010446,0.00258,0.020667,0.210844,0.0,0.0,0.0,6/30/2023,2023,6
1934,2023-07-01,TRASHIGANG,BT-41,0.73991,0.001547,0.019322,0.025543,0.056424,0.115027,0.023758,0.025293,0.07852135,0.000573,0.002981,0.20900009,0.010967,0.002506,0.017135,0.17013,0.0,0.0,0.0,7/31/2023,2023,7
1952,2023-08-01,TRASHIGANG,BT-41,0.803898,0.001895,0.019751,0.031825,0.060862,0.118608,0.025387,0.02355,0.08312365,0.000531,0.003704,0.19767991,0.009378,0.002848,0.019461,0.175421,0.0,0.0,0.0,8/31/2023,2023,8
1970,2023-09-01,TRASHIGANG,BT-41,0.777899,0.001816,0.019095,0.027055,0.058163,0.12319717,0.029113,0.026975,0.085975,0.000532,0.003212,0.235142,0.010604,0.002841,0.019517,0.18754,0.0,0.0,0.0,9/30/2023,2023,9
1988,2023-10-01,TRASHIGANG,BT-41,0.749747,0.001808,0.018362,0.02596,0.056054,0.11327034,0.025523,0.025404,0.087161,0.000529,0.002831,0.217353,0.009096,0.002691,0.017093,0.180438,0.0,0.0,0.0,10/31/2023,2023,10
2006,2023-11-01,TRASHIGANG,BT-41,1.799566,0.002506,0.019147,0.031534,0.069509,0.11609756,0.029146,0.023278,0.086791,0.000454,0.003029,0.23814166,0.008988,0.002766,0.020876,0.197551,0.0,0.0,0.0,11/30/2023,2023,11
2024,2023-12-01,TRASHIGANG,BT-41,0.882516,0.002019,0.02272,0.031928,0.065155,0.13820276,0.037503,0.023656,0.085726,0.000413,0.004128,0.26514652,0.011688,0.002108,0.023,0.21812,0.0,0.0,0.0,12/31/2023,2023,12
2042,2024-01-01,TRASHIGANG,BT-41,0.966558,0.001998,0.027468,0.039167,0.064791,0.18360459,0.045316,0.02276,0.093813,0.000612,0.00365,0.21321241,0.010766,0.002446,0.027583,0.205389,0.0,0.0,0.0,1/31/2024,2024,1
2060,2024-02-01,TRASHIGANG,BT-41,0.992487,0.002209,0.026424,0.036785,0.056129,0.19037958,0.03698,0.02878255,0.102493,0.000684,0.004493,0.22139913,0.011869,0.002477,0.029162,0.194197,0.0,0.0,0.0,2/29/2024,2024,2
2078,2024-03-01,TRASHIGANG,BT-41,0.943586,0.00177,0.024607,0.036561,0.068054,0.14855,0.036164,0.02467645,0.093061,0.001056,0.005157,0.29734528,0.009266,0.002478,0.023677,0.214511,0.0,0.0,0.0,3/31/2024,2024,3
2096,2024-04-01,TRASHIGANG,BT-41,0.868386,0.001812,0.022192,0.033489,0.067841,0.126053,0.030727,0.025467,0.09347612,0.002579,0.005853,0.30078266,0.008885,0.002268,0.025737,0.202782,0.0,0.0,0.0,4/30/2024,2024,4
2114,2024-05-01,TRASHIGANG,BT-41,0.758592,0.001901,0.019596,0.030113,0.064889,0.112741,0.030992,0.024653,0.08784388,0.001871,0.003979,0.23849434,0.008662,0.002679,0.019918,0.186172,0.0,0.0,0.0,5/31/2024,2024,5
2132,2024-06-01,TRASHIGANG,BT-41,0.720903,0.001926,0.018687,0.029033,0.067173,0.11433102,0.030363,0.023702,0.088,0.001312,0.003196,0.241916,0.00858,0.00247,0.021327,0.177425,0.0,0.0,0.0,6/30/2024,2024,6
2150,2024-07-01,TRASHIGANG,BT-41,0.75885702,0.001891,0.020448,0.027121,0.05977455,0.12258098,0.031111,0.024395,0.087584,0.000876,0.002896,0.22236956,0.010205,0.002033,0.017704,0.159884,0.00116,0.0,0.0,7/31/2024,2024,7
2168,2024-08-01,TRASHIGANG,BT-41,0.77346198,0.001645,0.020366,0.025457,0.07067345,0.130072,0.032635,0.02881096,0.098173,0.000786,0.004503,0.21920244,0.009012,0.001979,0.016636,0.169835,0.001567,0.0,0.0,8/31/2024,2024,8
2186,2024-09-01,TRASHIGANG,BT-41,0.738863,0.001504,0.019355,0.024853,0.071727,0.12501413,0.032456,0.02678604,0.091193,0.000961,0.004942,0.24045083,0.008828,0.002047,0.018155,0.189423,0.00132,0.0,0.0,9/30/2024,2024,9
2204,2024-10-01,TRASHIGANG,BT-41,0.726839,0.001254,0.01894,0.026547,0.067516,0.11657084,0.036543,0.02669737,0.093591,0.001227,0.0056,0.23050417,0.009922,0.002108,0.016671,0.17835,0.001493,0.0,0.0,10/31/2024,2024,10
2222,2024-11-01,TRASHIGANG,BT-41,0.790365,0.001434,0.020793,0.03105,0.068681,0.11357831,0.036787,0.02651863,0.098001,0.001178,0.006221,0.254272,0.010995,0.002277,0.020684,0.204457,0.001137,0.0,0.0,11/30/2024,2024,11
2240,2024-12-01,TRASHIGANG,BT-41,0.8768382,0.001492,0.022998,0.040883,0.071389,0.14695172,0.048702,0.024474,0.094049,0.001743,0.004546,0.299448,0.013282,0.002846,0.024019,0.226215,0.001411,0.0,0.0,12/31/2024,2024,12
2259,2025-01-01,TRASHIGANG,BT-41,0.99955217,0.001832,0.026316,0.043928,0.063908,0.19542169,0.059993,0.02737867,0.124775,0.001759,0.005219,0.22474,0.014048,0.002644,0.026323,0.264318,0.002348,0.0,0.0,1/31/2025,2025,1
2278,2025-02-01,TRASHIGANG,BT-41,0.93673963,0.001718,0.024319,0.038598,0.052463,0.18276231,0.04294,0.02511322,0.106628,0.001955,0.005329,0.227744,0.013488,0.00391,0.03127,0.235478,0.001616,0.0,0.0,2/28/2025,2025,2
2297,2025-03-01,TRASHIGANG,BT-41,0.966727,0.001536,0.024841,0.036017,0.071293,0.167166,0.03873,0.02678611,0.103072,0.001629,0.003915,0.312175,0.013237,0.003631,0.028239,0.2733,0.002116,0.0,0.0,3/31/2025,2025,3
2316,2025-04-01,TRASHIGANG,BT-41,0.869815,0.002131,0.021993,0.038957,0.074464,0.133269,0.045811,0.026152,0.108038,0.00158,0.0038,0.289102,0.012639,0.003765,0.023676,0.260218,0.00194,0.0,0.0,4/30/2025,2025,4
2335,2025-05-01,TRASHIGANG,BT-41,0.766592,0.001841,0.019978,0.033398,0.084494,0.115081,0.035688,0.025248,0.09939,0.00184,0.003739,0.247609,0.00966,0.002518,0.029534,0.205146,0.00183,0.0,0.0,5/31/2025,2025,5
2354,2025-06-01,TRASHIGANG,BT-41,0.753363,0.00195,0.019641,0.036835,0.082461,0.123019,0.038756,0.026789,0.102228,0.001634,0.003824,0.243944,0.012764,0.002525,0.023032,0.213416,0.001827,0.0,0.0,6/1/2025,2025,6
2373,2025-07-01,TRASHIGANG,BT-41,0.73943113,0.001986,0.018912,0.035076,0.081789,0.133421,0.032795,0.026298,0.107034,0.001496,0.004763,0.214301,0.010591,0.002397,0.02627,0.162219,0.003044,0.0,0.0,7/1/2025,2025,7
2392,2025-08-01,TRASHIGANG,BT-41,0.78368287,0.001759,0.019611,0.03402,0.087675,0.130329,0.039323,0.026389,0.100071,0.001286,0.00522,0.21629,0.009834,0.00254,0.026861,0.191708,0.002002,0.0,0.0,8/1/2025,2025,8
2411,2025-09-01,TRASHIGANG,BT-41,0.80430702,0.001383,0.019325,0.032918,0.079928,0.126918,0.036827,0.02746,0.109011,0.001062,0.004456,0.244539,0.010134,0.002561,0.024653,0.256582,0.00337,0.0,0.0,9/1/2025,2025,9
2430,2025-10-01,TRASHIGANG,BT-41,0.80694498,0.001361,0.018793,0.035968,0.10416,0.132474,0.03536,0.028862,0.111674,0.001104,0.004746,0.241554,0.013589,0.002259,0.028373,0.23897,0.002662,0.0,0.0,10/1/2025,2025,10
2449,2025-11-01,TRASHIGANG,BT-41,0.74701951,0.001684,0.017636,0.031303,0.084205,0.113974,0.04205,0.024739,0.100306,0.001138,0.005189,0.254388,0.011644,0.002531,0.024688,0.274373,0.003203,0.0,0.0,11/1/2025,2025,11
2468,2025-12-01,TRASHIGANG,BT-41,0.92414749,0.001301,0.021306,0.042784,0.087709,0.167241,0.050777,0.028124,0.118618,0.001006,0.004748,0.293588,0.014077,0.002916,0.027341,0.380407,0.003869,0.0,0.0,12/1/2025,2025,12
14,2015-01-01,TRASHIYANGTSE,BT-TY,0.19994,0.0,0.0,0.0,0.0,0.103602,0.0,0.0,0.035338,0.007704,0.006787,0.047919,0.004826,0.0,0.021697,0.00462,0.0,0.0,0.0,1/31/2015,2015,1
33,2015-02-01,TRASHIYANGTSE,BT-TY,0.189698,0.0,0.0,0.0,0.0,0.100374,0.0,0.0,0.033197,0.006587,0.009814,0.04608,0.003922,0.0,0.026427,0.00414,0.0,0.0,0.0,2/28/2015,2015,2
52,2015-03-01,TRASHIYANGTSE,BT-TY,0.163566,0.0,0.0,0.0,0.0,0.086519,0.0,0.0,0.030626,0.004805,0.004644,0.049927,0.003877,0.0,0.020762,0.00286,0.0,0.0,0.0,3/31/2015,2015,3
71,2015-04-01,TRASHIYANGTSE,BT-TY,0.155977,0.0,0.0,0.0,0.0,0.087578,0.0,0.0,0.037232,0.007057,0.007008,0.06002,0.003143,0.0,0.025022,0.0031,0.0,0.0,0.0,4/30/2015,2015,4
90,2015-05-01,TRASHIYANGTSE,BT-TY,0.150701,0.0,0.0,0.0,0.0,0.090686,0.0,0.0,0.032801,0.006058,0.005375,0.06467,0.004001,0.0,0.024064,0.00336,0.0,0.0,0.0,5/31/2015,2015,5
109,2015-06-01,TRASHIYANGTSE,BT-TY,0.170112,0.0,0.0,0.0,0.0,0.080876,0.0,0.0,0.032791,0.005989,0.004342,0.062599,0.003967,0.0,0.019239,0.00188,0.0,0.0,0.0,6/30/2015,2015,6
128,2015-07-01,TRASHIYANGTSE,BT-TY,0.187893,0.0,0.0,0.0,0.0,0.082644,0.0,0.0,0.031485,0.005996,0.004635,0.051108,0.003804,0.0,0.018212,0.00166,0.0,0.0,0.0,7/31/2015,2015,7
147,2015-08-01,TRASHIYANGTSE,BT-TY,0.177851,0.0,0.0,0.0,0.0,0.082426,0.0,0.0,0.035123,0.006524,0.004592,0.057672,0.004416,0.0,0.016863,0.00174,0.0,0.0,0.0,8/31/2015,2015,8
166,2015-09-01,TRASHIYANGTSE,BT-TY,0.195264,0.0,0.0,0.0,0.0,0.087932,0.0,0.0,0.036206,0.00777,0.004937,0.059133,0.005779,0.0,0.015766,0.00136,0.0,0.0,0.0,9/30/2015,2015,9
185,2015-10-01,TRASHIYANGTSE,BT-TY,0.196288,0.0,0.0,0.0,0.0,0.102021,0.0,0.0,0.038989,0.008697,0.005035,0.073236,0.005572,0.0,0.014813,0.00176,0.0,0.0,0.0,10/31/2015,2015,10
204,2015-11-01,TRASHIYANGTSE,BT-TY,0.187743,0.0,0.0,0.0,0.0,0.085072,0.0,0.0,0.033345,0.004719,0.004375,0.070237,0.004617,0.0,0.012965,0.00232,0.0,0.0,0.0,11/30/2015,2015,11
223,2015-12-01,TRASHIYANGTSE,BT-TY,0.203737,0.0,0.0,0.0,0.0,0.127542,0.0,0.0,0.038528,0.007392,0.004877,0.066284,0.006348,0.0,0.016342,0.0034,0.0,0.0,0.0,12/31/2015,2015,12
242,2016-01-01,TRASHIYANGTSE,BT-TY,0.214721,0.0,0.0,0.0,0.0,0.1062,0.0,0.0,0.033788,0.005292,0.007921,0.047222,0.004728,0.0,0.017292,0.0038,0.0,0.0,0.0,1/31/2016,2016,1
261,2016-02-01,TRASHIYANGTSE,BT-TY,0.205266,0.0,0.0,0.0,0.0,0.145591,0.0,0.0,0.038832,0.009047,0.007587,0.049663,0.007308,0.0,0.014008,0.005371,0.0,0.0,0.0,2/29/2016,2016,2
280,2016-03-01,TRASHIYANGTSE,BT-TY,0.172939,0.0,0.0,0.0,0.0,0.096001,0.0,0.0,0.032229,0.009719,0.006357,0.050106,0.004043,0.0,0.020796,0.003278,0.0,0.0,0.0,3/31/2016,2016,3
299,2016-04-01,TRASHIYANGTSE,BT-TY,0.193818,0.0,0.0,0.0,0.0,0.115218,0.0,0.0,0.036748,0.008744,0.005653,0.06926,0.007601,0.0,0.017711,0.003723,0.0,0.0,0.0,4/30/2016,2016,4
318,2016-05-01,TRASHIYANGTSE,BT-TY,0.171904,0.0,0.0,0.0,0.0,0.089973,0.0,0.0,0.033129,0.01023,0.004428,0.058653,0.005899,0.0,0.014525,0.002336,0.0,0.0,0.0,5/31/2016,2016,5
337,2016-06-01,TRASHIYANGTSE,BT-TY,0.189607,0.0,0.0,0.0,0.0,0.095021,0.0,0.0,0.03771,0.008914,0.005282,0.062017,0.006793,0.0,0.019391,0.002296,0.0,0.0,0.0,6/30/2016,2016,6
356,2016-07-01,TRASHIYANGTSE,BT-TY,0.201188,0.0,0.0,0.0,0.0,0.086735,0.0,0.0,0.034896,0.00752,0.005217,0.04846,0.00651,0.0,0.014445,0.001716,0.0,0.0,0.0,7/31/2016,2016,7
375,2016-08-01,TRASHIYANGTSE,BT-TY,0.184104,0.0,0.0,0.0,0.0,0.094647,0.0,0.0,0.036613,0.008381,0.00525,0.048958,0.006464,0.0,0.013172,0.001878,0.0,0.0,0.0,8/31/2016,2016,8
394,2016-09-01,TRASHIYANGTSE,BT-TY,0.19186,0.0,0.0,0.0,0.0,0.078355,0.0,0.0,0.03677,0.007162,0.005366,0.049067,0.00551,0.0,0.01644,0.001767,0.0,0.0,0.0,9/30/2016,2016,9
413,2016-10-01,TRASHIYANGTSE,BT-TY,0.209008,0.0,0.0,0.0,0.0,0.083792,0.0,0.0,0.03341,0.006351,0.005555,0.051128,0.00629,0.0,0.014762,0.01174,0.0,0.0,0.0,10/31/2016,2016,10
432,2016-11-01,TRASHIYANGTSE,BT-TY,0.230191,0.0,0.0,0.0,0.0,0.101501,0.0,0.0,0.035528,0.005254,0.006402,0.066108,0.007102,0.0,0.01342,0.01442,0.0,0.0,0.0,11/30/2016,2016,11
451,2016-12-01,TRASHIYANGTSE,BT-TY,0.223259,0.0,0.0,0.0,0.0,0.118503,0.0,0.0,0.035545,0.008268,0.007594,0.057137,0.006505,0.0,0.015666,0.01172,0.0,0.0,0.0,12/31/2016,2016,12
470,2017-01-01,TRASHIYANGTSE,BT-TY,0.226965,1e-06,0.0,0.003228,0.0,0.12134,0.018339,0.0,0.039735,0.006307,0.009113,0.035813,0.006284,0.0,0.018859,0.007,0.0,0.0,0.0,1/31/2017,2017,1
489,2017-02-01,TRASHIYANGTSE,BT-TY,0.21886,3.5e-05,0.0,0.003411,0.0,0.122099,0.011194,0.0,0.04205,0.009201,0.00856,0.04592,0.008067,0.0,0.017019,0.0136,0.0,0.0,0.0,2/28/2017,2017,2
508,2017-03-01,TRASHIYANGTSE,BT-TY,0.231864,0.0,0.0,0.001946,0.0,0.117525,0.009103,0.0,0.035783,0.007022,0.008251,0.050802,0.008244,0.0,0.019235,0.01776,0.0,0.0,0.0,3/31/2017,2017,3
527,2017-04-01,TRASHIYANGTSE,BT-TY,0.270645,0.0,0.0,0.002219,0.0,0.108494,0.009126,0.0,0.039628,0.007267,0.007044,0.061633,0.006231,0.0,0.018729,0.01834,0.0,0.0,0.0,4/30/2017,2017,4
546,2017-05-01,TRASHIYANGTSE,BT-TY,0.216928,2.5e-05,0.0,0.002156,0.0,0.103519,0.007626,0.0,0.03831,0.006798,0.007513,0.056511,0.008063,0.0,0.011923,0.01748,0.0,0.0,0.0,5/31/2017,2017,5
565,2017-06-01,TRASHIYANGTSE,BT-TY,0.213774,1.3e-05,0.005211,0.001971,0.0,0.106794,0.007453,0.0,0.042858,0.007434,0.005828,0.042916,0.006264,0.0,0.007945,0.01906,0.0,0.0,0.0,6/30/2017,2017,6
584,2017-07-01,TRASHIYANGTSE,BT-TY,0.205291,1.6e-05,0.004061,0.001795,0.0,0.085558,0.005335,0.0,0.041651,0.009735,0.004954,0.030092,0.005793,0.0,0.008752,0.01164,0.0,0.0,0.0,7/31/2017,2017,7
603,2017-08-01,TRASHIYANGTSE,BT-TY,0.2306,0.000137,0.004773,0.002169,0.0,0.097867,0.006682,0.0,0.039656,0.011971,0.005463,0.030035,0.004624,0.0,0.007555,0.0163,0.0,0.0,0.0,8/31/2017,2017,8
622,2017-09-01,TRASHIYANGTSE,BT-TY,0.226054,0.000151,0.005129,0.002253,0.0,0.08396,0.005935,0.0,0.032631,0.008563,0.005405,0.034674,0.005528,0.0,0.01044,0.01246,0.0,0.0,0.0,9/30/2017,2017,9
641,2017-10-01,TRASHIYANGTSE,BT-TY,0.223701,7e-05,0.005322,0.001721,0.0,0.10206,0.005296,0.0,0.037672,0.007922,0.005469,0.039045,0.007435,0.0,0.008237,0.01826,0.0,0.0,0.0,10/31/2017,2017,10
660,2017-11-01,TRASHIYANGTSE,BT-TY,0.292105,0.000245,0.005853,0.003517,0.0,0.090459,0.012704,0.0,0.043487,0.009341,0.00689,0.05354,0.007215,0.0,0.023264,0.01292,0.0,0.0,0.0,11/30/2017,2017,11
679,2017-12-01,TRASHIYANGTSE,BT-TY,0.257695,0.000169,0.005228,0.002779,0.0,0.157324,0.010424,0.0,0.044268,0.01036,0.008086,0.053326,0.007419,0.0,0.014298,0.01718,0.0,0.0,0.0,12/31/2017,2017,12
698,2018-01-01,TRASHIYANGTSE,BT-TY,0.247984,4.2e-05,0.0068,0.002791,0.0,0.124804,0.008129,0.0,0.037831,0.010004,0.00739,0.028714,0.00556,0.0,0.017125,0.01132,0.0,0.0,0.0,1/31/2018,2018,1
717,2018-02-01,TRASHIYANGTSE,BT-TY,0.295496,0.000167,0.006002,0.00336,0.0,0.154308,0.008631,0.0,0.043315,0.00918,0.009107,0.036449,0.006336,0.0,0.015935,0.00946,0.0,0.0,0.0,2/28/2018,2018,2
736,2018-03-01,TRASHIYANGTSE,BT-TY,0.259068,0.000104,0.005157,0.002572,0.0,0.142161,0.009099,0.0,0.037983,0.008329,0.006694,0.04791,0.006312,0.0,0.01856,0.01516,0.0,0.0,0.0,3/31/2018,2018,3
755,2018-04-01,TRASHIYANGTSE,BT-TY,0.236277,8.5e-05,0.005223,0.00186,0.0,0.117121,0.008617,0.0,0.037768,0.0088,0.005563,0.045725,0.004976,0.0,0.015207,0.01182,0.0,0.0,0.0,4/30/2018,2018,4
774,2018-05-01,TRASHIYANGTSE,BT-TY,0.226676,3.4e-05,0.004957,0.00217,0.0,0.118559,0.008103,0.0,0.036746,0.005843,0.005733,0.051544,0.005545,0.0,0.017513,0.01298,0.0,0.0,0.0,5/31/2018,2018,5
793,2018-06-01,TRASHIYANGTSE,BT-TY,0.242446,0.000163,0.004975,0.002215,0.0,0.11119,0.008789,0.0,0.038698,0.004844,0.005199,0.05126,0.004909,0.0,0.014713,0.013516,0.0,0.0,0.0,6/30/2018,2018,6
812,2018-07-01,TRASHIYANGTSE,BT-TY,0.222675,0.000137,0.004884,0.002611,0.0,0.100923,0.007422,0.0,0.039405,0.004355,0.005453,0.035681,0.005009,0.0,0.018112,0.010321,0.0,0.0,0.0,7/31/2018,2018,7
831,2018-08-01,TRASHIYANGTSE,BT-TY,0.237414,0.000109,0.005994,0.002284,0.0,0.10014,0.00817,0.0,0.039495,0.003937,0.005155,0.030774,0.004937,0.0,0.019077,0.005622,0.0,0.00868,0.0,8/31/2018,2018,8
850,2018-09-01,TRASHIYANGTSE,BT-TY,0.235036,0.00011,0.005502,0.002912,0.0,0.098994,0.007774,0.0,0.046116,0.00415,0.00563,0.041796,0.005142,0.0,0.016003,0.00926,0.0,0.00746,0.0,9/30/2018,2018,9
869,2018-10-01,TRASHIYANGTSE,BT-TY,0.245051,0.000154,0.004495,0.002675,0.0,0.094748,0.005493,0.0,0.035573,0.003827,0.005925,0.044004,0.005549,0.0,0.013383,0.009119,0.0,0.00272,0.0,10/31/2018,2018,10
888,2018-11-01,TRASHIYANGTSE,BT-TY,0.26301,4.3e-05,0.004757,0.002851,0.0,0.12239,0.00736,0.0,0.040484,0.003981,0.006927,0.04727,0.006721,0.0,0.014792,0.00966,0.0,0.000734,0.0,11/30/2018,2018,11
907,2018-12-01,TRASHIYANGTSE,BT-TY,0.292015,0.000247,0.004611,0.004569,0.0,0.135919,0.010668,0.0,0.040333,0.004411,0.008572,0.05983,0.006115,0.0,0.016478,0.01312,0.0,3.2e-05,0.0,12/31/2018,2018,12
926,2019-01-01,TRASHIYANGTSE,BT-TY,0.301075,0.000395,0.006586,0.005773,0.0,0.142166,0.012202,0.0,0.040364,0.004779,0.008785,0.034168,0.004973,0.0,0.017124,0.01064,0.0,0.01985,0.0,1/31/2019,2019,1
945,2019-02-01,TRASHIYANGTSE,BT-TY,0.268411,0.000282,0.005541,0.002968,0.0,0.15833,0.012216,0.0,0.045955,0.005758,0.009008,0.02947125,0.00783,0.0,0.017742,0.00918,0.0,0.006474,0.0,2/28/2019,2019,2
964,2019-03-01,TRASHIYANGTSE,BT-TY,0.24879575,0.000295,0.004698,0.003754,0.0,0.138959,0.008405,0.0,0.037848,0.00469,0.007504,0.04535375,0.005513,0.0,0.014985,0.00908,0.0,0.008362,0.0,3/31/2019,2019,3
983,2019-04-01,TRASHIYANGTSE,BT-TY,0.25884075,0.000207,0.004807,0.003315,0.0,0.136193,0.010899,0.0,0.041956,0.005597,0.007753,0.057528,0.005969,0.0,0.019031,0.0097,0.0,0.0021,0.0,4/30/2019,2019,4
1002,2019-05-01,TRASHIYANGTSE,BT-TY,0.238963,0.000303,0.004156,0.002795,0.0,0.126166,0.009255,0.0,0.043196,0.004849,0.006389,0.046204,0.006119,0.0,0.016946,0.00956,0.0,0.002976,0.0,5/31/2019,2019,5
1021,2019-06-01,TRASHIYANGTSE,BT-TY,0.242589,0.000269,0.004974,0.003037,0.0,0.092372,0.009806,0.0,0.042161,0.005131,0.001633,0.056926,0.006051,0.0,0.018083,0.00864,0.0,0.006138,0.0,6/30/2019,2019,6
1040,2019-07-01,TRASHIYANGTSE,BT-TY,0.243486,0.000146,0.006475,0.003675,0.0,0.07718,0.00892,0.0,0.040831,0.004383,0.00199,0.054354,0.005789,0.0004,0.029561,0.00628,0.0,0.002244,0.0,7/31/2019,2019,7
1059,2019-08-01,TRASHIYANGTSE,BT-TY,0.238836,0.000275,0.006199,0.003196,0.0,0.086208,0.00938,0.0,0.046031,0.007755,0.002173,0.055439,0.00612,0.00452,0.018235,0.00454,0.0,0.001464,0.0,8/31/2019,2019,8
1078,2019-09-01,TRASHIYANGTSE,BT-TY,0.226472,0.000261,0.006042,0.002921,0.0,0.076355,0.007042,0.0,0.040329,0.006397,0.002161,0.056911,0.005525,0.01064,0.017937,0.00772,0.0,0.001462,0.0,9/30/2019,2019,9
1097,2019-10-01,TRASHIYANGTSE,BT-TY,0.269488,0.000344,0.00576,0.004103,0.0,0.093833,0.007906,0.0,0.04711,0.006209,0.004783,0.066944,0.007504,0.00668,0.019727,0.00874,0.0,0.000958,0.0,10/31/2019,2019,10
1116,2019-11-01,TRASHIYANGTSE,BT-TY,0.246694,0.000347,0.005571,0.003801,0.0,0.081771,0.008587,0.0,0.041914,0.00606,0.004,0.067917,0.00616,0.00464,0.017786,0.00834,0.0,0.00049,0.0,11/30/2019,2019,11
1135,2019-12-01,TRASHIYANGTSE,BT-TY,0.244659,9.2e-05,0.005102,0.003455,0.0,0.093773,0.011451,0.008195,0.035404,0.004625,0.002502,0.070145,0.006404,0.00368,0.019629,0.00934,0.0,0.000186,0.0,12/31/2019,2019,12
1154,2020-01-01,TRASHIYANGTSE,BT-TY,0.289555,0.000106,0.005229,0.004834,0.0,0.12727,0.02255,0.011421,0.042813,0.0033,0.003785,0.080272,0.008069,0.00612,0.02714,0.0097,0.0,0.00018,0.0,1/31/2020,2020,1
1173,2020-02-01,TRASHIYANGTSE,BT-TY,0.298899,9.8e-05,0.005702,0.00535,0.0,0.111882,0.021509,0.013366,0.0434,0.003755,0.002894,0.076863,0.006649,0.00488,0.026638,0.01552,0.0,0.000186,0.0,2/29/2020,2020,2
1192,2020-03-01,TRASHIYANGTSE,BT-TY,0.266169,8.5e-05,0.005198,0.004384,0.0,0.108192,0.013489,0.01104,0.036,0.004535,0.003616,0.082928,0.00598,0.00532,0.020089,0.01012,0.0,0.00025,0.0,3/31/2020,2020,3
1211,2020-04-01,TRASHIYANGTSE,BT-TY,0.272674,9.5e-05,0.004771,0.004965,0.0,0.100891,0.013289,0.007377,0.035972,0.005156,0.003551,0.067077,0.00529,0.00532,0.018653,0.00838,0.0,0.002912,0.0,4/30/2020,2020,4
1230,2020-05-01,TRASHIYANGTSE,BT-TY,0.277368,0.00016,0.005302,0.003672,0.0,0.105117,0.011945,0.008001,0.036658,0.003192,0.003541,0.056386,0.006104,0.00556,0.01664,0.00576,0.0,0.004172,0.0,5/31/2020,2020,5
1249,2020-06-01,TRASHIYANGTSE,BT-TY,0.294846,0.000448,0.005187,0.00415,0.0,0.095819,0.009983,0.008825,0.036657,0.003181,0.002848,0.055848,0.006876,0.00732,0.016796,0.00456,0.0,0.003724,0.0,6/30/2020,2020,6
1268,2020-07-01,TRASHIYANGTSE,BT-TY,0.272352,0.000172,0.005311,0.004614,0.0,0.0906625,0.00889,0.007529,0.038491,0.004237,0.002966,0.045548,0.005633,0.00676,0.016525,0.00376,0.0,0.003722,0.0,7/31/2020,2020,7
1287,2020-08-01,TRASHIYANGTSE,BT-TY,0.27254965,0.00015579,0.005116,0.00412981,0.0,0.08945707,0.01006038,0.00809154,0.03743081,0.003507,0.00313406,0.05272532,0.005863,0.00684,0.01557386,0.00552,0.0,0.000398,0.0,8/31/2020,2020,8
1306,2020-09-01,TRASHIYANGTSE,BT-TY,0.28557996,0.00026141,0.00526329,0.00436708,0.0,0.09343651,0.00974929,0.00872979,0.03856282,0.00293947,0.00304936,0.05341014,0.00609621,0.00972,0.01619737,0.0046636,0.0,0.00356,0.0,9/30/2020,2020,9
1325,2020-10-01,TRASHIYANGTSE,BT-TY,0.27983891,0.0002618,0.00509271,0.00447911,0.0,0.08195674,0.00601033,0.00783967,0.03783937,0.00421753,0.00311258,0.04694554,0.00592179,0.005,0.00935844,0.0059964,0.0,0.003832,0.0,10/31/2020,2020,10
1344,2020-11-01,TRASHIYANGTSE,BT-TY,0.283049,0.000229,0.006153,0.00462,0.0,0.09254,0.0085,0.007358,0.041476,0.00317,0.003007,0.048323,0.007561,0.0072,0.015931,0.00798,0.0,0.003348,0.0,11/30/2020,2020,11
1363,2020-12-01,TRASHIYANGTSE,BT-TY,0.281955,5.9e-05,0.004819,0.005722,0.0,0.106902,0.012593,0.007966,0.039959,0.003046,0.002567,0.069706,0.007267,0.00452,0.013247,0.00856,0.0,0.010036,0.0,12/31/2020,2020,12
1386,2021-01-01,TRASHIYANGTSE,BT-TY,0.335792,0.000245,0.007072,0.005563,0.0,0.151774,0.015171,0.009963,0.04248,0.003908,0.002548,0.100625,0.009926,0.00624,0.014343,0.01272,0.0,0.000766,0.0,1/31/2021,2021,1
1405,2021-02-01,TRASHIYANGTSE,BT-TY,0.287986,0.000108,0.006135,0.005062,0.0,0.112638,0.013534,0.006595,0.037208,0.002938,0.002228,0.079574,0.007178,0.00468,0.016235,0.01202,0.0,0.006826,0.0,2/28/2021,2021,2
1424,2021-03-01,TRASHIYANGTSE,BT-TY,0.272945,0.000134,0.005302,0.004798,0.0,0.113237,0.013599,0.007663,0.036992,0.00278,0.00244,0.089688,0.007434,0.00544,0.014886,0.01194,0.0,0.009302,0.0,3/31/2021,2021,3
1443,2021-04-01,TRASHIYANGTSE,BT-TY,0.276932,0.000197,0.005687,0.005143,0.0,0.113796,0.010407,0.010591,0.040554,0.003642,0.002378,0.081137,0.007639,0.00472,0.013041,0.00898,0.0,0.006754,0.0,4/30/2021,2021,4
1462,2021-05-01,TRASHIYANGTSE,BT-TY,0.262811,0.0002,0.005374,0.004602,0.0,0.108063,0.009682,0.011626,0.040908,0.003452,0.002245,0.076453,0.007479,0.0064,0.014103,0.00914,0.0,0.00803,0.0,5/31/2021,2021,5
1481,2021-06-01,TRASHIYANGTSE,BT-TY,0.254402,0.000194,0.004388,0.004696,0.0,0.098305,0.009496,0.009199,0.041124,0.003639,0.00215,0.078412,0.006871,0.00452,0.014524,0.00882,0.0,0.01,0.0,6/30/2021,2021,6
1500,2021-07-01,TRASHIYANGTSE,BT-TY,0.266856,5.2e-05,0.005007,0.00505,0.0,0.094977,0.007341,0.009868,0.042485,0.004453,0.002804,0.070408,0.0065,0.00704,0.020457,0.00876,0.0,0.008742,0.0,7/31/2021,2021,7
1519,2021-08-01,TRASHIYANGTSE,BT-TY,0.25559,0.0002,0.004559,0.005484,0.0,0.076125,0.007332,0.006599,0.041171,0.003319,0.001584,0.057833,0.003488,0.0072,0.01523,0.00626,0.0,0.00971,0.0,8/31/2021,2021,8
1538,2021-09-01,TRASHIYANGTSE,BT-TY,0.264629,0.00016,0.00535,0.005485,0.0,0.089498,0.00699,0.010089,0.043084,0.003217,0.004649,0.069183,0.008958,0.00732,0.022014,0.00982,0.0,0.0121,0.0,9/30/2021,2021,9
1557,2021-10-01,TRASHIYANGTSE,BT-TY,0.278728,0.000176,0.005085,0.004352,0.0,0.094865,0.007553,0.008805,0.041291,0.003317,0.003569,0.074953,0.007937,0.00756,0.020288,0.00786,0.0,0.009022,0.0,10/31/2021,2021,10
1576,2021-11-01,TRASHIYANGTSE,BT-TY,0.276697,0.000121,0.005216,0.005608,0.0,0.094925,0.008939,0.011077,0.040312,0.002719,0.002949,0.071447,0.008791,0.00676,0.02139,0.00932,0.0,0.010806,0.0,11/30/2021,2021,11
1595,2021-12-01,TRASHIYANGTSE,BT-TY,0.290749,9.1e-05,0.005922,0.004009,0.0,0.118119,0.012912,0.009781,0.043521,0.003142,0.003065,0.085016,0.00888,0.0054,0.02115,0.00972,0.0,0.005546,0.0,12/31/2021,2021,12
1609,2022-01-01,TRASHIYANGTSE,BT-TY,0.3826,6.9e-05,0.007585,0.00511,0.0,0.157736,0.016017,0.013164,0.052357,0.003056,0.002397,0.102563,0.00966,0.00624,0.030209,0.011,0.0,0.014656,0.0,1/31/2022,2022,1
1627,2022-02-01,TRASHIYANGTSE,BT-TY,0.393194,6e-05,0.007865,0.006434,0.0,0.171831,0.019243,0.0,0.052507,0.003879,0.001843,0.120871,0.010338,0.0056,0.041555,0.01348,0.0,0.019017,0.0,2/28/2022,2022,2
1645,2022-03-01,TRASHIYANGTSE,BT-TY,0.342396,9.5e-05,0.006238,0.005848,0.0,0.127589,0.013098,0.009227,0.04233052,0.006461,0.002127,0.103172,0.008057,0.0054,0.040157,0.01248,0.0,0.016157,0.0,3/31/2022,2022,3
1663,2022-04-01,TRASHIYANGTSE,BT-TY,0.323814,0.00014,0.005364,0.006736,0.0,0.114317,0.010832,0.008398,0.04155948,0.005962,0.001962,0.082834,0.008008,0.00564,0.028285,0.00738,0.0,0.009884,0.0,4/30/2022,2022,4
1681,2022-05-01,TRASHIYANGTSE,BT-TY,0.300256,0.000192,0.00532,0.005444,0.0,0.103605,0.011161,0.010266,0.043613,0.004127,0.001977,0.070851,0.006708,0.00564,0.024189,0.00824,0.0,0.014222,0.0,5/31/2022,2022,5
1699,2022-06-01,TRASHIYANGTSE,BT-TY,0.285026,0.000106,0.005058,0.005051,0.0,0.09972,0.008644,0.009924,0.044725,0.004257,0.002851,0.075841,0.007687,0.00644,0.030967,0.00926,0.0,0.013669,0.0,6/30/2022,2022,6
1717,2022-07-01,TRASHIYANGTSE,BT-TY,0.285379,0.000259,0.005625,0.005064,0.0,0.098073,0.007029,0.009392,0.0454375,0.005115,0.002674,0.078257,0.007513,0.00632,0.022753,0.00816,0.0,0.012332,0.0,7/31/2022,2022,7
1735,2022-08-01,TRASHIYANGTSE,BT-TY,0.293602,0.000176,0.005079,0.005691,0.0,0.09155,0.006763,0.011818,0.0501325,0.004324,0.003401,0.079371,0.008071,0.00704,0.02807,0.01016,0.0,0.010652,0.0,8/31/2022,2022,8
1753,2022-09-01,TRASHIYANGTSE,BT-TY,0.319662,0.000253,0.006503,0.005669,0.0,0.109364,0.007967,0.01186,0.054842,0.003994,0.004061,0.070236,0.008868,0.00708,0.029148,0.00868,0.0,0.008764,0.0,9/30/2022,2022,9
1771,2022-10-01,TRASHIYANGTSE,BT-TY,0.260183,0.000162,0.005594,0.003783,0.0,0.090318,0.006137,0.008,0.047097,0.003491,0.004371,0.07457,0.007956,0.00676,0.02044,0.00834,0.0,0.007892,0.0,10/31/2022,2022,10
1789,2022-11-01,TRASHIYANGTSE,BT-TY,0.29012,0.000178,0.005687,0.005018,0.0,0.109399,0.007773,0.007707,0.047947,0.003211,0.004083,0.081292,0.009812,0.00592,0.02306,0.00998,0.0,0.005686,0.0,11/30/2022,2022,11
1807,2022-12-01,TRASHIYANGTSE,BT-TY,0.309799,0.000225,0.006209,0.005364,0.0,0.138173,0.013742,0.009161,0.050916,0.003949,0.003097,0.094106,0.009367,0.00516,0.023675,0.01316,0.0,0.012092,0.0,12/31/2022,2022,12
1827,2023-01-01,TRASHIYANGTSE,BT-TY,0.351435,0.00034,0.007026,0.005869,0.0,0.15374,0.013576,0.010044,0.060971,0.004274,0.004088,0.114451,0.010482,0.0056,0.023976,0.01356,0.0,0.008638,0.0,1/31/2023,2023,1
1845,2023-02-01,TRASHIYANGTSE,BT-TY,0.327076,0.000232,0.006621,0.005285,0.0,0.123775,0.009455,0.00999,0.054871,0.004552,0.003394,0.082088,0.00824,0.00584,0.018537,0.00804,0.0,0.005632,0.0,2/28/2023,2023,2
1863,2023-03-01,TRASHIYANGTSE,BT-TY,0.3295,0.000221,0.006476,0.005278,0.0,0.132289,0.009549,0.010336,0.049398,0.004173,0.003994,0.095698,0.009759,0.00464,0.017828,0.001382,0.001382,0.005565,0.0,3/31/2023,2023,3
1881,2023-04-01,TRASHIYANGTSE,BT-TY,0.294776,0.000119,0.006042,0.004496,0.0,0.123831,0.008021,0.010204,0.050155,0.003954,0.003429,0.107357,0.010468,0.00504,0.015468,0.01074,0.00063,0.004443,0.0,4/30/2023,2023,4
1899,2023-05-01,TRASHIYANGTSE,BT-TY,0.277535,6.1e-05,0.005372,0.004736,0.0,0.101936,0.006853,0.009443,0.052442,0.005371,0.002733,0.085739,0.008862,0.00528,0.016379,0.00944,0.000599,0.005247,0.0,5/31/2023,2023,5
1917,2023-06-01,TRASHIYANGTSE,BT-TY,0.267761,7.9e-05,0.005199,0.005344,0.0,0.100834,0.007304,0.008854,0.048396,0.004411,0.001687,0.087843,0.008722,0.0068,0.015113,0.00906,0.000226,0.00431,0.0,6/30/2023,2023,6
1935,2023-07-01,TRASHIYANGTSE,BT-TY,0.283604,0.000189,0.005813,0.003947,0.0,0.088588,0.012189,0.010038,0.045191,0.004777,0.001475,0.079192,0.008067,0.0058,0.015215,0.00928,0.000116,0.00355,0.0,7/31/2023,2023,7
1953,2023-08-01,TRASHIYANGTSE,BT-TY,0.27975,0.000142,0.005891,0.004232,0.0,0.085024,0.007846,0.00826,0.047871,0.00478,0.002278,0.072553,0.007584,0.00812,0.016376,0.01122,0.000107,0.0,0.0,8/31/2023,2023,8
1971,2023-09-01,TRASHIYANGTSE,BT-TY,0.284631,0.00011,0.005814,0.005533,0.0,0.097109,0.009837,0.009406,0.047931,0.004531,0.002517,0.082764,0.008072,0.00688,0.017989,0.0092,0.000367,0.00553,0.0,9/30/2023,2023,9
1989,2023-10-01,TRASHIYANGTSE,BT-TY,0.279933,0.000151,0.005519,0.004785,0.0,0.085819,0.0072,0.008391,0.052812,0.003961,0.001938,0.084101,0.006912,0.00736,0.017125,0.01054,0.000122,0.003622,0.0,10/31/2023,2023,10
2007,2023-11-01,TRASHIYANGTSE,BT-TY,0.29230366,0.000216,0.004898,0.00515,0.0,0.101836,0.011366,0.008693,0.049532,0.004424,0.004069,0.090462,0.007373,0.0062,0.021256,0.01198,0.000401,0.0,0.0,11/30/2023,2023,11
2025,2023-12-01,TRASHIYANGTSE,BT-TY,0.31583034,0.000189,0.004966,0.004921,0.0,0.134306,0.011144,0.010121,0.055491,0.003228,0.003101,0.118808,0.007193,0.00508,0.020962,0.01336,0.000437,0.002576,0.0,12/31/2023,2023,12
2043,2024-01-01,TRASHIYANGTSE,BT-TY,0.353565,0.000159,0.006639,0.005942,0.0,0.16395196,0.013284,0.010298,0.057912,0.004112,0.002647,0.111017,0.007739,0.00544,0.022989,0.01226,0.000313,0.01098,0.0,1/31/2024,2024,1
2061,2024-02-01,TRASHIYANGTSE,BT-TY,0.380627,0.000537,0.008497,0.006625,0.0,0.13953342,0.017754,0.010732,0.064826,0.003644,0.00281,0.103315,0.007251,0.00528,0.031353,0.00752,0.000531,0.010616,0.0,2/29/2024,2024,2
2079,2024-03-01,TRASHIYANGTSE,BT-TY,0.324713,0.000215,0.006911,0.006029,0.0,0.12546362,0.010701,0.008066,0.059827,0.004451,0.001697,0.113204,0.005913,0.00508,0.029182,0.00998,0.000437,0.009012,0.0,3/31/2024,2024,3
2097,2024-04-01,TRASHIYANGTSE,BT-TY,0.309202,0.000244,0.005808,0.004576,0.0,0.126204,0.007574,0.009469,0.05779485,0.00482,0.001648,0.130197,0.007333,0.0052,0.027661,0.01306,0.001058,0.012108,0.0,4/30/2024,2024,4
2115,2024-05-01,TRASHIYANGTSE,BT-TY,0.282697,0.00017,0.004689,0.004755,0.0,0.10156011,0.010227,0.009283,0.05072615,0.004339,0.001875,0.105188,0.006265,0.00572,0.021256,0.00884,7.7e-05,0.01046,0.0,5/31/2024,2024,5
2133,2024-06-01,TRASHIYANGTSE,BT-TY,0.291227,0.000213,0.004945,0.005182,0.0,0.095795,0.010784,0.008605,0.055645,0.003993,0.001298,0.098198,0.006025,0.0062,0.016689,0.00802,0.000268,0.006428,0.0,6/30/2024,2024,6
2151,2024-07-01,TRASHIYANGTSE,BT-TY,0.267991,0.00034,0.004534,0.004689,0.0,0.08848135,0.009763,0.008448,0.052725,0.003966,0.001581,0.078299,0.005164,0.00648,0.012832,0.00624,0.00039,0.012168,0.0,7/31/2024,2024,7
2169,2024-08-01,TRASHIYANGTSE,BT-TY,0.280846,0.000284,0.005273,0.005707,0.0,0.09245645,0.010522,0.009224,0.052416,0.00399,0.00193,0.078814,0.005836,0.0076,0.014148,0.00554,0.00039,0.010192,0.0,8/31/2024,2024,8
2187,2024-09-01,TRASHIYANGTSE,BT-TY,0.280274,0.000196,0.004962,0.004476,0.0,0.084769,0.010728,0.007979,0.052218,0.004718,0.002481,0.08962,0.00478,0.00832,0.016944,0.0063,0.000241,0.010164,0.0,9/30/2024,2024,9
2205,2024-10-01,TRASHIYANGTSE,BT-TY,0.285335,0.000316,0.005695,0.005746,0.0,0.090576,0.010392,0.007924,0.053325,0.004969,0.004131,0.091858,0.005192,0.00416,0.021533,0.00638,0.000305,0.0089,0.0,10/31/2024,2024,10
2223,2024-11-01,TRASHIYANGTSE,BT-TY,0.307866,0.000259,0.005562,0.004591,0.0,0.104512,0.012057,0.008592,0.054545,0.004351,0.003728,0.113031,0.006272,0.00896,0.028257,0.00878,0.000282,0.013436,0.0,11/30/2024,2024,11
2241,2024-12-01,TRASHIYANGTSE,BT-TY,0.310065,0.000256,0.005106,0.006493,0.0,0.12685,0.012594,0.008851,0.057578,0.002421,0.002244,0.115536,0.004625,0.00496,0.038949,0.01048,0.000389,0.008952,0.0,12/31/2024,2024,12
2260,2025-01-01,TRASHIYANGTSE,BT-TY,0.372369,0.000186,0.006526,0.008194,0.0,0.17299,0.018309,0.011779,0.080804,0.003068,0.001949,0.098775,0.005499,0.00516,0.058637,0.01002,0.000253,0.069408,0.0,1/31/2025,2025,1
2279,2025-02-01,TRASHIYANGTSE,BT-TY,0.365645,0.000284,0.006392,0.007074,0.0,0.135789,0.014358,0.077335,0.01065,0.003147,0.001695,0.08293,0.005511,0.00568,0.052996,0.00786,0.00029,0.078143,0.0,2/28/2025,2025,2
2298,2025-03-01,TRASHIYANGTSE,BT-TY,0.394891,0.000232,0.006852,0.005851,0.0,0.164077,0.020216,0.012926,0.07311,0.00349,0.001535,0.105681,0.005675,0.00504,0.077371,0.01276,0.000514,0.108087,0.0,3/31/2025,2025,3
2317,2025-04-01,TRASHIYANGTSE,BT-TY,0.313906,0.000183,0.005882,0.007517,,0.132835,0.007848,0.010506,0.068362,0.002792,0.001608,0.118136,0.004775,0.00528,0.077371,0.00898,0.000499,0.142088,0.0,4/30/2025,2025,4
2336,2025-05-01,TRASHIYANGTSE,BT-TY,0.298122,0.00016,0.005599,0.005393,,0.112711,0.010931,0.010801,0.070195,0.003606,0.001681,0.097571,0.004586,0.00536,0.061823,0.00716,0.000319,0.209544,0.0,5/31/2025,2025,5
2355,2025-06-01,TRASHIYANGTSE,BT-TY,0.285426,0.000251,0.005468,0.004721,,0.102513,0.010292,0.00963,0.069996,0.003939,0.001703,0.093321,0.004363,0.0068,0.04995,0.00686,0.000187,0.224756,0.0,6/1/2025,2025,6
2374,2025-07-01,TRASHIYANGTSE,BT-TY,0.289026,4.1e-05,0.00631,,0.096826,0.01168,0.00995,0.077015,0.003931,0.001679,0.079023,0.004973,0.00828,0.053511,0.00508,0.000471,0.004868,0.270432,0.0,7/1/2025,2025,7
2393,2025-08-01,TRASHIYANGTSE,BT-TY,0.316771,0.000381,0.006409,0.00593,,0.103709,0.011115,0.009875,0.082984,0.003926,0.002839,0.088256,0.004759,0.00912,0.06397,0.00464,0.000617,0.349281,0.0,8/1/2025,2025,8
2412,2025-09-01,TRASHIYANGTSE,BT-TY,0.291873,9.4e-05,0.006273,0.006761,,0.101191,0.01157,0.010713,0.076908,0.004969,0.003039,0.088976,0.005016,0.00912,0.064913,0.00608,0.000527,0.370278,0.0,9/1/2025,2025,9
2431,2025-10-01,TRASHIYANGTSE,BT-TY,0.294386,0.000148,0.006192,0.006431,,0.105947,0.012313,0.010583,0.073434,0.005284,0.004084,0.091071,0.004776,0.00868,0.07031,0.0059,0.000233,0.373622,0.0,10/1/2025,2025,10
2450,2025-11-01,TRASHIYANGTSE,BT-TY,0.316739,0.000425,0.00582,0.013631,,0.10817,0.018403,0.012538,0.078399,0.005024,0.003987,0.09348,0.005014,0.00688,0.094558,0.00726,0.000615,0.448982,0.0,11/1/2025,2025,11
2469,2025-12-01,TRASHIYANGTSE,BT-TY,0.347963,0.000247,0.006252,0.01007,,0.134304,0.018801,0.012687,0.07502,0.002834,0.006819,0.107784,0.004673,0.00548,0.115224,0.00996,0.000682,0.596749,0.0,12/1/2025,2025,12
16,2015-01-01,TRONGSA,BT-32,0.20416,0.0,0.0,0.0,0.0,0.109629,0.0,0.0,0.059846,0.003342,5.6e-05,0.051909,0.002538,0.0,0.016933,0.125363,0.0,2.379653,0.0,1/31/2015,2015,1
35,2015-02-01,TRONGSA,BT-32,0.179547,0.0,0.0,0.0,0.0,0.08507,0.0,0.0,0.055033,0.002683,0.000137,0.046089,0.002613,0.0,0.022243,0.122409,0.0,2.166826,0.0,2/28/2015,2015,2
54,2015-03-01,TRONGSA,BT-32,0.172069,0.0,0.0,0.0,0.0,0.052309,0.0,0.0,0.037812,0.001472,0.00017,0.061637,0.001465,0.0016,0.012157,0.085725,0.0,2.240821,0.0,3/31/2015,2015,3
73,2015-04-01,TRONGSA,BT-32,0.170685,0.0,0.0,0.0,0.0,0.08066,0.0,0.0,0.050155,0.00277,0.000206,0.059989,0.002615,0.00484,0.018744,0.136502,0.0,2.126987,0.0,4/30/2015,2015,4
92,2015-05-01,TRONGSA,BT-32,0.190976,0.0,0.0,0.0,0.0,0.077562,0.0,0.0,0.047506,0.00336,0.00011,0.065021,0.002404,0.003708,0.020512,0.11156,0.0,2.100265,0.0,5/31/2015,2015,5
111,2015-06-01,TRONGSA,BT-32,0.181573,0.0,0.0,0.0,0.0,0.047929,0.0,0.0,0.038215,0.001704,9.8e-05,0.052108,0.001349,0.003018,0.016338,0.073391,0.0,1.917043,0.0,6/30/2015,2015,6
130,2015-07-01,TRONGSA,BT-32,0.170845,0.0,0.0,0.0,0.0,0.075644,0.0,0.0,0.042487,0.0034,6.3e-05,0.041031,0.002448,0.002551,0.016644,0.087329,0.0,1.954598,0.0,7/31/2015,2015,7
149,2015-08-01,TRONGSA,BT-32,0.122199,0.0,0.0,0.0,0.0,0.023966,0.0,0.0,0.021939,0.000852,4.2e-05,0.032428,0.000324,0.003561,0.00941,0.052826,0.0,1.980037,0.0,8/31/2015,2015,8
168,2015-09-01,TRONGSA,BT-32,0.171637,0.0,0.0,0.0,0.0,0.066015,0.0,0.0,0.044264,0.002639,0.000124,0.051726,0.001365,0.006181,0.021597,0.087711,0.0,2.072291,0.0,9/30/2015,2015,9
187,2015-10-01,TRONGSA,BT-32,0.160387,0.0,0.0,0.0,0.0,0.057494,0.0,0.0,0.039286,0.00198,0.000181,0.053705,0.002097,0.006348,0.020938,0.104455,0.0,2.237809,0.0,10/31/2015,2015,10
206,2015-11-01,TRONGSA,BT-32,0.200143,0.0,0.0,0.0,0.0,0.113743,0.0,0.0,0.074496,0.004289,0.000774,0.079259,0.003396,0.007309,0.032486,0.164208,0.0,2.175463,0.0,11/30/2015,2015,11
225,2015-12-01,TRONGSA,BT-32,0.15809,0.0,0.0,0.0,0.0,0.038148,0.0,0.0,0.036777,0.001452,0.000359,0.050152,0.000934,0.002254,0.014115,0.072529,0.0,2.591582,0.0,12/31/2015,2015,12
244,2016-01-01,TRONGSA,BT-32,0.202801,0.0,0.0,0.0,0.0,0.110805,0.0,0.0,0.078868,0.00263,6.7e-05,0.055831,0.003024,0.005291,0.024648,0.155155,0.0,2.818362,0.0,1/31/2016,2016,1
263,2016-02-01,TRONGSA,BT-32,0.192426,0.0,0.0,0.0,0.0,0.0819,0.0,0.0,0.058928,0.003465,3.6e-05,0.054591,0.002088,0.004207,0.02507,0.128929,0.0,2.520518,0.0,2/29/2016,2016,2
282,2016-03-01,TRONGSA,BT-32,0.20891,0.0,0.0,0.0,0.0,0.080406,0.0,0.0,0.068623,0.003221,5.8e-05,0.069324,0.001544,0.003652,0.026566,0.12317,0.0,2.435035,0.0,3/31/2016,2016,3
301,2016-04-01,TRONGSA,BT-32,0.190122,0.0,0.0,0.0,0.0,0.080818,0.0,0.0,0.063872,0.003841,8.7e-05,0.075638,0.001058,0.001467,0.028759,0.109664,0.0,2.24726633,0.0,4/30/2016,2016,4
320,2016-05-01,TRONGSA,BT-32,0.186225,0.0,0.0,0.0,0.0,0.059105,0.0,0.0,0.049961,0.009103,8.8e-05,0.061603,0.001597,0.002355,0.026449,0.086999,0.0,2.35354865,0.0,5/31/2016,2016,5
339,2016-06-01,TRONGSA,BT-32,0.18734,0.0,0.0,0.0,0.0,0.063853,0.0,0.0,0.048844,0.008098,8.7e-05,0.062382,0.000881,0.008604,0.029586,0.081957,0.0,2.253763,0.0,6/30/2016,2016,6
358,2016-07-01,TRONGSA,BT-32,0.169252,0.0,0.0,0.0,0.0,0.065821,0.0,0.0,0.04611,0.008049,7.7e-05,0.037647,0.001557,0.004722,0.022197,0.075283,0.0,2.310562,0.0,7/31/2016,2016,7
377,2016-08-01,TRONGSA,BT-32,0.189257,0.0,0.0,0.0,0.0,0.063018,0.0,0.0,0.047822,0.005334,9.6e-05,0.049407,0.002299,0.003632,0.025349,0.070572,0.0,2.30452,0.0,8/31/2016,2016,8
396,2016-09-01,TRONGSA,BT-32,0.170342,0.0,0.0,0.0,0.0,0.06096,0.0,0.0,0.046092,0.004737,8.6e-05,0.050618,0.001198,0.004891,0.02917,0.070572,0.0,2.33493,0.0,9/30/2016,2016,9
415,2016-10-01,TRONGSA,BT-32,0.193309,0.0,0.0,0.0,0.0,0.062128,0.0,0.0,0.052556,0.006064,0.001448,0.06375,0.00161,0.004414,0.035963,0.085677,0.0,2.385807,0.0,10/31/2016,2016,10
434,2016-11-01,TRONGSA,BT-32,0.193409,0.0,0.0,0.0,0.0,0.062204,0.0,0.0,0.061492,0.008667,0.00012,0.062843,0.005863,0.003866,0.052034,0.123113,0.0,2.381338,0.0,11/30/2016,2016,11
453,2016-12-01,TRONGSA,BT-32,0.201411,0.0,0.0,0.0,0.0,0.092382,0.0,0.0,0.065606,0.009843,0.00035,0.070166,0.005486,0.005184,0.054399,0.163908,0.0,3.11587,0.0,12/31/2016,2016,12
472,2017-01-01,TRONGSA,BT-32,0.240075,0.0,0.00022,0.0,0.0,0.117541,0.022655,0.0,0.088002,0.013493,7.3e-05,0.040842,0.003075,0.005032,0.055015,0.128726,0.0,2.90602118,0.0,1/31/2017,2017,1
491,2017-02-01,TRONGSA,BT-32,0.22777,0.0,0.000208,0.0,0.0,0.088978,0.018844,0.0,0.069063,0.012137,2.8e-05,0.064141,0.003068,0.006062,0.069252,0.128241,0.0,2.07019425,0.0,2/28/2017,2017,2
510,2017-03-01,TRONGSA,BT-32,0.208693,0.0,0.000162,0.0,0.0,0.089831,0.027052,0.0,0.066438,0.010422,0.000333,0.053849,0.002943,0.002647,0.061884,0.101155,0.0,2.534967,0.0,3/31/2017,2017,3
529,2017-04-01,TRONGSA,BT-32,0.218832,0.0,0.000169,0.0,0.0,0.077739,0.014803,0.0,0.073685,0.011012,0.000181,0.06157,0.002423,0.003454,0.051465,0.09773,0.0,2.19806916,0.0,4/30/2017,2017,4
548,2017-05-01,TRONGSA,BT-32,0.2348,0.0,0.002921,7.3e-05,0.0,0.049047,0.006243,0.0,0.02782,0.004677,0.000122,0.048047,0.002709,0.00355,0.045244,0.069628,0.0,2.133877,0.0,5/31/2017,2017,5
567,2017-06-01,TRONGSA,BT-32,0.247624,0.0,0.003449,0.000246,0.0,0.087954,0.011756,0.0,0.023932,0.006203,5e-05,0.04731,0.003475,0.001805,0.036367,0.089211,0.0,1.8752085,0.0,6/30/2017,2017,6
586,2017-07-01,TRONGSA,BT-32,0.244783,0.000134,0.003603,0.000444,0.0,0.076571,0.012195,0.0,0.020804,0.005648,3.2e-05,0.036996,0.002675,0.003873,0.036983,0.075682,0.0,1.99110645,0.0,7/31/2017,2017,7
605,2017-08-01,TRONGSA,BT-32,0.237691,0.000184,0.003375,0.00025,0.0,0.063245,0.011007,0.0,0.020268,0.003605,1e-05,0.031267,0.003745,0.003453,0.026209,0.060785,0.0,2.00725365,0.0,8/31/2017,2017,8
624,2017-09-01,TRONGSA,BT-32,0.244945,0.00025,0.00272,0.001661,0.0,0.109622,0.0131,0.0,0.039331,0.007535,7.3e-05,0.040228,0.014384,0.008179,0.029367,0.080947,0.0,1.927421,0.0,9/30/2017,2017,9
643,2017-10-01,TRONGSA,BT-32,0.240208,0.000297,0.00407,0.000605,0.0,0.059323,0.00656,0.0,0.026885,0.002993,3e-05,0.035214,0.006044,0.009993,0.023242,0.059501,0.0,2.0565,0.0,10/31/2017,2017,10
662,2017-11-01,TRONGSA,BT-32,0.27218,0.000335,0.004319,0.000524,0.0,0.094016,0.015457,0.0,0.037136,0.004424,0.000207,0.052375,0.010747,0.000989,0.033501,0.090155,0.0,2.312053,0.0,11/30/2017,2017,11
681,2017-12-01,TRONGSA,BT-32,0.278951,0.00038,0.003948,0.000623,0.0,0.122374,0.013702,0.0,0.040646,0.007123,0.000124,0.050436,0.006807,0.000701,0.037628,0.108897,0.0,2.589074,0.0,12/31/2017,2017,12
700,2018-01-01,TRONGSA,BT-32,0.31388,0.00051,0.00831,0.000619,0.0,0.121852,0.025661,0.0,0.051383,0.007701,0.000226,0.035687,0.007237,0.002954,0.035122,0.107438,0.0,2.67315367,0.0,1/31/2018,2018,1
719,2018-02-01,TRONGSA,BT-32,0.297987,0.000639,0.007382,0.001307,0.0,0.11911,0.022425,0.0,0.049885,0.005645,0.000226,0.03692,0.008019,0.004061,0.037298,0.093722,0.0,2.401644,0.0,2/28/2018,2018,2
738,2018-03-01,TRONGSA,BT-32,0.289721,0.000488,0.005616,0.000105,0.0,0.117414,0.020176,0.0,0.036164,0.005166,0.000226,0.061956,0.006598,0.003465,0.042313,0.101019,0.0,2.442205,0.0,3/31/2018,2018,3
757,2018-04-01,TRONGSA,BT-32,0.284684,0.000402,0.00507,0.000544,0.0,0.111892,0.018023,0.0,0.028625,0.00626,0.0,0.059374,0.00705,0.002663,0.044499,0.121631,0.0,2.153822,0.0,4/30/2018,2018,4
776,2018-05-01,TRONGSA,BT-32,0.306942,0.000566,0.005505,0.000893,0.0,0.102007,0.020166,0.0,0.025504,0.006489,0.0,0.06623,0.005691,0.003959,0.046857,0.122999,0.0,2.024158,0.0,5/31/2018,2018,5
795,2018-06-01,TRONGSA,BT-32,0.265682,0.00046,0.007017,0.001274,0.0,0.093848,0.013366,0.0,0.021832,0.005777,0.0,0.056761,0.007915,0.004441,0.046876,0.110197,0.0,1.75788,0.0,6/30/2018,2018,6
814,2018-07-01,TRONGSA,BT-32,0.237707,0.000507,0.005529,0.000472,0.0,0.074548,0.010991,0.0,0.021914,0.005532,0.0,0.043343,0.004201,0.003933,0.038141,0.087777,0.0,1.785548,0.0,7/31/2018,2018,7
833,2018-08-01,TRONGSA,BT-32,0.236117,0.000595,0.006195,0.000295,0.0,0.073273,0.007583,0.0,0.022247,0.005467,0.0,0.03635,0.004995,0.004202,0.017442,0.066764,0.0,1.716497,0.0,8/31/2018,2018,8
852,2018-09-01,TRONGSA,BT-32,0.251775,0.000468,0.005762,0.000393,0.0,0.076087,0.008067,0.0,0.020427,0.005023,0.0,0.049014,0.009378,0.004342,0.026621,0.077725,0.0,1.717275,0.0,9/30/2018,2018,9
871,2018-10-01,TRONGSA,BT-32,0.298213,0.000852,0.006425,0.000489,0.0,0.077621,0.011644,0.0,0.019886,0.004549,0.0,0.057894,0.007914,0.0061,0.020303,0.082768,0.0,1.905086,0.0,10/31/2018,2018,10
890,2018-11-01,TRONGSA,BT-32,0.305216,0.000919,0.007469,0.000687,0.0,0.103365,0.012979,0.0,0.031608,0.00606,0.0,0.053248,0.007373,0.004971,0.022255,0.126292,0.0,1.95089,0.0,11/30/2018,2018,11
909,2018-12-01,TRONGSA,BT-32,0.33648,0.00093,0.007482,0.000363,0.0,0.131478,0.014322,0.0,0.030225,0.007034,0.0,0.044614,0.006183,0.003451,0.028988,0.138177,0.0,2.31739625,0.0,12/31/2018,2018,12
928,2019-01-01,TRONGSA,BT-32,0.324163,0.000468,0.008728,0.000468,0.0,0.143916,0.016406,0.0,0.03471,0.007943,0.0,0.035605,0.006043,0.004021,0.031342,0.137062,0.0,2.177411018,0.0,1/31/2019,2019,1
947,2019-02-01,TRONGSA,BT-32,0.308086,0.001433,0.007763,0.000206,0.0,0.146778,0.014186,0.0,0.038029,0.007253,0.0,0.033445,0.008035,0.003646,0.024565,0.142735,0.0,1.80026599,0.0,2/28/2019,2019,2
966,2019-03-01,TRONGSA,BT-32,0.308661,0.001012,0.006585,0.000342,0.0,0.126949,0.011847,0.0,0.030944,0.008269,0.0,0.047908,0.005133,0.002405,0.029852,0.110809,0.0,1.863475015,0.0,3/31/2019,2019,3
985,2019-04-01,TRONGSA,BT-32,0.323577,0.001149,0.007395,0.000879,0.0,0.124822,0.018637,0.0,0.028443,0.011424,4.1e-05,0.048296,0.006052,0.003885,0.032158,0.118846,0.0,1.55732372,0.0,4/30/2019,2019,4
1004,2019-05-01,TRONGSA,BT-32,0.283834,0.000804,0.006184,0.000543,0.0,0.10363,0.008946,0.0,0.026229,0.007315,4e-06,0.042769,0.007127,0.004393,0.01872,0.102401,0.0,1.62569609,0.0,5/31/2019,2019,5
1023,2019-06-01,TRONGSA,BT-32,0.275171,0.00079,0.006475,0.00054,0.0,0.088249,0.009417,0.0,0.025436,0.007908,4e-06,0.048924,0.011596,0.003672,0.019717,0.077872,0.0,1.639735506,0.0,6/30/2019,2019,6
1042,2019-07-01,TRONGSA,BT-32,0.250646,0.000868,0.006449,0.000533,0.0,0.077838,0.009644,0.0,0.019935,0.006864,0.0,0.039374,0.006959,0.004694,0.014473,0.063966,0.0,1.859778502,0.0,7/31/2019,2019,7
1061,2019-08-01,TRONGSA,BT-32,0.254689,0.000849,0.006893,0.000542,0.0,0.079643,0.00835,0.0,0.022524,0.007187,0.0,0.032577,0.00606,0.00546,0.013014,0.059403,0.0,1.69231163,0.0,8/31/2019,2019,8
1080,2019-09-01,TRONGSA,BT-32,0.262503,0.000537,0.006488,0.000464,0.0,0.07399,0.007707,0.0,0.021359,0.00634,2e-06,0.0416689,0.007232,0.005464,0.015254,0.059068,0.0,1.586727631,0.0,9/30/2019,2019,9
1099,2019-10-01,TRONGSA,BT-32,0.277051,0.000666,0.006897,0.000402,0.0,0.087662,0.007734,0.0,0.022489,0.006008,4e-06,0.048299,0.007795,0.006171,0.016278,0.078845,0.0,1.833099275,0.0,10/31/2019,2019,10
1118,2019-11-01,TRONGSA,BT-32,0.27904,0.000948,0.007038,0.000457,0.0,0.090415,0.009207,0.0,0.024825,0.00493,5e-06,0.052472,0.006681,0.004685,0.014958,0.084435,0.0,1.622015624,0.0,11/30/2019,2019,11
1137,2019-12-01,TRONGSA,BT-32,0.300106,0.001172,0.006914,0.000619,0.0,0.118416,0.008812,0.000128,0.032956,0.006935,5e-06,0.053552,0.007414,0.003629,0.017755,0.095318,0.0,2.134712603,0.0,12/31/2019,2019,12
1156,2020-01-01,TRONGSA,BT-32,0.321935,0.001255,0.007955,0.000834,0.0,0.138619,0.014376,0.000329,0.041387,0.007057,5e-06,0.040321,0.007013,0.004092,0.014428,0.120865,0.0,2.024823931,0.0,1/31/2020,2020,1
1175,2020-02-01,TRONGSA,BT-32,0.335106,0.000994,0.008211,0.001055,0.0,0.150228,0.013253,0.000311,0.03629,0.006738,6e-06,0.042685,0.009937,0.004374,0.012452,0.11416,0.0,2.018663607,0.0,2/29/2020,2020,2
1194,2020-03-01,TRONGSA,BT-32,0.377429,0.001543,0.00832,0.000917,0.0,0.151501,0.012462,0.011623,0.032278,0.00437,7e-06,0.057286,0.008695,0.005089,0.024018,0.111532,0.0,2.14735428,0.0,3/31/2020,2020,3
1213,2020-04-01,TRONGSA,BT-32,0.320349,0.002119,0.007719,0.00132,0.0,0.129094,0.015184,0.007411,0.026483,0.004202,0.0,0.049767,0.009493,0.002408,0.01717,0.092242,0.0,1.73388462,0.0,4/30/2020,2020,4
1232,2020-05-01,TRONGSA,BT-32,0.31452,0.001054,0.007697,0.001175,0.0,0.11526,0.009683,0.007529,0.021101,0.006901,0.0,0.039051,0.007665,0.00369,0.012716,0.077765,0.0,1.30520066,0.0,5/31/2020,2020,5
1251,2020-06-01,TRONGSA,BT-32,0.299182,0.001359,0.009311,0.000726,0.0,0.105978,0.01286,0.006724,0.019572,0.004996,8.8e-05,0.040083,0.010503,0.004146,0.010532,0.069614,0.0,1.158547628,0.0,6/30/2020,2020,6
1270,2020-07-01,TRONGSA,BT-32,0.296575,0.000994,0.011064,0.001104,0.0,0.088378,0.011552,0.007271,0.022023,0.004005,0.0,0.043159,0.007789,0.004194,0.009515,0.070331,0.0,1.399162628,0.0,7/31/2020,2020,7
1289,2020-08-01,TRONGSA,BT-32,0.28480155,0.001413,0.01244255,0.000904,0.0,0.0887631,0.01075747,0.00531,0.02075675,0.00209603,0.0,0.04576368,0.00844612,0.005571,0.01211614,0.0621384,0.0,0.900297299,0.0,8/31/2020,2020,8
1308,2020-09-01,TRONGSA,BT-32,0.29583409,0.00125087,0.01107048,0.00094062,0.0,0.09363087,0.0118526,0.00650495,0.02087961,0.00331803,2.97e-05,0.04102585,0.00880288,0.0046874,0.0106765,0.06921105,0.0,1.031062304,0.0,9/30/2020,2020,9
1327,2020-10-01,TRONGSA,BT-32,0.27829795,0.00133513,0.01407297,0.00072938,0.0,0.06391803,0.00707093,0.00412905,0.01287964,0.00172294,2.35e-06,0.05296147,0.007843,0.0059786,0.01367136,0.04930475,0.0,1.183795964,0.0,10/31/2020,2020,10
1346,2020-11-01,TRONGSA,BT-32,0.287138,0.001772,0.012935,0.000768,0.0,0.081671,0.010882,0.007423,0.019347,0.00258,0.0,0.048596,0.009633,0.004991,0.013272,0.05497,0.0,1.26203062,0.0,11/30/2020,2020,11
1365,2020-12-01,TRONGSA,BT-32,0.347969,0.001205,0.01505,0.001029,0.0,0.124037,0.008876,0.009075,0.03014,0.003735,6e-06,0.067191,0.010822,0.005364,0.019218,0.080429,0.0,1.440762604,0.0,12/31/2020,2020,12
1383,2021-01-01,TRONGSA,BT-32,0.40071674,0.00214,0.01335756,0.001331,0.0,0.160586,0.015447,0.012035,0.042434,0.004853,0.0,0.07722301,0.009757,0.004561,0.019824,0.09671529,0.0,1.44005027,0.0,1/31/2021,2021,1
1402,2021-02-01,TRONGSA,BT-32,0.40418226,0.002651,0.00781744,0.000521,0.0,0.151529,0.011427,0.009639,0.042308,0.005023,4.3e-05,0.07583999,0.009617,0.003471,0.016315,0.12711871,0.0,1.53729527,0.0,2/28/2021,2021,2
1421,2021-03-01,TRONGSA,BT-32,0.360857,0.001859,0.007737,0.000981,0.0,0.129212,0.010766,0.00878,0.030888,0.004372,0.0,0.073566,0.008413,0.003458,0.017323,0.093195,0.0,1.42816695,0.0,3/31/2021,2021,3
1440,2021-04-01,TRONGSA,BT-32,0.347098,0.001655,0.006845,0.002455,0.0,0.133735,0.014014,0.008481,0.035477,0.004473,0.0,0.065461,0.0082,0.003917,0.018455,0.088657,0.0,1.13155996,0.0,4/30/2021,2021,4
1459,2021-05-01,TRONGSA,BT-32,0.316439,0.000966,0.007232,0.000969,0.0,0.103106,0.011837,0.006203,0.033045,0.004599,0.000231,0.065105,0.006508,0.003305,0.015702,0.071861,0.0,0.93132596,0.0,5/31/2021,2021,5
1478,2021-06-01,TRONGSA,BT-32,0.302129,0.001317,0.008281,0.001181,0.0,0.096805,0.011147,0.006506,0.032872,0.003499,0.000742,0.059016,0.007069,0.004581,0.014817,0.064099,0.0,0.8597263,0.0,6/30/2021,2021,6
1497,2021-07-01,TRONGSA,BT-32,0.282483,0.000628,0.007986,0.000918,0.0,0.080247,0.008138,0.005365,0.02988,0.002776,0.001125,0.054572,0.007688,0.004968,0.009469,0.056625,0.0,0.78791563,0.0,7/31/2021,2021,7
1516,2021-08-01,TRONGSA,BT-32,0.265109,0.000483,0.009314,0.000818,0.0,0.076582,0.007113,0.004412,0.028922,0.003262,0.000691,0.055679,0.007082,0.00495,0.008359,0.047519,0.0,1.06819363,0.0,8/31/2021,2021,8
1535,2021-09-01,TRONGSA,BT-32,0.273676,0.00025,0.009612,0.000979,0.0,0.080744,0.00885,0.005028,0.030397,0.003044,0.000982,0.06326,0.007749,0.004831,0.011447,0.053833,0.0,0.84802997,0.0,9/30/2021,2021,9
1554,2021-10-01,TRONGSA,BT-32,0.269866,0.00022,0.010232,0.001323,0.0,0.0779,0.006924,0.006519,0.030236,0.003204,0.001262,0.067169,0.008067,0.004493,0.010911,0.051459,0.0,0.91258663,0.0,10/31/2021,2021,10
1573,2021-11-01,TRONGSA,BT-32,0.296989,0.000503,0.01066,0.001864,0.0,0.084376,0.008633,0.00674,0.033564,0.003631,0.001235,0.073376,0.009294,0.00293,0.011182,0.061872,0.0,1.25551895,0.0,11/30/2021,2021,11
1592,2021-12-01,TRONGSA,BT-32,0.360112,2e-06,0.007332,0.001847,0.0,0.133085,0.012211,0.009717,0.039204,0.004549,0.001674,0.106905,0.009018,0.002913,0.019845,0.063909,0.0,1.4856066,0.0,12/31/2021,2021,12
1611,2022-01-01,TRONGSA,BT-32,0.399923,1e-06,0.009016,0.002214,0.0,0.164308,0.01289,0.011139,0.048729,0.005084,0.001831,0.080011,0.009545,0.003166,0.027535,0.073898,0.0,1.898389924,0.0,1/31/2022,2022,1
1629,2022-02-01,TRONGSA,BT-32,0.439901,0.0,0.008934,0.001664,0.0,0.171699,0.012028,0.011065,0.046893,0.004846,0.0016,0.091452,0.010753,0.003589,0.034011,0.083199,0.0,3.571996369,0.0,2/28/2022,2022,2
1647,2022-03-01,TRONGSA,BT-32,0.356503,0.0,0.007578,0.00158,0.0,0.142361,0.009229,0.00864,0.03907,0.003827,0.000907,0.085141,0.008364,0.002604,0.031983,0.073257,0.0,6.149388476,0.0,3/31/2022,2022,3
1665,2022-04-01,TRONGSA,BT-32,0.336997,0.0,0.007193,0.002447,0.0,0.11199512,0.009435,0.006541,0.030075,0.003309,0.001582,0.089348,0.010323,0.003755,0.029401,0.060075,0.0,7.006601961,0.0,4/30/2022,2022,4
1683,2022-05-01,TRONGSA,BT-32,0.297833,2e-06,0.009027,0.002797,0.0,0.08933588,0.007688,0.00587,0.030973,0.00322,0.001647,0.085741,0.006884,0.003331,0.025535,0.049672,0.0,7.257274964,0.0,5/31/2022,2022,5
1701,2022-06-01,TRONGSA,BT-32,0.30104877,0.0,0.008192,0.001271,0.0,0.086031,0.007078,0.005853,0.034652,0.002952,0.00145,0.094823,0.008579,0.003536,0.024636,0.058743,0.0,0.849434799,11.7887772,6/30/2022,2022,6
1719,2022-07-01,TRONGSA,BT-32,0.28783401,0.0,0.00861,0.001266,0.0,0.080169,0.007733,0.005298,0.033578,0.002907,0.002736,0.085335,0.008769,0.002981,0.022119,0.047424,0.0,0.80850073,20.2018276,7/31/2022,2022,7
1737,2022-08-01,TRONGSA,BT-32,0.28726674,0.0,0.007322,0.002153,0.0,0.077732,0.006129,0.005612,0.032118,0.00291,0.002046,0.07083,0.008852,0.00148,0.016628,0.042131,0.0,0.779704998,21.0921808,8/31/2022,2022,8
1755,2022-09-01,TRONGSA,BT-32,0.30860248,0.0,0.009123,0.001546,0.0,0.081209,0.00778,0.004675,0.03376,0.0027,0.002032,0.077765,0.009127,0.001187,0.017275,0.044888,0.0,0.759810764,24.031158,9/30/2022,2022,9
1773,2022-10-01,TRONGSA,BT-32,0.301305,0.0,0.008337,0.001491,0.0,0.079305,0.006751,0.005019,0.033531,0.003062,0.002206,0.092569,0.008629,0.001135,0.01837,0.054112,0.0,0.983145495,33.4124625,10/31/2022,2022,10
1791,2022-11-01,TRONGSA,BT-32,0.318882,0.0,0.015212,0.001636,0.0,0.098033,0.004353,0.007379,0.036826,0.003196,0.002231,0.095111,0.008675,0.001564,0.019953,0.072514,0.0,1.247278086,42.7491618,11/30/2022,2022,11
1809,2022-12-01,TRONGSA,BT-32,0.360011,0.0,0.008714,0.001762,0.0,0.132672,0.010677,0.007687,0.043895,0.003182,0.001669,0.102539,0.009164,0.001756,0.025246,0.088392,0.0,1.275952145,45.0362666,12/31/2022,2022,12
1825,2023-01-01,TRONGSA,BT-32,0.410415,0.0,0.009484,0.002632,0.0,0.161235,0.013381,0.008707,0.055904,0.003433,0.002047,0.097819,0.009651,0.002332,0.025248,0.0979,0.0,1.38061661,45.5317,1/31/2023,2023,1
1843,2023-02-01,TRONGSA,BT-32,0.374393,0.0,0.0093,0.002268,0.0,0.147298,0.006871,0.008191,0.052187,0.003949,0.0021,0.072827,0.00837,0.002324,0.019438,0.108895,0.0,1.16122732,41.568694,2/28/2023,2023,2
1861,2023-03-01,TRONGSA,BT-32,0.36113031,0.0,0.008986,0.002645,0.0,0.132696,0.006651,0.006301,0.049103,0.003011,0.001267,0.113942,0.007327,0.001753,0.025902,0.0,0.0,0.904597385,45.381512,3/31/2023,2023,3
1879,2023-04-01,TRONGSA,BT-32,0.35191643,2.4e-05,0.008346,0.003844,0.0,0.132397,0.011265,0.005653,0.047668,0.002497,0.002456,0.109814,0.007608,0.00116,0.03045,0.113567,0.0,0.78077046,44.560618,4/30/2023,2023,4
1897,2023-05-01,TRONGSA,BT-32,0.315077,0.0,0.00704,0.002226,0.0,0.127006,0.008945,0.004709,0.04271,0.002386,0.003897,0.1046979,0.010531,0.001105,0.023645,0.090348,0.0,1.62296966,48.0144012,5/31/2023,2023,5
1915,2023-06-01,TRONGSA,BT-32,0.303456,5.5e-05,0.009003,0.002907,0.0,0.093268,0.008458,0.005872,0.042446,0.002417,0.00327,0.0943711,0.010914,0.001232,0.020277,0.072497,0.0,1.4521834,45.0363418,6/30/2023,2023,6
1933,2023-07-01,TRONGSA,BT-32,0.281684,0.0,0.008098,0.002335,0.0,0.077956,0.006613,0.004736,0.036752,0.001929,0.00731,0.085142,0.010548,0.001265,0.014667,0.054833,0.0,0.67342233,46.1901636,7/31/2023,2023,7
1951,2023-08-01,TRONGSA,BT-32,0.285071,1.2e-05,0.011304,0.002171,0.0,0.07521,0.006827,0.003969,0.037514,0.002147,0.010486,0.0701498,0.010682,0.001348,0.011311,0.046856,0.0,0.63459746,46.2779322,8/31/2023,2023,8
1969,2023-09-01,TRONGSA,BT-32,0.290718,1.3e-05,0.011,0.00224,0.0,0.080881,0.006766,0.004542,0.039099,0.002581,0.011046,0.0934012,0.010057,0.003795,0.022912,0.05682,0.0,0.4541756,44.3137848,9/30/2023,2023,9
1987,2023-10-01,TRONGSA,BT-32,0.27490462,5e-06,0.010676,0.002139,0.0,0.077092,0.006721,0.003705,0.037095,0.002126,0.004009,0.081356,0.009027,0.00395,0.016135,0.057142,0.0,0.56545143,45.0801514,10/31/2023,2023,10
2005,2023-11-01,TRONGSA,BT-32,0.31890464,0.0,0.010115,0.002819,0.0,0.097345,0.007425,0.00496,0.041175,0.001858,0.004042,0.094374,0.010146,0.003659,0.024651,0.084981,0.00036,0.53131779,41.5820938,11/30/2023,2023,11
2023,2023-12-01,TRONGSA,BT-32,0.34289,6.1e-05,0.009048,0.003074,0.0,0.132688,0.009479,0.006776,0.050008,0.002962,0.004178,0.095953,0.010262,0.00439,0.028428,0.090186,0.00204,0.58569221,44.006754,12/31/2023,2023,12
2041,2024-01-01,TRONGSA,BT-32,0.385766,9.9e-05,0.008968,0.003832,0.0,0.161677,0.012744,0.009525,0.057455,0.003141,0.002713,0.086885,0.011188,0.005305,0.02821,0.104456,0.00168,0.47574827,43.391798,1/31/2024,2024,1
2059,2024-02-01,TRONGSA,BT-32,0.407285,5.6e-05,0.007277,0.002388,0.0,0.154986,0.010173,0.008953,0.056396,0.002565,0.001836,0.071086,0.012219,0.004774,0.027326,0.088293,0.0026,0.40194398,42.293648,2/29/2024,2024,2
2077,2024-03-01,TRONGSA,BT-32,0.3715252,0.000137,0.007643,0.005749,0.0,0.15738038,0.013332,0.008425,0.052396,0.003078,0.001484,0.0957,0.009608,0.004901,0.031143,0.114021,0.00124,0.62211095,44.2847278,3/31/2024,2024,3
2095,2024-04-01,TRONGSA,BT-32,0.3415078,0.000101,0.005762,0.005688,0.0,0.14446962,0.014372,0.00722,0.047018,0.00234,0.00098,0.112148,0.010236,0.004154,0.038375,0.116156,0.001,0.596103927,41.922288,4/30/2024,2024,4
2113,2024-05-01,TRONGSA,BT-32,0.297169,0.000101,0.007843,0.004818,0.0,0.10543,0.01045,0.004862,0.041655,0.00214,0.001147,0.098262,0.010587,0.003924,0.028707,0.095549,0.00096,0.579658796,43.55973,5/31/2024,2024,5
2131,2024-06-01,TRONGSA,BT-32,0.288044,1.7e-05,0.006359,0.003764,0.0,0.091671,0.009603,0.005519,0.03842,0.002265,0.000924,0.089851,0.009893,0.003779,0.026733,0.068161,0.00132,0.302308798,41.685376,6/30/2024,2024,6
2149,2024-07-01,TRONGSA,BT-32,0.27598726,7e-05,0.00576,0.003143,0.0,0.085,0.008084,0.00477,0.037295,0.001686,0.004527,0.077163,0.009652,0.004264,0.022027,0.055768,0.00112,0.30779193,43.330466,7/31/2024,2024,7
2167,2024-08-01,TRONGSA,BT-32,0.26995774,0.000138,0.005495,0.002977,0.0,0.080235,0.008243,0.004542,0.037108,0.002299,0.001768,0.069745,0.010599,0.00476,0.01883,0.054208,0.00116,0.34834296,43.134978,8/31/2024,2024,8
2185,2024-09-01,TRONGSA,BT-32,0.27038,0.0,0.005878,0.003411,0.0,0.075648,0.00917,0.003857,0.0368831,0.002342,0.001038,0.086636,0.010017,0.005331,0.025059,0.054311,0.00084,0.29771329,40.947242,9/30/2024,2024,9
2203,2024-10-01,TRONGSA,BT-32,0.281669,8e-06,0.00672,0.003353,0.0,0.077384,0.007692,0.004252,0.038522,0.002199,0.001936,0.082274,0.008803,0.00485,0.022454,0.063744,0.00092,0.32410996,43.169504,10/31/2024,2024,10
2221,2024-11-01,TRONGSA,BT-32,0.300136,2.1e-05,0.005943,0.004553,0.0,0.099027,0.008977,0.009127,0.041037,0.002389,0.004064,0.094386,0.013083,0.001982,0.027021,0.085386,0.00116,0.58955462,41.476308,11/30/2024,2024,11
2239,2024-12-01,TRONGSA,BT-32,0.315511,7e-06,0.005986,0.004244,0.0,0.12900502,0.014428,0.007045,0.051899,0.001761,0.002843,0.099826,0.008644,0.001853,0.033092,0.106819,0.00088,0.46676327,43.01403,12/31/2024,2024,12
2258,2025-01-01,TRONGSA,BT-32,0.383777,0.000109,0.006911,0.005091,0.0,0.16960398,0.018701,0.014846,0.053037,0.002117,0.001576,0.091601,0.010928,0.001733,0.03912,0.104004,0.0016,0.63635995,43.022746,1/31/2025,2025,1
2277,2025-02-01,TRONGSA,BT-32,0.328507,3.7e-05,0.005016,0.002238,0.0,0.142407,0.01222,0.008385,0.054877,0.002203,0.001004,0.069825,0.009116,0.001938,0.039685,0.103386,0.00164,0.58138994,38.77506,2/28/2025,2025,2
2296,2025-03-01,TRONGSA,BT-32,0.367855,8e-06,0.006048,0.002656,0.0,0.165746,0.012686,0.007523,0.049444,0.001982,0.001605,0.101085,0.007944,0.002501,0.03897,0.095248,0.00236,0.57537241,42.901098,3/31/2025,2025,3
2315,2025-04-01,TRONGSA,BT-32,0.319473,3e-06,0.00494,0.002833,,0.131974,0.014869,0.006369,0.046731,0.002009,0.005163,0.107805,0.008378,0.00153,0.03544,0.121826,0.00236,0.38646416,40.693518,4/30/2025,2025,4
2334,2025-05-01,TRONGSA,BT-32,0.283523,1e-05,0.007174,0.003403,,0.09803,0.011162,0.004815,0.050165,0.002027,0.002564,0.092627,0.009648,0.001365,0.028974,0.102665,0.00116,0.36654996,42.256268,5/31/2025,2025,5
2353,2025-06-01,TRONGSA,BT-32,0.282204,8e-06,0.007339,0.002913,,0.08759001,0.011992,0.004085,0.045512,0.001906,0.001487,0.090372,0.008356,0.000943,0.029626,0.078356,0.00104,0.54587663,40.67738,6/1/2025,2025,6
2372,2025-07-01,TRONGSA,BT-32,0.267969,3e-06,0.006425,0.00294,,0.07394102,0.009424,0.004036,0.046592,0.002035,0.002092,0.077256,0.007578,0.000812,0.019153,0.050609,0.00184,0.59767663,42.0199,7/1/2025,2025,7
2391,2025-08-01,TRONGSA,BT-32,0.270363,3e-06,0.006124,0.002122,,0.07380797,0.00971,0.004329,0.049135,0.001649,0.001111,0.077802,0.008353,0.000942,0.016667,0.047552,0.00172,0.3058133,40.851134,8/1/2025,2025,8
2410,2025-09-01,TRONGSA,BT-32,0.270416,1.5e-05,0.006016,0.002235,,0.08176,0.012022,0.004428,0.048462,0.001974,0.002322,0.091124,0.009428,0.000967,0.019267,0.049763,0.00144,0.35035663,42.999466,9/1/2025,2025,9
2429,2025-10-01,TRONGSA,BT-32,0.278396,3.7e-05,0.005919,0.002312,,0.075891,0.0121,0.004036,0.045708,0.002104,0.003135,0.087963,0.008529,0.000955,0.019035,0.051387,0.00204,0.29769996,44.679556,10/1/2025,2025,10
2448,2025-11-01,TRONGSA,BT-32,0.285574,2.4e-05,0.006623,0.002735,,0.10387,0.012516,0.00541,0.05527,0.001939,0.003511,0.083463,0.009824,0.000889,0.028493,0.089572,0.00164,0.60990662,44.133422,11/1/2025,2025,11
2467,2025-12-01,TRONGSA,BT-32,0.330535,3.1e-05,0.006347,0.003034,,0.145369,0.018998,0.00717,0.059477,0.001815,0.002699,0.092715,0.009046,0.001197,0.043273,0.109599,0.002,0.60104327,46.15947,12/1/2025,2025,12
17,2015-01-01,TSIRANG,BT-21,0.398397,0.0,0.0,0.0,0.0,0.125234,0.0,0.0,0.042207,0.005373,0.002681,0.073101,0.006366,0.007706,0.017461,0.0,0.0,0.0,0.0,1/31/2015,2015,1
36,2015-02-01,TSIRANG,BT-21,0.360725,0.0,0.0,0.0,0.0,0.11373,0.0,0.0,0.036773,0.005923,0.002341,0.073854,0.006384,0.007501,0.021937,0.0,0.0,0.0,0.0,2/28/2015,2015,2
55,2015-03-01,TSIRANG,BT-21,0.343368,0.0,0.0,0.0,0.0,0.092484,0.0,0.0,0.032168,0.003253,0.002134,0.056299,0.004307,0.006782,0.018881,0.0,0.0,0.0,0.0,3/31/2015,2015,3
74,2015-04-01,TSIRANG,BT-21,0.321423,0.0,0.0,0.0,0.0,0.095369,0.0,0.0,0.032891,0.006241,0.001425,0.059104,0.005012,0.007015,0.020228,0.0,0.0,0.0,0.0,4/30/2015,2015,4
93,2015-05-01,TSIRANG,BT-21,0.310449,0.0,0.0,0.0,0.0,0.078705,0.0,0.0,0.029694,0.005041,0.002106,0.057106,0.004844,0.006146,0.011229,0.0,0.0,0.0,0.0,5/31/2015,2015,5
112,2015-06-01,TSIRANG,BT-21,0.303404,0.0,0.0,0.0,0.0,0.078894,0.0,0.0,0.02971,0.005176,0.002214,0.055049,0.003514,0.006092,0.012285,0.0,0.0,0.0,0.0,6/30/2015,2015,6
131,2015-07-01,TSIRANG,BT-21,0.303916,0.0,0.0,0.0,0.0,0.075897,0.0,0.0,0.028298,0.003733,0.002542,0.051715,0.002859,0.005835,0.010703,0.0,0.0,0.0,0.0,7/31/2015,2015,7
150,2015-08-01,TSIRANG,BT-21,0.321086,0.0,0.0,0.0,0.0,0.075097,0.0,0.0,0.031713,0.00348,0.002351,0.052764,0.003773,0.006299,0.011714,0.0,0.0,0.0,0.0,8/31/2015,2015,8
169,2015-09-01,TSIRANG,BT-21,0.338489,0.0,0.0,0.0,0.0,0.083939,0.0,0.0,0.0313,0.00171,0.003202,0.060557,0.00389,0.006405,0.011357,0.0,0.0,0.0,0.0,9/30/2015,2015,9
188,2015-10-01,TSIRANG,BT-21,0.32776,0.0,0.0,0.0,0.0,0.079323,0.0,0.0,0.02784,0.001798,0.003344,0.063007,0.003274,0.00622,0.013879,0.0,0.0,0.0,0.0,10/31/2015,2015,10
207,2015-11-01,TSIRANG,BT-21,0.38798,0.0,0.0,0.0,0.0,0.079518,0.0,0.0,0.027214,0.001641,0.00462,0.056813,0.003642,0.006846,0.016812,0.0,0.0,0.0,0.0,11/30/2015,2015,11
226,2015-12-01,TSIRANG,BT-21,0.40449,0.0,0.0,0.0,0.0,0.101517,0.0,0.0,0.034216,0.00218,0.004937,0.071628,0.003854,0.007537,0.020898,0.0,0.0,0.0,0.0,12/31/2015,2015,12
245,2016-01-01,TSIRANG,BT-21,0.445849,0.0,0.0,0.0,0.0,0.124967,0.0,0.0,0.046194,0.002883,0.006159,0.085311,0.006298,0.011908,0.031564,0.0,0.0,0.0,0.0,1/31/2016,2016,1
264,2016-02-01,TSIRANG,BT-21,0.407607,0.0,0.0,0.0,0.0,0.12394,0.0,0.0,0.046803,0.003112,0.005749,0.086123,0.00749,0.012981,0.032872,0.0,0.0,0.0,0.0,2/29/2016,2016,2
283,2016-03-01,TSIRANG,BT-21,0.388431,0.0,0.0,0.0,0.0,0.095448,0.0,0.0,0.041479,0.002469,0.004716,0.064417,0.003998,0.011667,0.027244,0.0,0.0,0.0,0.0,3/31/2016,2016,3
302,2016-04-01,TSIRANG,BT-21,0.352811,0.0,0.0,0.0,0.0,0.090624,0.0,0.0,0.03208,0.00252,0.004474,0.069485,0.004101,0.011569,0.02678,0.0,0.0,0.0,0.0,4/30/2016,2016,4
321,2016-05-01,TSIRANG,BT-21,0.319963,0.0,0.0,0.0,0.0,0.075931,0.0,0.0,0.032522,0.003117,0.002052,0.06145,0.003807,0.010635,0.019897,0.0,0.0,0.0,0.0,5/31/2016,2016,5
340,2016-06-01,TSIRANG,BT-21,0.350066,0.0,0.0,0.0,0.0,0.073441,0.0,0.0,0.030633,0.002972,0.002417,0.065427,0.003497,0.010549,0.022933,0.0,0.0,0.0,0.0,6/30/2016,2016,6
359,2016-07-01,TSIRANG,BT-21,0.338297,0.0,0.0,0.0,0.0,0.081525,0.0,0.0,0.032503,0.002491,0.003047,0.058339,0.003404,0.010159,0.026817,0.0,0.0,0.0,0.0,7/31/2016,2016,7
378,2016-08-01,TSIRANG,BT-21,0.338854,0.0,0.0,0.0,0.0,0.078531,0.0,0.0,0.031858,0.002628,0.001923,0.061298,0.003487,0.008969,0.018829,0.0,0.0,0.0,0.0,8/31/2016,2016,8
397,2016-09-01,TSIRANG,BT-21,0.342915,0.0,0.0,0.0,0.0,0.079466,0.0,0.0,0.033229,0.002814,0.001793,0.06536,0.003749,0.0088,0.031646,0.0,0.0,0.0,0.0,9/30/2016,2016,9
416,2016-10-01,TSIRANG,BT-21,0.353911,0.0,0.0,0.0,0.0,0.072723,0.0,0.0,0.031808,0.002668,0.003945,0.060338,0.002693,0.008082,0.025961,0.0,0.0,0.0,0.0,10/31/2016,2016,10
435,2016-11-01,TSIRANG,BT-21,0.3804,0.0,0.0,0.0,0.0,0.078704,0.0,0.0,0.031727,0.002204,0.003379,0.0612,0.003425,0.008284,0.028588,0.0,0.0,0.0,0.0,11/30/2016,2016,11
454,2016-12-01,TSIRANG,BT-21,0.394401,0.0,0.0,0.0,0.0,0.089604,0.0,0.0,0.035479,0.003194,0.003605,0.065378,0.004383,0.008281,0.035891,0.00036,0.0,0.0,0.0,12/31/2016,2016,12
473,2017-01-01,TSIRANG,BT-21,0.427434,0.000954,0.015015,0.000677,0.0,0.142733,0.007308,0.0,0.049202,0.003211,0.003203,0.070651,0.005575,0.008998,0.045083,0.0012,0.0,0.0,0.0,1/31/2017,2017,1
492,2017-02-01,TSIRANG,BT-21,0.418046,0.001413,0.016578,0.000489,0.0,0.108834,0.007321,0.0,0.04663,0.002752,0.002956,0.071471,0.004341,0.008889,0.053279,0.00228,0.0,0.0,0.0,2/28/2017,2017,2
511,2017-03-01,TSIRANG,BT-21,0.382357,0.001586,0.01192,0.000719,0.0,0.096951,0.005901,0.0,0.03681,0.002654,0.002665,0.059559,0.003266,0.007626,0.041574,0.0014,0.0,0.0,0.0,3/31/2017,2017,3
530,2017-04-01,TSIRANG,BT-21,0.381504,0.001339,0.012925,0.000567,0.0,0.097967,0.006597,0.0,0.038082,0.00233,0.003544,0.073532,0.003942,0.008576,0.037675,0.00144,0.0,0.0,0.0,4/30/2017,2017,4
549,2017-05-01,TSIRANG,BT-21,0.357631,0.001039,0.011361,0.000367,0.0,0.080674,0.004449,0.0,0.035944,0.002431,0.0031,0.064354,0.002956,0.007632,0.039894,0.00116,0.0,0.0,0.0,5/31/2017,2017,5
568,2017-06-01,TSIRANG,BT-21,0.335528,0.000851,0.012473,0.000501,0.0,0.096935,0.003784,0.0,0.033711,0.001152,0.002165,0.063019,0.003472,0.010562,0.034162,0.00052,0.0,0.0,0.0,6/30/2017,2017,6
587,2017-07-01,TSIRANG,BT-21,0.349822,0.000927,0.012527,0.00066,0.0,0.098061,0.004461,0.0,0.033125,0.001032,0.001714,0.060699,0.003133,0.009794,0.026433,0.00104,0.0,0.0,0.0,7/31/2017,2017,7
606,2017-08-01,TSIRANG,BT-21,0.339632,0.001088,0.011712,0.000555,0.0,0.078113,0.002585,0.0,0.029573,0.000897,0.001808,0.050182,0.002693,0.010478,0.024359,0.00052,0.0,0.0,0.0,8/31/2017,2017,8
625,2017-09-01,TSIRANG,BT-21,0.356577,0.000991,0.014236,0.000741,0.0,0.08165,0.002104,0.0,0.039944,0.000889,0.001685,0.066715,0.002322,0.014688,0.0292,0.00076,0.0,0.0,0.0,9/30/2017,2017,9
644,2017-10-01,TSIRANG,BT-21,0.356592,0.001065,0.012523,0.000593,0.0,0.07743,0.002053,0.0,0.040117,0.001285,0.002462,0.064891,0.002133,0.004386,0.024736,0.0008,0.0,0.0,0.0,10/31/2017,2017,10
663,2017-11-01,TSIRANG,BT-21,0.353151,0.001701,0.013541,0.000695,0.0,0.090895,0.002545,0.0,0.041119,0.001667,0.001767,0.066767,0.002398,0.00482,0.032785,0.00128,0.0,0.0,0.0,11/30/2017,2017,11
682,2017-12-01,TSIRANG,BT-21,0.427615,0.00176,0.01441,0.000763,0.0,0.099557,0.00489,0.0,0.041159,0.002192,0.003008,0.073413,0.002077,0.007885,0.031893,0.00044,0.0,0.0,0.0,12/31/2017,2017,12
701,2018-01-01,TSIRANG,BT-21,0.375335,0.001048,0.013792,0.000554,0.0,0.128314,0.007327,0.0,0.055552,0.002658,0.002827,0.073924,0.002886,0.008657,0.040067,0.00116,0.0,0.0,0.0,1/31/2018,2018,1
720,2018-02-01,TSIRANG,BT-21,0.487916,0.001502,0.016304,0.000736,0.0,0.124661,0.009479,0.0,0.057382,0.001996,0.003215,0.075185,0.00295,0.008886,0.044609,0.0024,0.0,0.0,0.0,2/28/2018,2018,2
739,2018-03-01,TSIRANG,BT-21,0.417719,0.002188,0.013242,0.000882,0.0,0.128685,0.007938,0.0,0.053814,0.001924,0.002572,0.082754,0.003107,0.008025,0.03916,0.00124,0.0,0.0,0.0,3/31/2018,2018,3
758,2018-04-01,TSIRANG,BT-21,0.378107,0.000736,0.012378,0.000622,0.0,0.093572,0.007447,0.0,0.044593,0.001078,0.001921,0.064858,0.001683,0.008534,0.031277,0.009804,0.0,0.0,0.0,4/30/2018,2018,4
777,2018-05-01,TSIRANG,BT-21,0.3521,0.001143,0.012178,0.000805,0.0,0.09019,0.004348,0.0,0.043197,0.000852,0.001486,0.060786,0.001715,0.00783,0.028814,0.012942,0.0,0.0,0.0,5/31/2018,2018,5
796,2018-06-01,TSIRANG,BT-21,0.35632,0.00131,0.0122,0.000872,0.0,0.085023,0.00403,0.0,0.044199,0.001783,0.002205,0.060861,0.001406,0.007664,0.023566,0.015727,0.0,0.0,0.0,6/30/2018,2018,6
815,2018-07-01,TSIRANG,BT-21,0.341985,0.00144,0.011926,0.000878,0.0,0.078377,0.003429,0.0,0.044381,0.002018,0.002222,0.054688,0.001417,0.007281,0.021719,0.014241,0.0,0.0,0.0,7/31/2018,2018,7
834,2018-08-01,TSIRANG,BT-21,0.417831,0.001003,0.014352,0.000883,0.0,0.081834,0.002997,0.0,0.045146,0.002626,0.002381,0.054606,0.002194,0.007459,0.019133,0.008945,0.0,0.0,0.0,8/31/2018,2018,8
853,2018-09-01,TSIRANG,BT-21,0.35016,0.000979,0.012638,0.000854,0.0,0.076515,0.00302,0.0,0.041658,0.002288,0.002273,0.05526,0.00312,0.007545,0.014671,0.029487,0.0,0.0,0.0,9/30/2018,2018,9
872,2018-10-01,TSIRANG,BT-21,0.368995,0.001229,0.011311,0.000713,0.0,0.082653,0.003027,0.0,0.044795,0.002026,0.005355,0.055622,0.003181,0.007713,0.012149,0.024893,0.0,0.0,0.0,10/31/2018,2018,10
891,2018-11-01,TSIRANG,BT-21,0.415814,0.001442,0.012376,0.000896,0.0,0.091637,0.0044,0.0,0.044714,0.00192,0.005129,0.057282,0.003868,0.008655,0.014428,0.030022,0.0,0.0,0.0,11/30/2018,2018,11
910,2018-12-01,TSIRANG,BT-21,0.43236,0.001389,0.013033,0.000796,0.0,0.106823,0.004906,0.0,0.047638,0.002029,0.005296,0.062854,0.003831,0.008648,0.015964,0.027946,0.0,0.0,0.0,12/31/2018,2018,12
929,2019-01-01,TSIRANG,BT-21,0.498987,0.001315,0.014422,0.000867,0.0,0.141864,0.007247,0.0,0.062057,0.002413,0.006459,0.073451,0.004345,0.009246,0.021902,0.018357,0.0,0.0,0.0,1/31/2019,2019,1
948,2019-02-01,TSIRANG,BT-21,0.498697,0.002212,0.014676,0.001161,0.0,0.127179,0.008179,0.0,0.059452,0.002537,0.00528,0.065331,0.004322,0.009079,0.010883,0.016102,0.0,0.0,0.0,2/28/2019,2019,2
967,2019-03-01,TSIRANG,BT-21,0.444854,0.00256,0.011826,0.000932,0.0,0.115256,0.006478,0.0,0.050958,0.001863,0.006649,0.057957,0.003181,0.007996,0.012493,0.061547,0.0,0.0,0.0,3/31/2019,2019,3
986,2019-04-01,TSIRANG,BT-21,0.417698,0.001404,0.013263,0.001098,0.0,0.108874,0.007066,0.0,0.056275,0.001796,0.006637,0.055691,0.004034,0.00845,0.011506,0.043795,0.0,0.0,0.0,4/30/2019,2019,4
1005,2019-05-01,TSIRANG,BT-21,0.387251,0.000893,0.012025,0.000869,0.0,0.088855,0.004636,0.0,0.056486,0.001844,0.005072,0.049106,0.003936,0.008258,0.008638,0.045941,0.0,0.0,0.0,5/31/2019,2019,5
1024,2019-06-01,TSIRANG,BT-21,0.374731,0.000804,0.011744,0.000735,0.0,0.081434,0.003828,0.0,0.05531,0.001929,0.005388,0.050805,0.003721,0.007907,0.00867,0.048102,0.0,0.0,0.0,6/30/2019,2019,6
1043,2019-07-01,TSIRANG,BT-21,0.367046,0.000645,0.011331,0.00067,0.0,0.082569,0.003761,0.0,0.057549,0.002038,0.006441,0.046157,0.003961,0.006636,0.007691,0.04188,0.0,0.0,0.0,7/31/2019,2019,7
1062,2019-08-01,TSIRANG,BT-21,0.386768,0.001163,0.011431,0.001346,0.0,0.077381,0.003888,0.0,0.057826,0.00206,0.006888,0.045266,0.005404,0.00684,0.00864,0.034824,0.0,0.0,0.0,8/31/2019,2019,8
1081,2019-09-01,TSIRANG,BT-21,0.379628,0.000572,0.01174,0.00126,0.0,0.077807,0.003832,0.0,0.055779,0.002182,0.006039,0.048711,0.006315,0.006847,0.006293,0.047819,0.0,0.0,0.0,9/30/2019,2019,9
1100,2019-10-01,TSIRANG,BT-21,0.402118,0.000704,0.011716,0.001204,0.0,0.083055,0.003813,0.0,0.059668,0.001929,0.007172,0.051154,0.006187,0.006875,0.007069,0.054226,0.0,0.0,0.0,10/31/2019,2019,10
1119,2019-11-01,TSIRANG,BT-21,0.418282,0.000912,0.010978,0.001369,0.0,0.081483,0.00455,0.0,0.058598,0.001552,0.007063,0.048329,0.006064,0.007359,0.003119,0.047848,0.0,0.0,0.0,11/30/2019,2019,11
1138,2019-12-01,TSIRANG,BT-21,0.435806,0.00084,0.01119,0.001258,0.0,0.088149,0.005154,0.031753,0.02956,0.001555,0.005657,0.05296,0.006876,0.00747,0.003316,0.044746,0.0,0.0,0.0,12/31/2019,2019,12
1157,2020-01-01,TSIRANG,BT-21,0.562233,0.001293,0.014806,0.001746,0.0,0.155105,0.010486,0.051414,0.039067,0.001799,0.008611,0.068437,0.00741,0.007719,0.006158,0.038592,0.0,0.0,0.0,1/31/2020,2020,1
1176,2020-02-01,TSIRANG,BT-21,0.555968,0.001217,0.015126,0.002016,0.0,0.138744,0.010238,0.050929,0.036589,0.002059,0.007537,0.065129,0.0065,0.007831,0.009056,0.03306,0.0,0.0,0.0,2/29/2020,2020,2
1195,2020-03-01,TSIRANG,BT-21,0.490271,0.000829,0.012942,0.001967,0.0,0.13649,0.009489,0.04287,0.03326,0.001967,0.006563,0.063763,0.006125,0.007164,0.00871,0.045929,0.0,0.0,0.0,3/31/2020,2020,3
1214,2020-04-01,TSIRANG,BT-21,0.489566,0.001776,0.012518,0.002021,0.0,0.11159,0.007392,0.038656,0.029492,0.001486,0.007162,0.054177,0.005634,0.007454,0.008455,0.038447,0.0,0.0,0.0,4/30/2020,2020,4
1233,2020-05-01,TSIRANG,BT-21,0.434642,0.000805,0.011875,0.002108,0.0,0.088436,0.005255,0.030869,0.02768,0.001433,0.007856,0.045219,0.004969,0.006759,0.011748,0.023473,0.0,0.0,0.0,5/31/2020,2020,5
1252,2020-06-01,TSIRANG,BT-21,0.438432,0.00108,0.012757,0.001634,0.0,0.086596,0.004455,0.034396,0.028796,0.001481,0.005902,0.043416,0.004565,0.006678,0.01012,0.024963,0.0,0.0,0.0,6/30/2020,2020,6
1271,2020-07-01,TSIRANG,BT-21,0.432802,0.000977,0.011994,0.002027,0.0,0.08482893,0.004469,0.032269,0.029658,0.001522,0.005792,0.042897,0.005036,0.006292,0.008231,0.02832,0.0,0.0,0.0,7/31/2020,2020,7
1290,2020-08-01,TSIRANG,BT-21,0.423527,0.000755,0.011536,0.00184,0.0,0.074921,0.003987,0.030813,0.028925,0.001623,0.007242,0.044446,0.007701,0.006237,0.008337,0.036048,0.0,0.0,0.0,8/31/2020,2020,8
1309,2020-09-01,TSIRANG,BT-21,0.44163271,0.00094852,0.01223625,0.00162851,0.0,0.08412397,0.00462608,0.03260031,0.02954834,0.00155875,0.00654899,0.04447217,0.00625155,0.00606154,0.00965205,0.03010065,0.0,0.0,0.0,9/30/2020,2020,9
1328,2020-10-01,TSIRANG,BT-21,0.42841326,0.00083448,0.01144975,0.00113649,0.0,0.08386854,0.00408192,0.01637443,0.02692766,0.00062925,0.00744013,0.04629376,0.01213749,0.00585946,0.00875969,0.04730135,0.0,0.0,0.0,10/31/2020,2020,10
1347,2020-11-01,TSIRANG,BT-21,0.443432,0.000782,0.012185,0.001465,0.0,0.080344,0.004284,0.031195,0.03369,0.00209,0.006504,0.043865,0.010443,0.00618,0.008598,0.044007,0.0,0.0,0.0,11/30/2020,2020,11
1366,2020-12-01,TSIRANG,BT-21,0.477286,0.000923,0.014671,0.002133,0.0,0.105366,0.00652,0.035501,0.031899,0.001939,0.012889,0.054476,0.009442,0.006637,0.008713,0.043257,0.0,0.0,0.0,12/31/2020,2020,12
1384,2021-01-01,TSIRANG,BT-21,0.677571,0.00186,0.017067,0.00395,0.0,0.164648,0.012206,0.034744,0.031843,0.00163,0.016982,0.074559,0.010049,0.007272,0.020854,0.057877,0.0,0.0,0.0,1/31/2021,2021,1
1403,2021-02-01,TSIRANG,BT-21,0.534015,0.000878,0.015143,0.002797,0.0,0.143345,0.011856,0.0355,0.035093,0.001821,0.007594,0.070307,0.008592,0.007135,0.013119,0.054492,0.0,0.0,0.0,2/28/2021,2021,2
1422,2021-03-01,TSIRANG,BT-21,0.501841,0.000838,0.012831,0.001892,0.0,0.127067,0.008987,0.041849,0.035383,0.002961,0.005985,0.065503,0.008082,0.006463,0.012457,0.046168,0.0,0.0,0.0,3/31/2021,2021,3
1441,2021-04-01,TSIRANG,BT-21,0.48169,0.000846,0.012514,0.001758,0.0,0.102224,0.008696,0.035334,0.031834,0.007046,0.008208,0.058877,0.008494,0.007114,0.013951,0.041285,0.0,0.0,0.0,4/30/2021,2021,4
1460,2021-05-01,TSIRANG,BT-21,0.416287,0.000586,0.011316,0.001835,0.0,0.078122,0.004751,0.029851,0.031254,0.009756,0.005402,0.052754,0.007452,0.006348,0.014746,0.043132,0.0,0.0,0.0,5/31/2021,2021,5
1479,2021-06-01,TSIRANG,BT-21,0.414978,0.000604,0.011393,0.001755,0.0,0.082814,0.005392,0.031823,0.032142,0.008461,0.007955,0.050682,0.008874,0.006042,0.008307,0.046389,0.0,0.0,0.0,6/30/2021,2021,6
1498,2021-07-01,TSIRANG,BT-21,0.431998,0.000825,0.011943,0.002037,0.0,0.082409,0.004583,0.032437,0.032686,0.005348,0.008629,0.054035,0.008786,0.005585,0.007988,0.053159,0.0,0.0,0.0,7/31/2021,2021,7
1517,2021-08-01,TSIRANG,BT-21,0.46446,0.000772,0.011485,0.001887,0.0,0.085853,0.005311,0.032379,0.034766,0.004129,0.007404,0.051375,0.009019,0.006182,0.008742,0.048187,0.0,0.0,0.0,8/31/2021,2021,8
1536,2021-09-01,TSIRANG,BT-21,0.457376,0.000751,0.011892,0.002096,0.0,0.084775,0.004949,0.033809,0.035108,0.002715,0.0093,0.05737,0.00911,0.006644,0.007608,0.053296,0.0,0.0,0.0,9/30/2021,2021,9
1555,2021-10-01,TSIRANG,BT-21,0.452706,0.000606,0.012309,0.001853,0.0,0.084108,0.004657,0.031995,0.035678,0.00364,0.01486,0.055639,0.010204,0.006054,0.007924,0.056561,0.0,0.0,0.0,10/31/2021,2021,10
1574,2021-11-01,TSIRANG,BT-21,0.499916,0.000928,0.014063,0.002077,0.0,0.086431,0.006299,0.031799,0.035126,0.006518,0.011538,0.055959,0.009418,0.006557,0.009658,0.050971,0.0,0.0,0.0,11/30/2021,2021,11
1593,2021-12-01,TSIRANG,BT-21,0.591381,0.001069,0.015154,0.002322,0.0,0.124674,0.008078,0.035678,0.03618,0.003802,0.018398,0.068419,0.010048,0.007797,0.010519,0.049999,0.0,0.0,0.0,12/31/2021,2021,12
1612,2022-01-01,TSIRANG,BT-21,0.749231,0.00169,0.016585,0.002499,0.0,0.165166,0.009908,0.048639,0.044009,0.006556,0.045478,0.08261,0.009853,0.007207,0.013298,0.049732,0.0,0.0,0.0,1/31/2022,2022,1
1630,2022-02-01,TSIRANG,BT-21,0.84463,0.001775,0.018402,0.0029,0.0,0.19824262,0.011489,0.04662,0.044518,0.005107,0.041231,0.094575,0.01065,0.007359,0.019578,0.055111,0.0,0.0,0.0,2/28/2022,2022,2
1648,2022-03-01,TSIRANG,BT-21,0.56248139,0.001232,0.013183,0.002789,0.0,0.15438648,0.013787,0.028142,0.039348,0.001986,0.01648,0.069949,0.010143,0.006643,0.013981,0.0636,0.0,0.0,0.0,3/31/2022,2022,3
1666,2022-04-01,TSIRANG,BT-21,0.53491161,0.001246,0.013164,0.002001,0.0,0.1023549,0.006427,0.031023,0.03479645,0.008126,0.013393,0.058522,0.008984,0.006411,0.010324,0.041355,0.0,0.0,0.0,4/30/2022,2022,4
1684,2022-05-01,TSIRANG,BT-21,0.48959286,0.001586,0.012807,0.001909,0.0,0.0856371,0.005478,0.031242,0.03106055,0.008847,0.012933,0.054375,0.006973,0.008171,0.005612,0.039408,0.0,0.0,0.0,5/31/2022,2022,5
1702,2022-06-01,TSIRANG,BT-21,0.47415514,0.000751,0.012549,0.002148,0.0,0.08931527,0.005796,0.033695,0.03643861,0.008197,0.012631,0.058872,0.007187,0.006086,0.005323,0.042811,0.0,0.0,0.0,6/30/2022,2022,6
1720,2022-07-01,TSIRANG,BT-21,0.483388,0.000616,0.011625,0.002479,0.0,0.08804616,0.004817,0.03215,0.03381473,0.01748,0.01278,0.057968,0.007002,0.006126,0.004276,0.055198,0.0,0.0,0.0,7/31/2022,2022,7
1738,2022-08-01,TSIRANG,BT-21,0.48592868,0.001087,0.011933,0.002238,0.0,0.09351148,0.005449,0.030988,0.03625971,0.007246,0.011177,0.060844,0.00694,0.006246,0.005524,0.054134,0.0,0.0,0.0,8/31/2022,2022,8
1756,2022-09-01,TSIRANG,BT-21,0.52699832,0.000793,0.01439,0.002966,0.0,0.09097199,0.004894,0.033637,0.03958795,0.006039,0.010052,0.062208,0.007525,0.006195,0.006294,0.048184,0.0,0.0,0.0,9/30/2022,2022,9
1774,2022-10-01,TSIRANG,BT-21,0.48808,0.00122,0.011659,0.002617,0.0,0.089551,0.004427,0.031623,0.038888,0.007661,0.010158,0.058122,0.00795,0.006971,0.00543,0.047191,0.0,0.0,0.0,10/31/2022,2022,10
1792,2022-11-01,TSIRANG,BT-21,0.50571,0.001308,0.011832,0.002771,0.0,0.096952,0.00431,0.030833,0.042945,0.005634,0.008724,0.061075,0.008137,0.007557,0.006474,0.048559,0.0,0.0,0.0,11/30/2022,2022,11
1810,2022-12-01,TSIRANG,BT-21,0.55558345,0.000965,0.01317,0.002868,0.0,0.117313,0.006823,0.031214,0.046109,0.005096,0.011503,0.071415,0.007581,0.008361,0.00755,0.052759,0.0,0.0,0.0,12/31/2022,2022,12
1828,2023-01-01,TSIRANG,BT-21,0.69882548,0.00102,0.01772,0.003543,0.0,0.18023278,0.007497,0.04525,0.050429,0.010388,0.015591,0.08511,0.010323,0.00908,0.008399,0.058287,0.0,0.0,0.0,1/31/2023,2023,1
1846,2023-02-01,TSIRANG,BT-21,0.71118307,0.000679,0.017926,0.003211,0.0,0.17457922,0.007298,0.044763,0.05058,0.010587,0.014114,0.080768,0.008478,0.008813,0.007366,0.035833,0.0,0.0,0.0,2/28/2023,2023,2
1864,2023-03-01,TSIRANG,BT-21,0.59766248,0.001843,0.01526,0.002442,0.0,0.146933,0.006234,0.038896,0.046551,0.007229,0.012134,0.071054,0.007119,0.007645,0.006798,0.0,0.0,0.0,0.0,3/31/2023,2023,3
1882,2023-04-01,TSIRANG,BT-21,0.58835552,0.000926,0.014063,0.002532,0.0,0.141589,0.008052,0.035799,0.052492,0.006486,0.013775,0.071534,0.00794,0.007813,0.006533,0.04691,0.0,0.0,0.0,4/30/2023,2023,4
1900,2023-05-01,TSIRANG,BT-21,0.517103,0.001057,0.013518,0.002616,0.0,0.11063108,0.004917,0.031858,0.05354,0.006587,0.024325,0.063152,0.007064,0.006408,0.004834,0.044575,0.0,0.0,0.0,5/31/2023,2023,5
1918,2023-06-01,TSIRANG,BT-21,0.5016,0.001306,0.012311,0.003638,0.0,0.09914292,0.005075,0.033835,0.045026,0.007756,0.00862,0.061119,0.007706,0.006356,0.005283,0.045516,0.01158,0.0,0.0,6/30/2023,2023,6
1936,2023-07-01,TSIRANG,BT-21,0.497412,0.000959,0.013462,0.00317,0.0,0.095683,0.004984,0.03143,0.046936,0.010283,0.00892,0.061483,0.008265,0.005761,0.003439,0.04388,0.0099,0.0,0.0,7/31/2023,2023,7
1954,2023-08-01,TSIRANG,BT-21,0.52756,0.00088,0.012882,0.003969,0.0,0.096405,0.004942,0.032485,0.045571,0.005642,0.009065,0.058048,0.008216,0.005654,0.002763,0.031951,0.00984,0.0,0.0,8/31/2023,2023,8
1972,2023-09-01,TSIRANG,BT-21,0.524531,0.001052,0.013297,0.003342,0.0,0.10113,0.004749,0.033397,0.048293,0.00353,0.006262,0.065418,0.007941,0.005963,0.002396,0.049291,0.00648,0.0,0.0,9/30/2023,2023,9
1990,2023-10-01,TSIRANG,BT-21,0.505784,0.001172,0.012023,0.00264,0.0,0.098932,0.00523,0.030992,0.04827,0.006126,0.007565,0.06254,0.008412,0.005423,0.002086,0.044782,0.00558,0.0,0.0,10/31/2023,2023,10
2008,2023-11-01,TSIRANG,BT-21,0.554859,0.001457,0.013289,0.003306,0.0,0.106081,0.00409,0.031068,0.050508,0.009624,0.008773,0.059832,0.009531,0.00627,0.003692,0.043924,0.00312,0.0,0.0,11/30/2023,2023,11
2026,2023-12-01,TSIRANG,BT-21,0.601431,0.001591,0.012884,0.00369,0.0,0.124998,0.005364,0.032748,0.047778,0.007634,0.013309,0.061986,0.009919,0.006596,0.004057,0.044755,0.00072,0.0,0.0,12/31/2023,2023,12
2044,2024-01-01,TSIRANG,BT-21,0.741728,0.003071,0.016843,0.003487,0.0,0.179121,0.007534,0.041261,0.060825,0.007832,0.015636,0.076163,0.010159,0.007239,0.004492,0.039911,0.00054,0.0,0.0,1/31/2024,2024,1
2062,2024-02-01,TSIRANG,BT-21,0.784828,0.002945,0.018204,0.003953,0.0,0.197746,0.009491,0.04436,0.065761,0.008681,0.0142,0.0849,0.009737,0.006717,0.005032,0.03148,0.00132,0.0,0.0,2/29/2024,2024,2
2080,2024-03-01,TSIRANG,BT-21,0.71671453,0.002148,0.015429,0.004246,0.0,0.187582,0.008464,0.040773,0.063588,0.010452,0.017991,0.065482,0.00907,0.007218,0.003609,0.034931,0.00072,0.0,0.0,3/31/2024,2024,3
2098,2024-04-01,TSIRANG,BT-21,0.628936,0.001561,0.01427,0.002604,0.0,0.1573,0.007665,0.037887,0.058609,0.013071,0.011402,0.070147,0.009135,0.006096,0.00373,0.046311,0.00048,0.0,0.0,4/30/2024,2024,4
2116,2024-05-01,TSIRANG,BT-21,0.522105,0.001111,0.012749,0.002491,0.0,0.105712,0.004856,0.029616,0.050933,0.009175,0.008238,0.060509,0.007707,0.00495,0.003061,0.040114,0.0006,0.0,0.0,5/31/2024,2024,5
2134,2024-06-01,TSIRANG,BT-21,0.53301664,0.000965,0.012611,0.002777,0.0,0.10333488,0.005298,0.032825,0.05404252,0.013548,0.008647,0.060998,0.007866,0.005805,0.002919,0.05141,0.00102,0.0,0.0,6/30/2024,2024,6
2152,2024-07-01,TSIRANG,BT-21,0.51827721,0.0014,0.013375,0.00242,0.0,0.09692838,0.004871,0.031619,0.05233308,0.010674,0.008948,0.06254,0.007679,0.004988,0.00236,0.038243,0.0009,0.0,0.0,7/31/2024,2024,7
2170,2024-08-01,TSIRANG,BT-21,0.560092,0.001098,0.01307,0.003019,0.0,0.102164,0.004449,0.034691,0.057073,0.011976,0.009812,0.063107,0.007657,0.004928,0.003236,0.051991,0.00096,0.0,0.0,8/31/2024,2024,8
2188,2024-09-01,TSIRANG,BT-21,0.534593,0.001086,0.01368,0.003501,0.0,0.09963,0.004758,0.034092,0.056934,0.014146,0.010636,0.06428,0.008124,0.004515,0.004242,0.048635,0.00084,0.0,0.0,9/30/2024,2024,9
2206,2024-10-01,TSIRANG,BT-21,0.52193605,0.001073,0.012515,0.003209,0.0,0.09922515,0.004715,0.033869,0.05638266,0.012187,0.011994,0.061985,0.008197,0.004219,0.004103,0.048131,0.00084,0.0,0.0,10/31/2024,2024,10
2224,2024-11-01,TSIRANG,BT-21,0.569262,0.001125,0.012856,0.003771,0.0,0.107244,0.004933,0.035176,0.056244,0.014759,0.012705,0.062191,0.009181,0.00369,0.004162,0.046718,0.0009,0.0,0.0,11/30/2024,2024,11
2242,2024-12-01,TSIRANG,BT-21,0.61585831,0.000785,0.013202,0.003392,0.0,0.1387295,0.00722,0.033233,0.06111387,0.007802,0.010731,0.067247,0.009684,0.00392,0.005389,0.048,0.00126,0.0,0.0,12/31/2024,2024,12
2261,2025-01-01,TSIRANG,BT-21,0.8058831,0.001065,0.017844,0.004622,0.0,0.20648976,0.006971,0.040415,0.076186,0.014974,0.018035,0.08289,0.009948,0.00458,0.008027,0.048938,0.00162,0.0,0.0,1/31/2025,2025,1
2280,2025-02-01,TSIRANG,BT-21,0.79433108,0.00086,0.015648,0.002933,0.0,0.19364724,0.015013,0.043216,0.0781546,0.01492,0.015378,0.077813,0.010013,0.005033,0.008441,0.037729,0.00198,0.0,0.0,2/28/2025,2025,2
2299,2025-03-01,TSIRANG,BT-21,0.76398459,0.001203,0.016375,0.003746,0.0,0.195221,0.00854,0.03737,0.07338527,0.010665,0.014341,0.073671,0.009449,0.004461,0.006339,0.043577,0.00228,0.0,0.0,3/31/2025,2025,3
2318,2025-04-01,TSIRANG,BT-21,0.66827863,0.000908,0.012807,0.004127,,0.162155,0.007442,0.036719,0.07307613,0.017077,0.016758,0.074589,0.009383,0.004514,0.008525,0.051554,0.00282,0.0,0.0,4/30/2025,2025,4
2337,2025-05-01,TSIRANG,BT-21,0.55837737,0.001245,0.011632,0.003029,,0.108324,0.005224,0.030567,0.066389,0.011696,0.010708,0.05818,0.008117,0.00436,0.00799,0.043715,0.0021,0.0,0.0,5/31/2025,2025,5
2356,2025-06-01,TSIRANG,BT-21,0.564215,0.001369,0.011683,0.004859,,0.107588,0.004802,0.032983,0.067943,0.013189,0.012093,0.063029,0.00834,0.004621,0.00672,0.050012,0.00252,0.0,0.0,6/1/2025,2025,6
2375,2025-07-01,TSIRANG,BT-21,0.55081,0.000982,0.013131,0.004427,,0.10640528,0.005701,0.030515,0.032037,0.011936,0.015136,0.089911,0.008785,0.004698,0.003911,0.049395,0.00258,0.0,0.0,7/1/2025,2025,7
2394,2025-08-01,TSIRANG,BT-21,0.578209,0.001573,0.014434,0.003748,,0.09486472,0.006113,0.013696,0.074466,0.008023,0.010102,0.093226,0.008507,0.005157,0.005604,0.043294,0.00336,0.0,0.0,8/1/2025,2025,8
2413,2025-09-01,TSIRANG,BT-21,0.56078172,0.001458,0.013905,0.003451,,0.097724,0.00471,0.013398,0.075069,0.011278,0.010681,0.093591,0.011426,0.005019,0.004707,0.053457,0.00192,0.0,0.0,9/1/2025,2025,9
2432,2025-10-01,TSIRANG,BT-21,0.56031028,0.001186,0.013176,0.003282,,0.090479,0.006798,0.010432,0.076306,0.006633,0.010805,0.097029,0.010283,0.004862,0.004793,0.058644,0.00168,0.0,0.0,10/1/2025,2025,10
2451,2025-11-01,TSIRANG,BT-21,0.586541,0.001583,0.013347,0.004133,,0.10875105,0.006194,0.013454,0.074747,0.005315,0.013727,0.096311,0.010636,0.004846,0.005437,0.054351,0.00114,0.0,0.0,11/1/2025,2025,11
2470,2025-12-01,TSIRANG,BT-21,0.65650347,0.001082,0.014695,0.004116,,0.14254095,0.007836,0.013657,0.078296,0.007313,0.010694,0.100634,0.011726,0.005626,0.004957,0.052298,0.00228,0.0,0.0,12/1/2025,2025,12
18,2015-01-01,WANGDUE PHODRANG,BT-24,0.658407,0.0,0.0,0.0,0.0,0.36878,0.0,0.0,0.3423,0.0,0.025455,0.22931,0.021222,0.001184,0.458485,0.223287,0.0,0.024132,3.955918,1/31/2015,2015,1
37,2015-02-01,WANGDUE PHODRANG,BT-24,0.606361,0.0,0.0,0.0,0.0,0.280409,0.0,0.0,0.27794,0.0,0.025244,0.20988,0.01883,0.000862,0.50056,0.236261,0.0,4e-06,3.619091,2/28/2015,2015,2
56,2015-03-01,WANGDUE PHODRANG,BT-24,0.493477,0.0,0.0,0.0,0.0,0.209023,0.0,0.0,0.214135,0.0,0.021179,0.17316,0.013598,0.000334,0.34147,0.182843,0.0,7e-06,3.746501,3/31/2015,2015,3
75,2015-04-01,WANGDUE PHODRANG,BT-24,0.518446,0.0,0.0,0.0,0.0,0.217238,0.0,0.0,0.275812,0.0,0.022685,0.218629,0.015302,0.000302,0.287407,0.201712,0.0,4e-06,3.463961,4/30/2015,2015,4
94,2015-05-01,WANGDUE PHODRANG,BT-24,0.478871,0.0,0.0,0.0,0.0,0.207305,0.0,0.0,0.238766,0.0,0.023614,0.192048,0.018666,0.000248,0.310035,0.174358,0.0,3e-06,3.169268,5/31/2015,2015,5
113,2015-06-01,WANGDUE PHODRANG,BT-24,0.478803,0.0,0.0,0.0,0.0,0.249183,0.0,0.0,0.251288,0.0,0.023808,0.191799,0.013187,0.000222,0.302873,0.151212,0.0,2e-06,3.060048,6/30/2015,2015,6
132,2015-07-01,WANGDUE PHODRANG,BT-24,0.522468,0.0,0.0,0.0,0.0,0.216974,0.0,0.0,0.243187,0.0,0.022239,0.166513,0.013137,0.0003,0.288495,0.156978,0.0,1e-06,3.320949,7/31/2015,2015,7
151,2015-08-01,WANGDUE PHODRANG,BT-24,0.514361,0.0,0.0,0.0,0.0,0.232661,0.0,0.0,0.218786,0.0,0.023424,0.183822,0.010057,0.000325,0.297524,0.174835,0.0,0.001349,3.337528,8/31/2015,2015,8
170,2015-09-01,WANGDUE PHODRANG,BT-24,0.534648,0.0,0.0,0.0,0.0,0.239222,0.0,0.0,0.247243,0.0,0.021908,0.182258,0.00986,0.000274,0.29987,0.193549,0.0,0.005022,3.306609,9/30/2015,2015,9
189,2015-10-01,WANGDUE PHODRANG,BT-24,0.559459,0.0,0.0,0.0,0.0,0.203828,0.0,0.0,0.23827,0.0,0.026627,0.191609,0.010901,0.000438,0.281162,0.190962,0.0,4e-06,3.468236,10/31/2015,2015,10
208,2015-11-01,WANGDUE PHODRANG,BT-24,0.542101,0.0,0.0,0.0,0.0,0.220545,0.0,0.0,0.247749,0.0,0.030606,0.190005,0.018002,0.000134,0.315825,0.210893,0.0,6e-06,3.387188,11/30/2015,2015,11
227,2015-12-01,WANGDUE PHODRANG,BT-24,0.57922,0.0,0.0,0.0,0.0,0.285033,0.0,0.0,0.299401,0.0,0.038788,0.20102,0.021676,0.000429,0.411014,0.199065,0.0,7e-06,3.859211,12/31/2015,2015,12
246,2016-01-01,WANGDUE PHODRANG,BT-24,0.678269,0.0,0.0,0.0,0.0,0.363422,0.0,0.0,0.337554,0.0,0.035823,0.21619,0.023597,0.000781,0.573514,0.273336,0.0,6e-06,4.158971,1/31/2016,2016,1
265,2016-02-01,WANGDUE PHODRANG,BT-24,0.644223,0.0,0.0,0.0,0.0,0.334035,0.0,0.0,0.28932,0.0,0.029141,0.21799,0.023071,0.000705,0.545977,0.26959,0.0,6e-06,3.758699,2/29/2016,2016,2
284,2016-03-01,WANGDUE PHODRANG,BT-24,0.595206,0.0,0.0,0.0,0.0,0.214457,0.0,0.0,0.30462,0.0,0.029002,0.198931,0.018126,0.000627,0.405709,0.221127,0.0,0.011333,3.792548,3/31/2016,2016,3
303,2016-04-01,WANGDUE PHODRANG,BT-24,0.563028,0.0,0.0,0.0,0.0,0.23204,0.0,0.0,0.251065,0.0,0.029585,0.221524,0.025639,0.00016,0.317121,0.179868,0.0,4e-06,2.587594,4/30/2016,2016,4
322,2016-05-01,WANGDUE PHODRANG,BT-24,0.562583,0.0,0.0,0.0,0.0,0.191068,0.0,0.0,0.234783,0.0,0.024515,0.194297,0.018696,0.000195,0.289983,0.197733,0.0,0.004576,3.16148,5/31/2016,2016,5
341,2016-06-01,WANGDUE PHODRANG,BT-24,0.602563,0.0,0.0,0.0,0.0,0.21405,0.0,0.0,0.291258,0.0,0.02531,0.217418,0.017982,0.0002,0.337598,0.224548,0.0,0.000534,3.109786,6/30/2016,2016,6
360,2016-07-01,WANGDUE PHODRANG,BT-24,0.499976,0.0,0.0,0.0,0.0,0.23308,0.0,0.0,0.226995,0.0,0.023781,0.181582,0.018422,0.000325,0.299903,0.200187,0.0,2e-06,3.095628,7/31/2016,2016,7
379,2016-08-01,WANGDUE PHODRANG,BT-24,0.522222,0.0,0.0,0.0,0.0,0.225924,0.0,0.0,0.217083,0.0,0.026641,0.181932,0.01676,0.000317,0.255641,0.176719,0.0,0.005592,3.340288,8/31/2016,2016,8
398,2016-09-01,WANGDUE PHODRANG,BT-24,0.573854,0.0,0.0,0.0,0.0,0.236596,0.0,0.0,0.261777,0.0,0.028511,0.196268,0.020599,0.000221,0.30386,0.205208,0.0,1e-06,3.228283,9/30/2016,2016,9
417,2016-10-01,WANGDUE PHODRANG,BT-24,0.555108,0.0,0.0,0.0,0.0,0.213541,0.0,0.0,0.274332,0.0,0.024639,0.190529,0.019162,0.000206,0.269275,0.225477,0.0,0.016412,3.49136,10/31/2016,2016,10
436,2016-11-01,WANGDUE PHODRANG,BT-24,0.574181,0.0,0.0,0.0,0.0,0.216155,0.0,0.0,0.290865,0.0,0.029641,0.197362,0.021931,0.00021,0.319658,0.210378,0.0,8e-06,3.748477,11/30/2016,2016,11
455,2016-12-01,WANGDUE PHODRANG,BT-24,0.651756,0.0,0.0,0.0,0.0,0.259562,0.0,0.0,0.312834,0.0,0.031971,0.219507,0.020609,0.000122,0.407561,0.319672,0.0,7e-06,4.001587,12/31/2016,2016,12
474,2017-01-01,WANGDUE PHODRANG,BT-24,0.726086,0.0,0.000875,0.001354,0.0,0.329451,0.063385,0.0,0.338814,0.0,0.029985,0.187847,0.023049,0.000168,0.529999,0.380282,0.0,5e-06,4.062356,1/31/2017,2017,1
493,2017-02-01,WANGDUE PHODRANG,BT-24,0.644859,0.0,0.00106,0.001062,0.0,0.286049,0.040859,0.0,0.261127,0.0,0.029475,0.174604,0.021465,0.000163,0.44037,0.355835,0.0,7e-06,3.604914,2/28/2017,2017,2
512,2017-03-01,WANGDUE PHODRANG,BT-24,0.609077,0.0,0.001132,0.000783,0.0,0.230013,0.049166,0.0,0.250653,0.0,0.023105,0.162833,0.018439,0.0,0.34878,0.304518,0.0,0.010816,3.817568,3/31/2017,2017,3
531,2017-04-01,WANGDUE PHODRANG,BT-24,0.508404,0.0,0.001173,0.000718,0.0,0.166396,0.049157,0.0,0.196342,0.0,0.025045,0.163336,0.014796,0.0,0.244782,0.33832,0.0,0.023755,3.273009,4/30/2017,2017,4
550,2017-05-01,WANGDUE PHODRANG,BT-24,0.536474,0.0,0.000993,0.001399,0.0,0.216726,0.034245,0.0,0.249411,0.0,0.023874,0.163922,0.020437,0.0,0.303817,0.200695,0.0,0.006414,3.677703,5/31/2017,2017,5
569,2017-06-01,WANGDUE PHODRANG,BT-24,0.54514,9.5e-05,0.002291,0.001485,0.0,0.202927,0.032845,0.0,0.239465,0.0,0.021993,0.170898,0.01647,0.000117,0.279581,0.224099,0.0,0.010815,3.28477,6/30/2017,2017,6
588,2017-07-01,WANGDUE PHODRANG,BT-24,0.585285,0.000418,0.003393,0.002392,0.0,0.237383,0.031078,0.0,0.218215,0.0,0.01957,0.169437,0.018955,0.0,0.288073,0.192468,0.0,0.010888,3.343938,7/31/2017,2017,7
607,2017-08-01,WANGDUE PHODRANG,BT-24,0.547895,0.000588,0.003727,0.002701,0.0,0.230262,0.030127,0.0,0.22412,0.0,0.021524,0.150109,0.019803,8.4e-05,0.240298,0.227846,0.0,0.008559,3.016238,8/31/2017,2017,8
626,2017-09-01,WANGDUE PHODRANG,BT-24,0.531127,0.000515,0.0041,0.002231,0.0,0.217721,0.026239,0.0,0.213662,0.0,0.021042,0.17969,0.019745,0.0,0.255771,0.290353,0.0,0.009587,2.594035,9/30/2017,2017,9
645,2017-10-01,WANGDUE PHODRANG,BT-24,0.545749,0.000196,0.00496,0.001885,0.0,0.242927,0.033287,0.0,0.232784,0.0,0.023592,0.180051,0.024785,1.9e-05,0.261212,0.265348,0.0,0.002073,2.85654,10/31/2017,2017,10
664,2017-11-01,WANGDUE PHODRANG,BT-24,0.612604,0.000623,0.006117,0.002534,0.0,0.206882,0.040906,0.0,0.260143,0.0,0.03079,0.185549,0.021254,0.0,0.263238,0.298974,0.0,0.007696,3.158528,11/30/2017,2017,11
683,2017-12-01,WANGDUE PHODRANG,BT-24,0.662529,0.000229,0.00702,0.004017,0.0,0.257862,0.0557,0.0,0.290356,0.0,0.032261,0.220941,0.024108,0.0,0.320288,0.419235,0.0,7e-06,3.940566,12/31/2017,2017,12
702,2018-01-01,WANGDUE PHODRANG,BT-24,0.738346,3.6e-05,0.007439,0.004198,0.0,0.305905,0.051585,0.0,0.310355,0.0,0.02488,0.189571,0.025508,0.0,0.355078,0.452415,0.0,0.011269,3.994467,1/31/2018,2018,1
721,2018-02-01,WANGDUE PHODRANG,BT-24,0.743027,0.000161,0.008111,0.003727,0.0,0.361688,0.041575,0.0,0.292134,0.0,0.024801,0.205116,0.024892,0.000226,0.344501,0.466901,0.0,0.01288,3.302044,2/28/2018,2018,2
740,2018-03-01,WANGDUE PHODRANG,BT-24,0.578062,7e-06,0.00569,0.003042,0.0,0.265796,0.048474,0.0,0.243542,0.0,0.021143,0.194673,0.022815,0.00029,0.295782,0.366571,0.0,7e-06,3.156477,3/31/2018,2018,3
759,2018-04-01,WANGDUE PHODRANG,BT-24,0.587229,0.000525,0.007092,0.003349,0.0,0.23022,0.043664,0.0,0.256732,0.0,0.026999,0.198543,0.023552,0.000154,0.24953,0.338934,0.0,0.002471,2.893988,4/30/2018,2018,4
778,2018-05-01,WANGDUE PHODRANG,BT-24,0.569924,0.000108,0.008043,0.004126,0.0,0.220463,0.040117,0.0,0.253763,0.0,0.026519,0.187555,0.020302,0.00016,0.200706,0.298016,0.0,0.026834,2.915708,5/31/2018,2018,5
797,2018-06-01,WANGDUE PHODRANG,BT-24,0.584603,8.9e-05,0.00933,0.006001,0.0,0.227658,0.036008,0.0,0.298705,0.0,0.030836,0.204205,0.019688,4.4e-05,0.208445,0.276915,0.0,0.013397,2.99142,6/30/2018,2018,6
816,2018-07-01,WANGDUE PHODRANG,BT-24,0.563825,3e-06,0.007537,0.00394,0.0,0.238078,0.028788,0.0,0.218736,0.0,0.026,0.166707,0.01576,0.000422,0.169755,0.280285,0.0,1e-06,3.202125,7/31/2018,2018,7
835,2018-08-01,WANGDUE PHODRANG,BT-24,0.562032,0.000381,0.008036,0.00444,0.0,0.238802,0.029138,0.0,0.203312,0.0,0.022308,0.14867,0.019816,0.00051,0.199763,0.213942,0.0,0.001526,3.089647,8/31/2018,2018,8
854,2018-09-01,WANGDUE PHODRANG,BT-24,0.579893,0.000361,0.00827,0.004925,0.0,0.212646,0.027398,0.0,0.231543,0.0,0.024173,0.187932,0.020137,0.000857,0.190809,0.248745,0.0,0.002136,3.267237,9/30/2018,2018,9
873,2018-10-01,WANGDUE PHODRANG,BT-24,0.562825,0.000411,0.008612,0.002924,0.0,0.217605,0.027421,0.0,0.247724,0.0,0.03267,0.176894,0.022198,0.000629,0.158166,0.243716,0.0,4e-06,3.480916,10/31/2018,2018,10
892,2018-11-01,WANGDUE PHODRANG,BT-24,0.694617,0.000656,0.008809,0.0056,0.0,0.244193,0.053436,0.0,0.335998,0.0,0.054952,0.207062,0.029862,0.000792,0.240214,0.343317,0.0,0.0,3.338708,11/30/2018,2018,11
911,2018-12-01,WANGDUE PHODRANG,BT-24,0.641504,0.001098,0.007816,0.005908,0.0,0.244346,0.053752,0.0,0.262662,0.0,0.027633,0.222462,0.024264,0.001378,0.249251,0.36777,0.0,0.0,3.980482,12/31/2018,2018,12
930,2019-01-01,WANGDUE PHODRANG,BT-24,0.7711,0.000629,0.009384,0.006999,0.0,0.364952,0.052394,0.0,0.343412605,0.0,0.034574,0.196292,0.026828,0.001257,0.31978341,0.421193,0.0,0.0,4.021761,1/31/2019,2019,1
949,2019-02-01,WANGDUE PHODRANG,BT-24,0.749543,0.00103,0.009478,0.007795,0.0,0.361042,0.049454,0.0,0.297353974,0.0,0.027997,0.187975,0.026947,0.001422,0.293039969,0.431344,0.0,0.0,3.522019,2/28/2019,2019,2
968,2019-03-01,WANGDUE PHODRANG,BT-24,0.625776,0.000846,0.007668,0.007055,0.0,0.273935,0.057272,0.0,0.258167231,0.0,0.023763,0.1995,0.023347,0.001137,0.21062092,0.3599135,0.0,0.0,3.444439,3/31/2019,2019,3
987,2019-04-01,WANGDUE PHODRANG,BT-24,0.637477,0.000804,0.007812,0.006671,0.0,0.232375,0.057166,0.0,0.281550698,0.0,0.025224,0.214303,0.024935,0.001128,0.196977371,0.370508,0.0,0.0,3.072801,4/30/2019,2019,4
1006,2019-05-01,WANGDUE PHODRANG,BT-24,0.587351,0.000797,0.007715,0.008199,0.0,0.224319,0.039725,0.0,0.265948056,0.0,0.027903,0.198635,0.022665,0.000731,0.165106991,0.2889615,0.0,0.0,3.07268,5/31/2019,2019,5
1025,2019-06-01,WANGDUE PHODRANG,BT-24,0.571713,0.000644,0.007367,0.005691,0.0,0.225839,0.032717,0.0,0.267155234,0.0,0.028213,0.184215,0.020233,0.000815,0.172726179,0.287005,0.0,0.0,2.862727,6/30/2019,2019,6
1044,2019-07-01,WANGDUE PHODRANG,BT-24,0.609986,0.000765,0.009207,0.009222,0.0,0.22889,0.029738,0.0,0.240931,0.0,0.030352,0.180413,0.019763,0.000647,0.184143012,0.279152,0.0,0.0,3.087025,7/31/2019,2019,7
1063,2019-08-01,WANGDUE PHODRANG,BT-24,0.603482,0.000893,0.007972,0.005678,0.0,0.234399,0.02634,0.0,0.23378,0.0,0.030143,0.153651,0.020845,0.000822,0.173273,0.2523865,0.0,0.0,3.229594,8/31/2019,2019,8
1082,2019-09-01,WANGDUE PHODRANG,BT-24,0.587351,0.000959,0.007391,0.006083,0.0,0.239182,0.025291,0.0,0.228511,0.0,0.029982,0.184878,0.01805,0.000848,0.159876,0.2828775,0.0,0.0,3.147012,9/30/2019,2019,9
1101,2019-10-01,WANGDUE PHODRANG,BT-24,0.663403,0.000957,0.007321,0.005708,0.0,0.235921,0.044198,0.0,0.278272,0.0,0.033009,0.192051,0.020847,0.000955,0.198265,0.3407075,0.0,0.0,3.215092,10/31/2019,2019,10
1120,2019-11-01,WANGDUE PHODRANG,BT-24,0.638082,0.000767,0.007092,0.007082,0.0,0.219662,0.03802,0.0,0.317827,0.0,0.033847,0.180872,0.023215,0.0011,0.213649,0.373876,0.0,0.029957,3.040935,11/30/2019,2019,11
1139,2019-12-01,WANGDUE PHODRANG,BT-24,0.646618,0.000949,0.007445,0.009384,0.0,0.227501,0.057155,0.071857,0.278094,0.0,0.027737,0.194826,0.020833,0.001,0.213016,0.3442575,0.0,0.04293,3.336409,12/31/2019,2019,12
1158,2020-01-01,WANGDUE PHODRANG,BT-24,0.870621,0.000631,0.011305,0.015142,0.0,0.374192,0.077921,0.181925,0.292929,0.0,0.027039,0.195622,0.025442,0.001264,0.301211,0.465543,0.0,0.049448,3.245348,1/31/2020,2020,1
1177,2020-02-01,WANGDUE PHODRANG,BT-24,0.841697,0.000979,0.012184,0.015138,0.0,0.355251,0.054803,0.137446,0.254293,0.0,0.025309,0.220584,0.0239,0.001204,0.286767,0.5036195,0.0,0.042674,3.238241,2/29/2020,2020,2
1196,2020-03-01,WANGDUE PHODRANG,BT-24,0.742038,0.00129,0.008687,0.012849,0.0,0.28477,0.047848,0.119519,0.220489,0.0,0.023083,0.201926,0.023316,0.001178,0.223433,0.4068605,0.0,0.051494,3.024402,3/31/2020,2020,3
1215,2020-04-01,WANGDUE PHODRANG,BT-24,0.716501,0.000925,0.008663,0.012191,0.0,0.249637,0.067259,0.063928,0.19687,0.0,0.024175,0.174764,0.023674,0.000969,0.176555,0.2742535,0.0,0.05792,2.507085,4/30/2020,2020,4
1234,2020-05-01,WANGDUE PHODRANG,BT-24,0.717086,0.000907,0.008024,0.012227,0.0,0.221901,0.050368,0.040354,0.152752,0.0,0.019981,0.133335,0.019391,0.000709,0.151381,0.21063,0.0,0.03792,2.639086,5/31/2020,2020,5
1253,2020-06-01,WANGDUE PHODRANG,BT-24,0.677814,0.001022,0.008235,0.015587,0.0,0.2182,0.043046,0.042177,0.161732,0.0,0.025371,0.134832,0.020219,0.000665,0.157193,0.211174,0.0,0.04688,2.547703,6/30/2020,2020,6
1272,2020-07-01,WANGDUE PHODRANG,BT-24,0.67689298,0.001866,0.008334,0.011282,0.0,0.250814,0.038572,0.039875,0.170174,0.0,0.020293,0.155515,0.020656,0.000734,0.140591,0.212839501,0.0,0.05536,2.526658,7/31/2020,2020,7
1291,2020-08-01,WANGDUE PHODRANG,BT-24,0.66940361,0.00133483,0.00857023,0.0130772,0.0,0.21709625,0.03632371,0.04377677,0.1635258,0.0,0.01637457,0.15515282,0.01994255,0.00071811,0.15020384,0.20213684,0.0,0.027841,1.866544,8/31/2020,2020,8
1310,2020-09-01,WANGDUE PHODRANG,BT-24,0.68231275,0.00142392,0.00855359,0.01373973,0.0,0.23027156,0.03984346,0.0431002,0.17317521,0.0,0.02149333,0.15017043,0.02054205,0.00071338,0.1317112,0.204950478,0.0,0.03941,2.012225,9/30/2020,2020,9
1329,2020-10-01,WANGDUE PHODRANG,BT-24,0.75473677,0.00153625,0.00919618,0.00848307,0.0,0.25003219,0.03166283,0.03394803,0.15234899,0.0,0.01703598,0.16279675,0.0231344,0.00042151,0.16350596,0.182613683,0.0,0.04542,1.990357,10/31/2020,2020,10
1348,2020-11-01,WANGDUE PHODRANG,BT-24,0.707091,0.000685,0.009787,0.010996,0.0,0.2152,0.0462,0.050781,0.166907,0.0,0.017106,0.162828,0.022494,0.001132,0.16342,0.202858,0.0,0.039468,2.319221,11/30/2020,2020,11
1367,2020-12-01,WANGDUE PHODRANG,BT-24,0.789729,0.001166,0.011473,0.016288,0.0,0.257894,0.081396,0.07462,0.185111,0.0,0.025039,0.202374,0.02438,0.001334,0.246217,0.2574175,0.0,0.028286,2.426268,12/31/2020,2020,12
1385,2021-01-01,WANGDUE PHODRANG,BT-24,0.9826525,0.00120949,0.012459,0.019541,0.0,0.391175,0.076907,0.077409,0.19511229,0.0,0.025925,0.24063834,0.029266,0.001059,0.32683191,0.375206,0.0,0.048059,2.509041,1/31/2021,2021,1
1404,2021-02-01,WANGDUE PHODRANG,BT-24,0.8656695,0.00071851,0.009445,0.018624,0.0,0.29283,0.06551,0.06043,0.18688371,0.0,0.024098,0.22496066,0.022968,0.000609,0.28176009,0.294397,0.0,0.044972,2.3028,2/28/2021,2021,2
1423,2021-03-01,WANGDUE PHODRANG,BT-24,0.778875,0.00061,0.00965,0.014201,0.0,0.292796,0.066893,0.054194,0.177598,0.0,0.028314,0.215139,0.02162,0.000588,0.246475,0.2899325,0.0,0.044237,2.294,3/31/2021,2021,3
1442,2021-04-01,WANGDUE PHODRANG,BT-24,0.756848,0.000998,0.008908,0.014571,0.0,0.235159,0.065092,0.058191,0.175156,0.0,0.026325,0.206596,0.021953,0.000396,0.260259,0.235894,0.0,0.043323,2.0902,4/30/2021,2021,4
1461,2021-05-01,WANGDUE PHODRANG,BT-24,0.699025,0.000906,0.008615,0.015523,0.0,0.209721,0.048502,0.04507,0.170406,0.0,0.0243,0.168289,0.01897,0.000628,0.201846,0.179349,0.0,0.039558,2.071,5/31/2021,2021,5
1480,2021-06-01,WANGDUE PHODRANG,BT-24,0.677605,0.001118,0.009116,0.012645,0.0,0.210086,0.037889,0.045029,0.159524,0.0,0.02064,0.172762,0.018663,0.000607,0.177941,0.192401,0.0,0.026141,1.989,6/30/2021,2021,6
1499,2021-07-01,WANGDUE PHODRANG,BT-24,0.710165,0.002038,0.009939,0.010425,0.0,0.251047,0.038813,0.04968,0.18505,0.0,0.023738,0.184181,0.019789,0.000477,0.162958,0.2087885,0.0,0.008794,1.9434,7/31/2021,2021,7
1518,2021-08-01,WANGDUE PHODRANG,BT-24,0.687044,0.001957,0.011127,0.010713,0.0,0.222154,0.034337,0.044627,0.1753,0.0,0.018448,0.160466,0.018436,0.000421,0.158007,0.1821575,0.0,0.036847,2.042,8/31/2021,2021,8
1537,2021-09-01,WANGDUE PHODRANG,BT-24,0.736298,0.002007,0.012978,0.011218,0.0,0.23403,0.039027,0.050273,0.188713,0.0,0.021404,0.197815,0.020263,0.000692,0.174201,0.1827565,0.0,0.031333,1.9806,9/30/2021,2021,9
1556,2021-10-01,WANGDUE PHODRANG,BT-24,0.680686,0.001207,0.010529,0.009386,0.0,0.226734,0.033238,0.057163,0.1883984,0.0,0.020662,0.179849,0.020506,0.000633,0.189789,0.2565848,0.0,0.040678,2.042,10/31/2021,2021,10
1575,2021-11-01,WANGDUE PHODRANG,BT-24,0.757016,0.001653,0.01125,0.013099,0.0,0.218794,0.04947,0.055529,0.173889,0.0,0.018734,0.190986,0.019431,0.000884,0.229237,0.2181898,0.0,0.041907,2.0102,11/30/2021,2021,11
1594,2021-12-01,WANGDUE PHODRANG,BT-24,0.833876,0.001265,0.011882,0.017181,0.0,0.251378,0.073262,0.05466,0.1951778,0.0,0.017943,0.214269,0.023737,0.001074,0.300763,0.2525509,0.0,0.038732,2.3854,12/31/2021,2021,12
1613,2022-01-01,WANGDUE PHODRANG,BT-24,1.02096,0.001391,0.013865,0.019397,0.0,0.39583,0.083886,0.07001,0.2345818,0.0,0.022772,0.209154,0.025993,0.001113,0.404597,0.4203984,0.0,0.035433,2.12485,1/31/2022,2022,1
1631,2022-02-01,WANGDUE PHODRANG,BT-24,1.0041635,0.001309,0.013535,0.020222,0.0,0.380122,0.076661,0.0681595,0.21100619,0.0,0.0190075,0.2039735,0.0234565,0.0011425,0.467339,0.407143,0.0,0.020326,2.03165,2/28/2022,2022,2
1649,2022-03-01,WANGDUE PHODRANG,BT-24,0.7619075,0.001498,0.007427,0.015406,0.0,0.32941939,0.066319,0.0845725,0.18796381,0.0,0.0186675,0.1817625,0.0187165,0.0010855,0.31656735,0.3030924,0.0,0.010212,1.8199,3/31/2022,2022,3
1667,2022-04-01,WANGDUE PHODRANG,BT-24,0.81899089,0.001571,0.009817,0.014284,0.0,0.21049703,0.050664,0.054925,0.1706716,0.0,0.01723,0.212503,0.019021,0.000775,0.30018196,0.2427462,0.0,0.002882,1.7258,4/30/2022,2022,4
1685,2022-05-01,WANGDUE PHODRANG,BT-24,0.71545697,0.001352,0.010549,0.01144,0.0,0.21109989,0.037915,0.051003,0.17225561,0.0,0.014431,0.18541753,0.018124,0.000338,0.22326656,0.2270267,0.0,0.003363,1.7264,5/31/2022,2022,5
1703,2022-06-01,WANGDUE PHODRANG,BT-24,0.69598222,0.001469,0.011179,0.011098,0.0,0.21472769,0.032342,0.051638,0.1789872,0.0,0.016261,0.18956782,0.017406,0.000383,0.21402233,0.2318537,0.0,0.0050045,1.6804,6/30/2022,2022,6
1721,2022-07-01,WANGDUE PHODRANG,BT-24,0.75011624,0.001266,0.011531,0.011666,0.0,0.24600272,0.035172,0.049892,0.18931409,0.0,0.021603,0.19795083,0.01758,0.000373,0.20727421,0.2287408,0.0,0.0050345,1.712,7/31/2022,2022,7
1739,2022-08-01,WANGDUE PHODRANG,BT-24,0.74737331,0.002419,0.012541,0.01278,0.0,0.22071613,0.033756,0.052636,0.19531201,0.0,0.02688541,0.1887084,0.017689,0.000439,0.19334483,0.2215922,0.0,0.0285042,1.792,8/31/2022,2022,8
1757,2022-09-01,WANGDUE PHODRANG,BT-24,0.82914337,0.002101,0.012883,0.012168,0.0,0.25727215,0.037703,0.059192,0.2223623,0.0,0.02937559,0.207933,0.018767,0.000482,0.221607,0.2191293,0.0,0.0359648,1.8042,9/30/2022,2022,9
1775,2022-10-01,WANGDUE PHODRANG,BT-24,0.74799,0.001534,0.010092,0.011304,0.0,0.22368,0.039228,0.065645,0.2081039,0.0,0.024432,0.18626842,0.019894,0.00049,0.24050376,0.2279546,0.0,0.034201,1.8766,10/31/2022,2022,10
1793,2022-11-01,WANGDUE PHODRANG,BT-24,0.75398,0.001572,0.012544,0.013455,0.0,0.185906,0.044337,0.107957,0.19494449,0.0,0.021711,0.17011,0.019381,0.000683,0.311615,0.3226658,0.0,0.028293,1.9998,11/30/2022,2022,11
1811,2022-12-01,WANGDUE PHODRANG,BT-24,0.882619,0.001519,0.015788,0.018041,0.0,0.265249,0.076129,0.1226,0.2248636,0.0,0.02854,0.216512,0.022824,0.000966,0.396598,0.4035946,0.0,0.025338,1.6754,12/31/2022,2022,12
1829,2023-01-01,WANGDUE PHODRANG,BT-24,1.02278746,0.001829,0.018179,0.021966,0.0,0.31990977,0.079893,0.108928,0.2366836,0.0,0.028726,0.20868,0.020555,0.000783,0.449732,0.4643,0.00328,0.014527,2.0522,1/31/2023,2023,1
1847,2023-02-01,WANGDUE PHODRANG,BT-24,0.98107754,0.001548,0.018194,0.021985,0.0,0.32070923,0.052751,0.092859,0.2354194,0.0,0.026134,0.171128,0.020387,0.00044,0.482871,0.477522,0.00316,0.039621,1.638984,2/28/2023,2023,2
1865,2023-03-01,WANGDUE PHODRANG,BT-24,0.82951192,0.001683,0.014274,0.017723,0.0,0.245021,0.054164,0.088292,0.1969304,0.0,0.02288835,0.176589,0.019538,0.000345,0.379158,0.00168,0.00168,0.008844,1.564058,3/31/2023,2023,3
1883,2023-04-01,WANGDUE PHODRANG,BT-24,0.8270067,0.00126,0.014338,0.019027,0.0,0.2428197,0.073861,0.126479,0.21856815,0.0,0.03173865,0.216626,0.019675,0.000949,0.437708,0.4241362,0.00156,0.008615,1.451913,4/30/2023,2023,4
1901,2023-05-01,WANGDUE PHODRANG,BT-24,0.73046571,0.000572,0.012538,0.014526,0.0,0.18570389,0.051388,0.128898,0.20766405,0.0,0.027081,0.195607,0.037519,0.000392,0.340533,0.3259678,0.0015,0.016885,1.5207,5/31/2023,2023,5
1919,2023-06-01,WANGDUE PHODRANG,BT-24,0.76987667,0.001079,0.013837,0.014348,0.0,0.22256341,0.045089,0.112713,0.2268064,0.0,0.0325,0.20084,0.015304,0.000462,0.307284,0.302944,0.00208,0.003245,1.45915,6/30/2023,2023,6
1937,2023-07-01,WANGDUE PHODRANG,BT-24,0.74389891,0.000982,0.012662,0.011381,0.0,0.214455,0.03409,0.069664,0.21641613,0.0,0.030328,0.282968,0.044853,0.000521,0.272048,0.2631831,0.00274,0.0,1.4861,7/31/2023,2023,7
1955,2023-08-01,WANGDUE PHODRANG,BT-24,0.78210209,0.001075,0.01277,0.011714,0.0,0.233067,0.038489,0.074738,0.23788547,0.0,0.02861,0.16937603,0.026547,0.000498,0.276221,0.261924,0.0027,0.0,1.60435,8/31/2023,2023,8
1973,2023-09-01,WANGDUE PHODRANG,BT-24,0.783947,0.000891,0.01319,0.012197,0.0,0.235104,0.039422,0.07541,0.2662656,0.0,0.024302,0.20056186,0.032271,0.000578,0.279358,0.2651102,0.00222,0.0,1.53865,9/30/2023,2023,9
1991,2023-10-01,WANGDUE PHODRANG,BT-24,0.755869,0.000932,0.013049,0.01241,0.0,0.219368,0.042449,0.093925,0.244411,0.0,0.025514,0.208169,0.030964,0.00053,0.281872,0.2647885,0.00246,0.0,1.6125,10/31/2023,2023,10
2009,2023-11-01,WANGDUE PHODRANG,BT-24,0.8237632,0.000551,0.012449,0.016342,0.0,0.21648593,0.062761,0.130641,0.2601236,0.0,0.026445,0.216357,0.037471,0.00057,0.38448,0.2926007,0.00276,0.0,1.64285,11/30/2023,2023,11
2027,2023-12-01,WANGDUE PHODRANG,BT-24,0.8935778,0.000349,0.01239,0.020679,0.0,0.24372107,0.089138,0.136028,0.2664192,0.0,0.027089,0.228029,0.034613,0.000639,0.456387,0.3658714,0.0034,0.0,1.94524,12/31/2023,2023,12
2045,2024-01-01,WANGDUE PHODRANG,BT-24,1.059683,0.000379,0.014773,0.022896,0.0,0.311948,0.082862,0.135213,0.299585,0.0,0.026849,0.20895,0.035745,0.000505,0.567408,0.4564234,0.00404,0.0,2.109154,1/31/2024,2024,1
2063,2024-02-01,WANGDUE PHODRANG,BT-24,1.05436646,0.000348,0.013294,0.027188,0.0,0.32921508,0.067057,0.104589,0.28539215,0.0,0.026937,0.176343,0.034153,0.001078,0.531996,0.4343444,0.00492,0.0,1.769222,2/29/2024,2024,2
2081,2024-03-01,WANGDUE PHODRANG,BT-24,0.9369501,0.000475,0.011699,0.025231,0.0,0.28944092,0.072842,0.110934,0.25879925,0.0,0.025158,0.202139,0.029888,0.000889,0.572595,0.4679998,0.00422,0.0,1.600007,3/31/2024,2024,3
2099,2024-04-01,WANGDUE PHODRANG,BT-24,0.86224956,0.000751,0.011412,0.023383,0.0,0.222853,0.084603,0.155953,0.27665661,0.0,0.02586621,0.225423,0.026237,0.000622,0.482224,0.4133326,0.00322,0.0,1.421713,4/30/2024,2024,4
2117,2024-05-01,WANGDUE PHODRANG,BT-24,0.79512398,0.001355,0.010875,0.019791,0.0,0.21114667,0.051648,0.147332,0.27170659,0.0,0.02789179,0.196572,0.038588,0.000586,0.38257398,0.3319992,0.00314,0.0,1.504526,5/31/2024,2024,5
2135,2024-06-01,WANGDUE PHODRANG,BT-24,0.77609538,0.001631,0.012261,0.017572,0.0,0.20472992,0.046715,0.117131,0.25814445,0.0,0.030533,0.20247,0.027642,0.000559,0.34710202,0.3102641,0.00336,0.0,1.452011,6/30/2024,2024,6
2153,2024-07-01,WANGDUE PHODRANG,BT-24,0.74064581,0.001924,0.011001,0.016367,0.0,0.21560941,0.041138,0.084195,0.2444882,0.0,0.033508,0.18634,0.028968,0.000555,0.245642,0.2584788,0.00282,0.0,1.44491,7/31/2024,2024,7
2171,2024-08-01,WANGDUE PHODRANG,BT-24,0.79765311,0.002664,0.012268,0.016246,0.0,0.242035,0.036154,0.076661,0.251519,0.0,0.028793,0.179373,0.032575,0.000498,0.26057,0.264944,0.00344,1.148709,0.0,8/31/2024,2024,8
2189,2024-09-01,WANGDUE PHODRANG,BT-24,0.75930361,0.002304,0.011637,0.018385,0.0,0.219399,0.041476,0.080072,0.2477262,0.0,0.029065,0.206735,0.029407,0.000575,0.251377,0.2914452,0.0023,0.947935,0.0,9/30/2024,2024,9
2207,2024-10-01,WANGDUE PHODRANG,BT-24,0.814887,0.00226,0.011174,0.017447,0.0,0.236544,0.047581,0.102268,0.2931196,0.0,0.028284,0.210923,0.029566,0.000648,0.23252,0.3473726,0.00342,0.8492185,0.0,10/31/2024,2024,10
2225,2024-11-01,WANGDUE PHODRANG,BT-24,0.86895,0.002029,0.012645,0.01839,0.0,0.209575,0.05687,0.138053,0.3143284,0.0,0.02853,0.213957,0.036267,0.003091,0.361694,0.5595338,0.00286,0.8582375,0.0,11/30/2024,2024,11
2243,2024-12-01,WANGDUE PHODRANG,BT-24,0.886195,0.00184,0.010143,0.024556,0.0,0.219506,0.095192,0.151141,0.3058642,0.0,0.032355,0.214494,0.029832,0.010091,0.444946,0.5898398,0.00336,0.95137094,0.0,12/31/2024,2024,12
2262,2025-01-01,WANGDUE PHODRANG,BT-24,1.152594,0.000697,0.012909,0.029816,0.0,0.357628,0.121032,0.154885,0.3281828,0.0,0.034592,0.222088,0.03566,0.006421,0.927386,0.7901561,0.00474,1.1702245,0.0,1/31/2025,2025,1
2281,2025-02-01,WANGDUE PHODRANG,BT-24,1.081721,0.000654,0.0128,0.035011,0.0,0.316624,0.079088,0.121302,0.2927358,0.0,0.026404,0.179411,0.033358,0.005569,0.519132,0.7551544,0.00488,0.908194,0.0,2/28/2025,2025,2
2300,2025-03-01,WANGDUE PHODRANG,BT-24,1.026065,0.000733,0.010707,0.026939,0.0,0.290253,0.065829,0.115897,0.260376,0.0,0.02611,0.201476,0.01874,0.004672,0.477349,0.72032,0.0055,0.7944265,0.0,3/31/2025,2025,3
2319,2025-04-01,WANGDUE PHODRANG,BT-24,0.912078,0.000772,0.010324,0.026876,,0.226536,0.092721,0.167965,0.3074684,,0.021918,0.234249,0.015736,0.003599,0.44147,0.6318945,0.00394,0.9020885,0.0,4/30/2025,2025,4
2338,2025-05-01,WANGDUE PHODRANG,BT-24,0.83327,0.00149,0.010507,0.020623,,0.21232,0.064238,0.177207,0.3253686,,0.029021,0.20702,0.015917,0.002774,0.358918,0.5358727,0.00488,1.03565,0.0,5/31/2025,2025,5
2357,2025-06-01,WANGDUE PHODRANG,BT-24,0.791968,0.002327,0.010535,0.015906,,0.196575,0.049114,0.146287,0.2818072,,0.027177,0.245908,0.016614,0.002838,0.302891,0.4453088,0.00514,0.9944275,0.0,6/1/2025,2025,6
2376,2025-07-01,WANGDUE PHODRANG,BT-24,0.80704,0.00347,0.013264,0.017343,,0.243993,0.041661,0.1078,0.281813,,0.03266,0.226573,0.015688,0.002973,0.203106,0.3525573,0.00618,0.9609,0.0,7/1/2025,2025,7
2395,2025-08-01,WANGDUE PHODRANG,BT-24,0.814114,0.003139,0.013227,0.017799,,0.239014,0.042481,0.102691,0.2659878,,0.030313,0.222403,0.017448,0.000455,0.198816,0.2910418,0.00628,0.9879842,0.0,8/1/2025,2025,8
2414,2025-09-01,WANGDUE PHODRANG,BT-24,0.787282,0.003246,0.015102,0.015,,0.219964,0.05244,0.077269,0.2789994,,0.031264,0.251403,0.019107,0.005338,0.211185,0.397858,0.00784,1.0528095,0.0,9/1/2025,2025,9
2433,2025-10-01,WANGDUE PHODRANG,BT-24,0.827523,0.003323,0.014926,0.015487,,0.24568,0.063514,0.095499,0.3391282,,0.031524,0.265072,0.021376,0.002729,0.214635,0.3963024,0.00886,1.102182,0.0,10/1/2025,2025,10
2452,2025-11-01,WANGDUE PHODRANG,BT-24,0.838926,0.002149,0.014506,0.017804,,0.188044,0.076189,0.120963,0.370213,,0.03516,0.25396,0.022781,0.002998,0.29655,0.5194978,0.0093,0.949968,0.0,11/1/2025,2025,11
2471,2025-12-01,WANGDUE PHODRANG,BT-24,0.940855,0.002062,0.014729,0.022984,,0.230798,0.1081,0.131734,0.409566,,0.029612,0.269772,0.020844,0.003653,0.336404,0.6970518,0.01012,1.4845445,0.0,12/1/2025,2025,12
19,2015-01-01,ZHEMGANG,BT-34,0.145449,0.0,0.0,0.0,0.0,0.09042,0.0,0.0,0.028865,0.004975,0.012451,0.061286,0.006888,0.0,0.048251,0.004639,0.0,0.0,0.0,1/31/2015,2015,1
38,2015-02-01,ZHEMGANG,BT-34,0.122595,0.0,0.0,0.0,0.0,0.078614,0.0,0.0,0.024849,0.003692,0.006999,0.060698,0.006228,0.0,0.037969,0.003873,0.0,0.0,0.0,2/28/2015,2015,2
57,2015-03-01,ZHEMGANG,BT-34,0.119273,0.0,0.0,0.0,0.0,0.076842,0.0,0.0,0.022518,0.003567,0.00916,0.048059,0.005267,0.0,0.036226,0.004656,0.0,0.0,0.0,3/31/2015,2015,3
76,2015-04-01,ZHEMGANG,BT-34,0.113271,0.0,0.0,0.0,0.0,0.07729,0.0,0.0,0.022635,0.003209,0.005593,0.060503,0.00568,0.0,0.042993,0.012271,0.0,0.0,0.0,4/30/2015,2015,4
95,2015-05-01,ZHEMGANG,BT-34,0.122262,0.0,0.0,0.0,0.0,0.079166,0.0,0.0,0.022062,0.003416,0.011056,0.06179,0.005661,0.0,0.043993,0.009307,0.0,0.0,0.0,5/31/2015,2015,5
114,2015-06-01,ZHEMGANG,BT-34,0.125543,0.0,0.0,0.0,0.0,0.078406,0.0,0.0,0.023704,0.002924,0.005765,0.063369,0.005797,0.0,0.045541,0.010169,0.0,0.0,0.0,6/30/2015,2015,6
133,2015-07-01,ZHEMGANG,BT-34,0.103049,0.0,0.0,0.0,0.0,0.077229,0.0,0.0,0.020627,0.002833,0.003008,0.058273,0.005203,0.0,0.046954,0.009006,0.0,0.0,0.0,7/31/2015,2015,7
152,2015-08-01,ZHEMGANG,BT-34,0.124181,0.0,0.0,0.0,0.0,0.082083,0.0,0.0,0.023431,0.003246,0.003634,0.060063,0.006192,0.0,0.050563,0.008313,0.0,0.0,0.0,8/31/2015,2015,8
171,2015-09-01,ZHEMGANG,BT-34,0.120334,0.0,0.0,0.0,0.0,0.084596,0.0,0.0,0.023027,0.002798,0.003481,0.072047,0.006702,0.0,0.059396,0.009954,0.0,0.0,0.0,9/30/2015,2015,9
190,2015-10-01,ZHEMGANG,BT-34,0.124776,0.0,0.0,0.0,0.0,0.073,0.0,0.0,0.020488,0.007932,0.003351,0.041396,0.004545,0.0,0.044246,0.010906,0.0,0.0,0.0,10/31/2015,2015,10
209,2015-11-01,ZHEMGANG,BT-34,0.124097,0.0,0.0,0.0,0.0,0.090103,0.0,0.0,0.026497,0.004196,0.005055,0.063792,0.007336,0.0,0.053094,0.015664,0.0,0.0,0.0,11/30/2015,2015,11
228,2015-12-01,ZHEMGANG,BT-34,0.114479,0.0,0.0,0.0,0.0,0.084558,0.0,0.0,0.023967,0.003692,0.004761,0.060383,0.008012,0.0,0.046417,0.010474,0.0,0.0,0.0,12/31/2015,2015,12
247,2016-01-01,ZHEMGANG,BT-34,0.150672,0.0,0.0,0.0,0.0,0.089444,0.0,0.0,0.02617,0.006137,0.005357,0.061446,0.006739,0.0,0.048273,0.006155,0.0,0.0,0.0,1/31/2016,2016,1
266,2016-02-01,ZHEMGANG,BT-34,0.14489,0.0,0.0,0.0,0.0,0.085871,0.0,0.0,0.026239,0.00529,0.004184,0.069159,0.007592,0.0,0.041923,0.003556,0.0,0.0,0.0,2/29/2016,2016,2
285,2016-03-01,ZHEMGANG,BT-34,0.156989,0.0,0.0,0.0,0.0,0.085622,0.0,0.0,0.025855,0.005921,0.003874,0.062672,0.00681,0.0,0.04526,0.009396,0.0,0.0,0.0,3/31/2016,2016,3
304,2016-04-01,ZHEMGANG,BT-34,0.14172,0.0,0.0,0.0,0.0,0.087724,0.0,0.0,0.024803,0.004186,0.005528,0.062342,0.006549,0.0,0.052566,0.012574,0.0,0.0,0.0,4/30/2016,2016,4
323,2016-05-01,ZHEMGANG,BT-34,0.134265,0.0,0.0,0.0,0.0,0.080898,0.0,0.0,0.024175,0.003819,0.00413,0.065797,0.007148,0.0,0.046015,0.013763,0.0,0.0,0.0,5/31/2016,2016,5
342,2016-06-01,ZHEMGANG,BT-34,0.137634,0.0,0.0,0.0,0.0,0.080325,0.0,0.0,0.02371,0.003309,0.003847,0.058148,0.005379,0.0,0.047041,0.012826,0.0,0.0,0.0,6/30/2016,2016,6
361,2016-07-01,ZHEMGANG,BT-34,0.14827,0.0,0.0,0.0,0.0,0.085388,0.0,0.0,0.025128,0.003782,0.005155,0.070454,0.005833,0.0,0.053808,0.012053,0.0,0.0,0.0,7/31/2016,2016,7
380,2016-08-01,ZHEMGANG,BT-34,0.124285,0.0,0.0,0.0,0.0,0.078299,0.0,0.0,0.023933,0.00379,0.004115,0.050379,0.005704,0.0,0.044409,0.009337,0.0,0.0,0.0,8/31/2016,2016,8
399,2016-09-01,ZHEMGANG,BT-34,0.137271,0.0,0.0,0.0,0.0,0.08449,0.0,0.0,0.025194,0.003638,0.005034,0.069022,0.006109,0.0,0.052543,0.013281,0.0,0.0,0.0,9/30/2016,2016,9
418,2016-10-01,ZHEMGANG,BT-34,0.123778,0.0,0.0,0.0,0.0,0.082784,0.0,0.0,0.023896,0.002921,0.004252,0.060332,0.006774,0.0,0.04894,0.011009,0.0,0.0,0.0,10/31/2016,2016,10
437,2016-11-01,ZHEMGANG,BT-34,0.118977,0.0,0.0,0.0,0.0,0.074743,0.0,0.0,0.022848,0.003233,0.004498,0.05595,0.006643,0.0,0.040307,0.011575,0.0,0.0,0.0,11/30/2016,2016,11
456,2016-12-01,ZHEMGANG,BT-34,0.147384,0.0,0.0,0.0,0.0,0.086902,0.0,0.0,0.02545,0.004253,0.005099,0.063105,0.008499,0.0,0.045576,0.009885,0.0,0.0,0.0,12/31/2016,2016,12
475,2017-01-01,ZHEMGANG,BT-34,0.164785,0.0,0.002557,0.003882,0.0,0.093256,0.004787,0.0,0.026457,0.003767,0.005281,0.063455,0.008692,0.0,0.04539,0.004465,0.0,0.0,0.0,1/31/2017,2017,1
494,2017-02-01,ZHEMGANG,BT-34,0.149993,0.000109,0.002485,0.003433,0.0,0.084482,0.003535,0.0,0.023796,0.004746,0.002714,0.064682,0.00836,0.0,0.040093,0.002747,0.0,0.0,0.0,2/28/2017,2017,2
513,2017-03-01,ZHEMGANG,BT-34,0.141071,1e-06,0.0022,0.004529,0.0,0.085551,0.003792,0.0,0.024163,0.003327,0.001752,0.059039,0.007651,0.0,0.040488,0.007675,0.0,0.0,0.0,3/31/2017,2017,3
532,2017-04-01,ZHEMGANG,BT-34,0.143617,6e-05,0.003904,0.003128,0.0,0.09301,0.005152,0.0,0.024138,0.004213,0.002502,0.07249,0.00877,0.0,0.043999,0.011315,0.0,0.0,0.0,4/30/2017,2017,4
551,2017-05-01,ZHEMGANG,BT-34,0.142455,2e-05,0.002953,0.004552,0.0,0.079099,0.003258,0.0,0.021209,0.002448,0.00287,0.054997,0.005475,0.0,0.041786,0.012075,0.0,0.0,0.0,5/31/2017,2017,5
570,2017-06-01,ZHEMGANG,BT-34,0.159581,0.0,0.002873,0.002826,0.0,0.087725,0.003644,0.0,0.02628,0.002357,0.003504,0.06078,0.006453,0.0,0.047659,0.011738,0.0,0.0,0.0,6/30/2017,2017,6
589,2017-07-01,ZHEMGANG,BT-34,0.153981,5e-05,0.003731,0.002781,0.0,0.085442,0.003003,0.0,0.025453,0.0022,0.003107,0.060804,0.007976,0.0,0.043336,0.009505,0.0,0.0,0.0,7/31/2017,2017,7
608,2017-08-01,ZHEMGANG,BT-34,0.145043,1e-05,0.003148,0.002015,0.0,0.083458,0.002665,0.0,0.027093,0.002169,0.005317,0.064819,0.007352,0.0,0.04165,0.005212,0.0,0.0,0.0,8/31/2017,2017,8
627,2017-09-01,ZHEMGANG,BT-34,0.143418,9e-06,0.002688,0.002337,0.0,0.08809,0.0042,0.0,0.02805,0.001992,0.004238,0.063519,0.009027,0.0,0.030865,0.00832,0.0,0.0,0.0,9/30/2017,2017,9
646,2017-10-01,ZHEMGANG,BT-34,0.156255,2e-05,0.002883,0.003151,0.0,0.088864,0.002316,0.0,0.02777,0.00129,0.003329,0.06579,0.011654,0.0,0.035024,0.011812,0.0,0.0,0.0,10/31/2017,2017,10
665,2017-11-01,ZHEMGANG,BT-34,0.142457,0.000331,0.003033,0.002133,0.0,0.093582,0.006267,0.0,0.027634,0.001253,0.003264,0.06855,0.012259,0.0,0.022334,0.014485,0.0,0.0,0.0,11/30/2017,2017,11
684,2017-12-01,ZHEMGANG,BT-34,0.152046,0.000193,0.002969,0.003297,0.0,0.097906,0.006027,0.0,0.024665,0.00146,0.00369,0.074128,0.011063,0.0,0.017433,0.010305,0.0,0.0,0.0,12/31/2017,2017,12
703,2018-01-01,ZHEMGANG,BT-34,0.18742,0.000326,0.004247,0.00535,0.0,0.102313,0.007939,0.0,0.021093,0.001274,0.003993,0.072312,0.011393,0.0,0.017974,0.0054,0.0,0.0,0.0,1/31/2018,2018,1
722,2018-02-01,ZHEMGANG,BT-34,0.213102,0.000509,0.003834,0.007909,0.0,0.10368,0.009998,0.0,0.02108,0.001503,0.002739,0.100445,0.012807,0.0,0.016622,0.005089,0.0,0.0,0.0,2/28/2018,2018,2
741,2018-03-01,ZHEMGANG,BT-34,0.178593,0.001772,0.002905,0.004641,0.0,0.092663,0.009562,0.0,0.019735,0.001481,0.001767,0.081563,0.011349,0.0,0.012089,0.007757,0.0,0.0,0.0,3/31/2018,2018,3
760,2018-04-01,ZHEMGANG,BT-34,0.173261,0.000584,0.00368,0.00476,0.0,0.088865,0.008129,0.0,0.025648,0.001419,0.003111,0.086226,0.009044,0.0,0.014051,0.010237,0.0,0.0,0.0,4/30/2018,2018,4
779,2018-05-01,ZHEMGANG,BT-34,0.165218,0.000601,0.003753,0.005165,0.0,0.08732,0.006718,0.0,0.027112,0.00134,0.002588,0.080189,0.01062,0.0,0.013659,0.012546,0.0,0.0,0.0,5/31/2018,2018,5
798,2018-06-01,ZHEMGANG,BT-34,0.18307,0.000691,0.003677,0.005141,0.0,0.095087,0.005965,0.0,0.030968,0.00096,0.002963,0.093532,0.00991,0.0,0.010214,0.014135,0.0,0.0,0.0,6/30/2018,2018,6
817,2018-07-01,ZHEMGANG,BT-34,0.191085,0.000572,0.004722,0.004388,0.0,0.094476,0.004799,0.0,0.030268,0.000894,0.004344,0.075021,0.00799,0.0,0.009326,0.01302,0.0,0.0,0.0,7/31/2018,2018,7
836,2018-08-01,ZHEMGANG,BT-34,0.206207,0.000501,0.006377,0.003892,0.0,0.095385,0.005278,0.0,0.033235,0.00125,0.00366,0.07887,0.006981,0.0,0.009037,0.007094,0.0,0.0,0.0,8/31/2018,2018,8
855,2018-09-01,ZHEMGANG,BT-34,0.186556,0.000731,0.005183,0.00347,0.0,0.10028,0.006267,0.0,0.032037,0.001226,0.004771,0.097271,0.008419,0.0,0.007814,0.017324,0.0,0.0,0.0,9/30/2018,2018,9
874,2018-10-01,ZHEMGANG,BT-34,0.174103,0.000679,0.00391,0.003526,0.0,0.090895,0.004971,0.0,0.030306,0.000642,0.003908,0.087917,0.008449,0.0,0.005422,0.012666,0.0,0.0,0.0,10/31/2018,2018,10
893,2018-11-01,ZHEMGANG,BT-34,0.181476,0.000847,0.00394,0.004769,0.0,0.098337,0.006999,0.0,0.029555,0.001147,0.001829,0.090268,0.010329,0.0,0.004976,0.014874,0.0,0.0,0.0,11/30/2018,2018,11
912,2018-12-01,ZHEMGANG,BT-34,0.178194,0.000478,0.003646,0.004496,0.0,0.100209,0.007386,0.0,0.028333,0.001152,0.003813,0.086074,0.00956,0.0,0.007092,0.01083,0.0,0.0,0.0,12/31/2018,2018,12
931,2019-01-01,ZHEMGANG,BT-34,0.212147,0.000343,0.004889,0.005117,0.0,0.109149,0.008139,0.0,0.027878,0.001108,0.003861,0.083499,0.010197,0.0,0.005888,0.006341,0.0,0.0,0.0,1/31/2019,2019,1
950,2019-02-01,ZHEMGANG,BT-34,0.193384,0.000531,0.004736,0.004964,0.0,0.102834,0.009383,0.0,0.02977,0.001052,0.00571,0.088854,0.011909,0.0,0.003444,0.004789,0.0,0.0,0.0,2/28/2019,2019,2
969,2019-03-01,ZHEMGANG,BT-34,0.162647,0.000173,0.003324,0.003317,0.0,0.101192,0.008019,0.0,0.0286,0.000787,0.003853,0.081267,0.00833,0.0,0.003421,0.009296,0.0,0.0,0.0,3/31/2019,2019,3
988,2019-04-01,ZHEMGANG,BT-34,0.194394,0.000237,0.004393,0.005328,0.0,0.093929,0.008862,0.0,0.030802,0.000712,0.004246,0.097066,0.005811,0.0,0.003447,0.0136,0.0,0.0,0.0,4/30/2019,2019,4
1007,2019-05-01,ZHEMGANG,BT-34,0.191964,0.000308,0.003369,0.005494,0.0,0.086511,0.006568,0.0,0.029847,0.000922,0.00192,0.086861,0.007443,0.0,0.003226,0.014867,0.0,0.0,0.0,5/31/2019,2019,5
1026,2019-06-01,ZHEMGANG,BT-34,0.187905,0.000115,0.003923,0.003446,0.0,0.088914,0.004851,0.0,0.030657,0.000686,0.002067,0.096201,0.006273,0.0,0.003193,0.018984,0.0,0.0,0.0,6/30/2019,2019,6
1045,2019-07-01,ZHEMGANG,BT-34,0.192953,0.000189,0.004054,0.004199,0.0,0.091325,0.005883,0.0,0.035347,0.000906,0.001577,0.085527,0.006663,0.0,0.003547,0.013111,0.0,0.0,0.0,7/31/2019,2019,7
1064,2019-08-01,ZHEMGANG,BT-34,0.187758,0.00023,0.004127,0.004716,0.0,0.0925,0.005316,0.0,0.032798,0.00069,0.001835,0.089057,0.009092,0.0,0.003589,0.006926,0.0,0.0,0.0,8/31/2019,2019,8
1083,2019-09-01,ZHEMGANG,BT-34,0.200909,0.000167,0.004621,0.005342,0.0,0.096373,0.005826,0.0,0.035151,0.001444,0.001736,0.091362,0.005077,0.0,0.003791,0.018292,0.0,0.0,0.0,9/30/2019,2019,9
1102,2019-10-01,ZHEMGANG,BT-34,0.210439,0.000296,0.004689,0.004838,0.0,0.091203,0.006065,0.0,0.040117,0.001496,0.001388,0.101064,0.004804,0.0,0.003987,0.021722,0.0,0.0,0.0,10/31/2019,2019,10
1121,2019-11-01,ZHEMGANG,BT-34,0.185899,0.000453,0.004799,0.00418,0.0,0.080826,0.005633,0.0,0.0309,0.000949,0.003205,0.085423,0.007577,0.0,0.001801,0.021261,0.0,0.0,0.0,11/30/2019,2019,11
1140,2019-12-01,ZHEMGANG,BT-34,0.185932,0.000554,0.003785,0.005439,0.0,0.086567,0.008025,0.0,0.033214,0.001057,0.006727,0.085934,0.009101,0.0,0.002525,0.012236,0.0,0.0,0.0,12/31/2019,2019,12
1159,2020-01-01,ZHEMGANG,BT-34,0.212876,0.000473,0.00468,0.006469,0.0,0.106667,0.011113,0.007425,0.028612,0.00035,0.00868,0.094933,0.007041,0.0,0.003234,0.009146,0.0,0.0,0.0,1/31/2020,2020,1
1178,2020-02-01,ZHEMGANG,BT-34,0.24873,0.000745,0.004332,0.011177,0.0,0.106884,0.011658,0.006978,0.029062,0.000255,0.004041,0.100742,0.008404,0.0,0.002437,0.008926,0.0,0.0,0.0,2/29/2020,2020,2
1197,2020-03-01,ZHEMGANG,BT-34,0.210226,0.00021,0.00428,0.007142,0.0,0.104555,0.010493,0.005196,0.026986,0.000288,0.004607,0.103092,0.008299,0.0,0.004074,0.015789,0.0,0.0,0.0,3/31/2020,2020,3
1216,2020-04-01,ZHEMGANG,BT-34,0.203656,0.000664,0.004242,0.00649,0.0,0.096119,0.008398,0.005553,0.027376,0.000633,0.006699,0.093533,0.008016,0.0,0.003193,0.012204,0.0,0.0,0.0,4/30/2020,2020,4
1235,2020-05-01,ZHEMGANG,BT-34,0.20153,0.000382,0.003856,0.005024,0.0,0.088047,0.007524,0.005361,0.02561,0.000377,0.004225,0.074405,0.006733,0.0,0.005638,0.00686,0.0,0.0,0.0,5/31/2020,2020,5
1254,2020-06-01,ZHEMGANG,BT-34,0.209629,0.00049,0.005426,0.005292,0.0,0.083918,0.006037,0.006178,0.026351,0.000399,0.004565,0.078294,0.009972,0.0,0.003607,0.007088,0.0,0.0,0.0,6/30/2020,2020,6
1273,2020-07-01,ZHEMGANG,BT-34,0.234806,0.000492,0.005164,0.004401,0.0,0.097128,0.005172,0.007723,0.029454,0.000496,0.003227,0.083422,0.009868,0.0,0.00512,0.009962,0.0,0.0,0.0,7/31/2020,2020,7
1292,2020-08-01,ZHEMGANG,BT-34,0.21505637,0.00033535,0.00473601,0.00444281,0.0,0.08268835,0.00520015,0.006436,0.02482252,0.00031197,0.00274338,0.07772581,0.0077675,0.0,0.0099402,0.01078612,0.0,0.0,0.0,8/31/2020,2020,8
1311,2020-09-01,ZHEMGANG,BT-34,0.22333717,0.0004449,0.00475263,0.00485526,0.0,0.08840893,0.00565655,0.00705453,0.02947611,0.0004067,0.00213889,0.0804545,0.00930253,0.0,0.00618142,0.01430983,0.0,0.0,0.0,9/30/2020,2020,9
1330,2020-10-01,ZHEMGANG,BT-34,0.21162548,0.00042875,0.00452636,0.00266559,0.0,0.08562387,0.0055173,0.00579147,0.02454237,0.0002107,0.00152136,0.07946712,0.00446497,0.0,0.01978638,0.01903804,0.0,0.0,0.0,10/31/2020,2020,10
1349,2020-11-01,ZHEMGANG,BT-34,0.21011498,0.000494,0.004834,0.00350534,0.0,0.07988385,0.005139,0.006481,0.026897,0.000676,0.002495,0.07676705,0.007119,0.0,0.006104,0.01701201,0.0,0.0,0.0,11/30/2020,2020,11
1368,2020-12-01,ZHEMGANG,BT-34,0.202321,0.000278,0.003809,0.00517,0.0,0.093859,0.005275,0.0063,0.02345,0.000579,0.002572,0.081861,0.005633,0.0,0.010475,0.011277,0.0,0.0,0.0,12/31/2020,2020,12
1387,2021-01-01,ZHEMGANG,BT-34,0.268021,0.000502,0.004334,0.005602,0.0,0.125018,0.014784,0.009087,0.02605,0.000586,0.003196,0.113656,0.01063,0.0,0.010203,0.016471,0.0,0.0,0.0,1/31/2021,2021,1
1406,2021-02-01,ZHEMGANG,BT-34,0.235893,0.000212,0.003844,0.003891,0.0,0.098092,0.010963,0.007112,0.027549,0.000297,0.001387,0.10834,0.006765,0.0,0.005886,0.020278,0.0,0.0,0.0,2/28/2021,2021,2
1425,2021-03-01,ZHEMGANG,BT-34,0.200701,0.000287,0.00334,0.005143,0.0,0.078363,0.006822,0.005765,0.028693,0.000301,0.001576,0.096846,0.005869,0.0,0.007552,0.015765,0.0,0.0,0.0,3/31/2021,2021,3
1444,2021-04-01,ZHEMGANG,BT-34,0.214205,0.000309,0.004033,0.004476,0.0,0.082484,0.006794,0.007773,0.030502,0.000299,0.00173,0.101871,0.007182,0.0,0.014608,0.017292,0.0,0.0,0.0,4/30/2021,2021,4
1463,2021-05-01,ZHEMGANG,BT-34,0.211946,8e-06,0.004357,0.004732,0.0,0.075954,0.009573,0.007692,0.034307,0.000474,0.002057,0.092722,0.013615,0.0,0.009375,0.023683,0.0,0.0,0.0,5/31/2021,2021,5
1482,2021-06-01,ZHEMGANG,BT-34,0.205893,6.1e-05,0.004888,0.004318,0.0,0.070807,0.009794,0.008766,0.030264,0.00031,0.001358,0.09425,0.008522,0.0,0.008822,0.029833,0.0,0.0,0.0,6/30/2021,2021,6
1501,2021-07-01,ZHEMGANG,BT-34,0.240214,9.6e-05,0.005388,0.004472,0.0,0.081207,0.004106,0.010712,0.03791,5.1e-05,0.001502,0.10752,0.012721,0.0,0.005218,0.02815,0.0,0.0,0.0,7/31/2021,2021,7
1520,2021-08-01,ZHEMGANG,BT-34,0.246427,0.000209,0.006288,0.005373,0.0,0.076002,0.004246,0.010255,0.031587,3.8e-05,0.001479,0.101712,0.006189,0.0,0.004112,0.026352,0.0,0.0,0.0,8/31/2021,2021,8
1539,2021-09-01,ZHEMGANG,BT-34,0.235899,0.000297,0.005066,0.004331,0.0,0.081905,0.00421,0.010169,0.032719,4.8e-05,0.001399,0.101533,0.007283,0.0,0.007574,0.028724,0.0,0.0,0.0,9/30/2021,2021,9
1558,2021-10-01,ZHEMGANG,BT-34,0.227748,9.3e-05,0.004868,0.004219,0.0,0.07874,0.004849,0.010336,0.033917,5.7e-05,0.001114,0.100933,0.006077,0.0,0.007186,0.033067,0.0,0.0,0.0,10/31/2021,2021,10
1577,2021-11-01,ZHEMGANG,BT-34,0.228119,0.000133,0.005038,0.004625,0.0,0.081532,0.006068,0.009332,0.035025,2.6e-05,0.001043,0.100137,0.007944,0.0,0.006999,0.026012,0.0,0.0,0.0,11/30/2021,2021,11
1596,2021-12-01,ZHEMGANG,BT-34,0.241158,0.000173,0.003959,0.006377,0.0,0.094977,0.006663,0.008229,0.032978,4.6e-05,0.00143,0.104068,0.009447,0.0,0.008939,0.022244,0.0,0.0,0.0,12/31/2021,2021,12
1614,2022-01-01,ZHEMGANG,BT-34,0.288846,8.3e-05,0.00471,0.006992,0.0,0.111078,0.013043,0.009247,0.040633,4.2e-05,0.001134,0.118411,0.007518,0.0,0.009474,0.01708,0.0,0.0,0.0,1/31/2022,2022,1
1632,2022-02-01,ZHEMGANG,BT-34,0.296593,0.000301,0.005148,0.006603,0.0,0.117445,0.013869,0.009025,0.037113,0.0,0.000468,0.11919053,0.007592,0.0,0.020484,0.017795,0.0,0.0,0.0,2/28/2022,2022,2
1650,2022-03-01,ZHEMGANG,BT-34,0.250538,0.000574,0.00469,0.005111,0.0,0.11051004,0.012977,0.010091,0.038474,0.0,0.000504,0.11964768,0.00536,0.0,0.010472,0.019769,0.0,0.0,0.0,3/31/2022,2022,3
1668,2022-04-01,ZHEMGANG,BT-34,0.239313,0.000332,0.005099,0.004707,0.0,0.08603296,0.009917,0.007578,0.03380641,0.0,0.000985,0.0959929,0.00849,0.0,0.013269,0.008619,0.0,0.0,0.0,4/30/2022,2022,4
1686,2022-05-01,ZHEMGANG,BT-34,0.242209,0.000176,0.005084,0.005189,0.0,0.07694972,0.006081,0.010389,0.03821659,0.0,0.00099074,0.10717985,0.007425,0.0,0.011666,0.017903,0.0,0.0,0.0,5/31/2022,2022,5
1704,2022-06-01,ZHEMGANG,BT-34,0.24548884,0.000137,0.00402,0.005025,0.0,0.07248028,0.006865,0.01134,0.03707413,0.0,0.00143122,0.1126742,0.00724,0.0,0.014485,0.022494,0.0,0.0,0.0,6/30/2022,2022,6
1722,2022-07-01,ZHEMGANG,BT-34,0.23991418,7.3e-05,0.004954,0.004734,0.0,0.076825,0.005966,0.013005,0.03335895,0.0,0.00127004,0.10950394,0.009885,0.0,0.008445,0.024068,0.0,0.0,0.0,7/31/2022,2022,7
1740,2022-08-01,ZHEMGANG,BT-34,0.26331098,7.6e-05,0.004885,0.004944,0.0,0.07831038,0.006433,0.010923,0.03733016,0.0,0.001325,0.10969359,0.009389,0.0,0.002154,0.026021,0.0,0.0,0.0,8/31/2022,2022,8
1758,2022-09-01,ZHEMGANG,BT-34,0.24096,0.00016,0.004498,0.004459,0.0,0.072838,0.005692,0.009345,0.043341,0.0,0.00064,0.099207,0.01135,0.0,0.004586,0.020251,0.0,0.0,0.0,9/30/2022,2022,9
1776,2022-10-01,ZHEMGANG,BT-34,0.24096,0.00016,0.004498,0.004459,0.0,0.072838,0.005692,0.009345,0.043341,0.0,0.00064,0.099207,0.01135,0.0,0.004586,0.020251,0.0,0.0,0.0,10/31/2022,2022,10
1794,2022-11-01,ZHEMGANG,BT-34,0.213208,0.000412,0.004102,0.004496,0.0,0.072425,0.005524,0.008261,0.033877,0.0,0.00051,0.094809,0.008772,0.0,0.007306,0.017055,0.0,0.0,0.0,11/30/2022,2022,11
1812,2022-12-01,ZHEMGANG,BT-34,0.26001628,0.000164,0.004475,0.006454,0.0,0.09336661,0.009038,0.008469,0.03845001,0.0,0.000774,0.105485,0.009785,0.0,0.00774,0.018536,0.0,0.0,0.0,12/31/2022,2022,12
1830,2023-01-01,ZHEMGANG,BT-34,0.31180272,0.000123,0.004589,0.007199,0.0,0.11904839,0.013583,0.013723,0.04530037,0.0,0.000399,0.13662,0.013021,0.0,0.011135,0.019856,0.0,0.0,0.0,1/31/2023,2023,1
1848,2023-02-01,ZHEMGANG,BT-34,0.316552,0.000205,0.005118,0.006798,0.0,0.09872236,0.01126,0.01886,0.04067968,0.0,0.000753,0.118118,0.009199,0.0,0.008546,0.01565,0.0,0.0,0.0,2/28/2023,2023,2
1866,2023-03-01,ZHEMGANG,BT-34,0.32731996,0.000161,0.003734,0.006411,0.0,0.08498859,0.008105,0.015495,0.04545559,0.0,0.000477,0.09958,0.011121,0.0,0.004635,0.0,0.0,0.0,0.0,3/31/2023,2023,3
1884,2023-04-01,ZHEMGANG,BT-34,0.28347304,0.00022,0.00463,0.007978,0.0,0.09456444,0.011839,0.015888,0.03874269,0.0,0.000593,0.124436,0.012044,0.0,0.004352,0.037523,0.0,0.0,0.0,4/30/2023,2023,4
1902,2023-05-01,ZHEMGANG,BT-34,0.25426134,0.000481,0.004512,0.00591,0.0,0.07681147,0.007368,0.012854,0.04144429,0.0,0.000638,0.099405,0.009657,0.0,0.009057,0.057373,0.0,0.0,0.0,5/31/2023,2023,5
1920,2023-06-01,ZHEMGANG,BT-34,0.26648366,0.000316,0.004632,0.006479,0.0,0.07143214,0.005396,0.01514,0.03516037,0.0,0.000738,0.106468,0.014252,0.0,0.006572,0.085208,0.0,0.0,0.0,6/30/2023,2023,6
1938,2023-07-01,ZHEMGANG,BT-34,0.289284,0.00023,0.005035,0.005659,0.0,0.077445,0.006545,0.012965,0.039274,0.0,0.00077,0.108631,0.010607,0.0,0.008433,0.069797,0.0,0.0,0.0,7/31/2023,2023,7
1956,2023-08-01,ZHEMGANG,BT-34,0.284728,0.000336,0.005293,0.005225,0.0,0.068791,0.005417,0.00828,0.034639,0.0,0.000746,0.102767,0.008945,0.0,0.005677,0.061465,0.0,0.0,0.0,8/31/2023,2023,8
1974,2023-09-01,ZHEMGANG,BT-34,0.28793124,0.000199,0.004818,0.004952,0.0,0.08138302,0.006835,0.008434,0.036178,0.0,0.000643,0.129693,0.010884,0.0,0.00519,0.116635,0.0,0.0,0.0,9/30/2023,2023,9
1992,2023-10-01,ZHEMGANG,BT-34,0.27429662,0.000215,0.005215,0.004446,0.0,0.07700841,0.007475,0.008593,0.039474,0.0,0.000653,0.131145,0.010516,0.0,0.008843,0.078663,0.0,0.0,0.0,10/31/2023,2023,10
2010,2023-11-01,ZHEMGANG,BT-34,0.26965026,0.000111,0.005094,0.00564913,0.0,0.07638757,0.007103,0.008394,0.035034,0.0,0.000734,0.110539,0.012101,0.0,0.013538,0.090032,0.0,0.0,0.0,11/30/2023,2023,11
2028,2023-12-01,ZHEMGANG,BT-34,0.2807874,0.000419,0.004907,0.00693487,0.0,0.08732728,0.00983,0.008142,0.035342,0.0,0.000628,0.108221,0.011724,0.0,0.011628,0.095244,0.0,0.0,0.0,12/31/2023,2023,12
2046,2024-01-01,ZHEMGANG,BT-34,0.33617448,0.00012,0.004409,0.005744,0.0,0.11004272,0.010272,0.010012,0.043224,0.0,0.000529,0.132429,0.012158,0.0,0.014687,0.098659,0.0,0.0,0.0,1/31/2024,2024,1
2064,2024-02-01,ZHEMGANG,BT-34,0.34803014,8.8e-05,0.004683,0.008285,0.0,0.10043664,0.012677,0.011185,0.04773809,0.0,0.000328,0.11690857,0.013111,0.0,0.010335,0.096047,0.0,0.0,0.0,2/29/2024,2024,2
2082,2024-03-01,ZHEMGANG,BT-34,0.30392716,0.000271,0.004515,0.007949,0.0,0.10550213,0.01188,0.008115,0.04455291,0.0,0.000327,0.12127843,0.01208,0.0,0.024013,0.095578,0.0,0.0,0.0,3/31/2024,2024,3
2100,2024-04-01,ZHEMGANG,BT-34,0.2903328,0.000198,0.004106,0.00711732,0.0,0.09012143,0.008005,0.007875,0.041268,0.0,0.0003,0.114506,0.011342,0.0,0.024207,0.101591,0.0,0.0,0.0,4/30/2024,2024,4
2118,2024-05-01,ZHEMGANG,BT-34,0.27983187,0.000211,0.005087,0.00601909,0.0,0.07834613,0.006361,0.007705,0.040744,0.0,0.000441,0.106876,0.015707,0.0,0.02298,0.100674,0.0,0.0,0.0,5/31/2024,2024,5
2136,2024-06-01,ZHEMGANG,BT-34,0.38403521,0.000218,0.00484,0.00682159,0.0,0.07803667,0.008944,0.007701,0.0402146,0.0,0.00060927,0.11461858,0.012669,0.0,0.025131,0.070343,0.0,0.0,0.0,6/30/2024,2024,6
2154,2024-07-01,ZHEMGANG,BT-34,0.29021228,0.000188,0.005504,0.006711,0.0,0.07631979,0.007401,0.0091,0.03862894,0.0,0.00056673,0.11406221,0.011969,0.0,0.030177,0.087342,0.0,0.0,0.0,7/31/2024,2024,7
2172,2024-08-01,ZHEMGANG,BT-34,0.3274634,0.000346,0.005983,0.006439,0.0,0.08366321,0.007021,0.00837,0.03986774,0.0,0.00067,0.12508494,0.013349,0.0,0.02868,0.075732,0.00016,0.0,0.0,8/31/2024,2024,8
2190,2024-09-01,ZHEMGANG,BT-34,0.31379454,0.000462,0.005807,0.006053,0.0,0.081978,0.006798,0.007949,0.04476472,0.0,0.000739,0.13260504,0.012632,0.0,0.022477,0.097783,0.0,0.0,0.0,9/30/2024,2024,9
2208,2024-10-01,ZHEMGANG,BT-34,0.31875226,0.000335,0.005555,0.006537,0.0,0.076852,0.007384,0.009361,0.040451,0.0,0.000832,0.14033914,0.012458,0.0,0.020621,0.088363,0.0,0.0,0.0,10/31/2024,2024,10
2226,2024-11-01,ZHEMGANG,BT-34,0.31403534,0.000338,0.00552,0.006992,0.0,0.08615,0.009965,0.008682,0.047205,0.0,0.000814,0.13006678,0.014878,0.0,0.023334,0.084254,0.0,0.0,0.0,11/30/2024,2024,11
2244,2024-12-01,ZHEMGANG,BT-34,0.308363,0.001316,0.005435,0.009481,0.0,0.096078,0.011676,0.00799,0.043388,0.0,0.001197,0.12636407,0.014069,0.0,0.019069,0.092754,0.0,0.0,0.0,12/31/2024,2024,12
2263,2025-01-01,ZHEMGANG,BT-34,0.37391267,0.000585,0.004961,0.01202,0.0,0.12658084,0.01536,0.010207,0.059447,0.0,0.000928,0.14021683,0.016095,0.0,0.017475,0.100089,0.0,0.0,0.0,1/31/2025,2025,1
2282,2025-02-01,ZHEMGANG,BT-34,0.33792433,0.000134,0.005655,0.009064,0.0,0.10277605,0.011527,0.008722,0.044026,0.0,0.00083,0.12037088,0.014747,0.0,0.021189,0.098842,0.0,0.0,0.0,2/28/2025,2025,2
2301,2025-03-01,ZHEMGANG,BT-34,0.326523,0.000247,0.00509,0.009608,0.0,0.10886801,0.010875,0.008667,0.044371,0.0,0.000693,0.13121828,0.016699,0.0,0.019554,0.093923,0.00016,0.0,0.0,3/31/2025,2025,3
2320,2025-04-01,ZHEMGANG,BT-34,0.300567,0.00022,0.005238,0.009782,,0.0962551,0.01097,0.00797,0.04636,,0.000562,0.14502163,0.015051,,0.018886,0.091325,,0.0,0.0,4/30/2025,2025,4
2339,2025-05-01,ZHEMGANG,BT-34,0.290729,0.000333,0.005804,0.008124,,0.084938,0.015635,0.006106,0.048238,0.002933,0.000884,0.14992365,0.015478,,0.015062,0.07447,8e-05,0.0,0.0,5/31/2025,2025,5
2358,2025-06-01,ZHEMGANG,BT-34,0.277508,0.000222,0.004677,0.007582,,0.072931,0.012445,0.005183,0.048043,0.00457,0.000972,0.14870197,0.010976,1.5e-05,0.007579,0.057821,,0.0,0.0,6/1/2025,2025,6
2377,2025-07-01,ZHEMGANG,BT-34,0.29726,0.000375,0.005189,0.006732,,0.07676348,0.011818,0.005698,0.05448,0.002974,0.001681,0.161404,0.012404,1.7e-05,0.007696,0.042709,,0.0,0.0,7/1/2025,2025,7
2396,2025-08-01,ZHEMGANG,BT-34,0.304874,0.0004,0.00527,0.009423,,0.08245852,0.011496,0.005966,0.055419,0.003725,0.001755,0.171008,0.012761,2e-05,0.011685,0.052084,,0.0,0.0,8/1/2025,2025,8
2415,2025-09-01,ZHEMGANG,BT-34,0.300636,0.000433,0.004927,0.006731,,0.07336213,0.013142,0.005007,0.048119,0.003298,0.001751,0.173526,0.010486,8e-06,0.009775,0.059395,,0.0,0.0,9/1/2025,2025,9
2434,2025-10-01,ZHEMGANG,BT-34,0.307277,0.000376,0.005394,0.008157,,0.07618742,0.011658,0.00475,0.047428,0.002404,0.001584,0.164117,0.014759,9e-06,0.012995,0.054149,,0.0,0.0,10/1/2025,2025,10
2453,2025-11-01,ZHEMGANG,BT-34,0.29059479,0.000658,0.004804,0.006528,,0.07590951,0.014363,0.005,0.046978,0.003736,0.001322,0.161434,0.014042,1.3e-05,0.014396,0.04822,,0.0,0.0,11/1/2025,2025,11
2472,2025-12-01,ZHEMGANG,BT-34,0.31392321,0.000338,0.005126,0.00894,,0.09122561,0.01536,0.005019,0.051672,0.002001,0.0013,0.169688,0.014725,,0.014476,0.066117,,0.0,0.0,12/1/2025,2025,12
